{
    "betas": [
        0.7346706390380859,
        -1.3884203433990479,
        0.5921152830123901,
        -2.0383360385894775,
        0.9466447830200195,
        -0.541568398475647,
        2.0594966411590576,
        -1.465659260749817,
        0.21967193484306335,
        -3.4435007572174072
    ],
    "global_orient": [
        -0.13936714828014374,
        -0.46418678760528564,
        -0.03545920550823212
    ],
    "body_pose": [
        0.021275395527482033,
        -0.08194904029369354,
        0.026645902544260025,
        0.02805308625102043,
        0.3545818030834198,
        -0.006189975421875715,
        0.22781431674957275,
        -0.00766495056450367,
        0.06869406998157501,
        0.2043498307466507,
        -0.187546968460083,
        0.009532447904348373,
        0.24768684804439545,
        -0.0568830743432045,
        0.029478874057531357,
        0.025919849053025246,
        0.07504253834486008,
        -0.03924905136227608,
        -0.00953228585422039,
        -0.249407097697258,
        -2.4797816422506003e-06,
        -0.025214985013008118,
        -0.13363194465637207,
        -9.136973062595644e-07,
        -0.14541654288768768,
        0.050348859280347824,
        -0.03289869800209999,
        3.252446276746923e-07,
        -9.837372090260033e-07,
        -1.3893118477881217e-07,
        -7.418333325404092e-08,
        4.186286730600841e-07,
        2.2623397910592757e-07,
        0.15356101095676422,
        -0.02603316679596901,
        0.03265896812081337,
        -0.1742059737443924,
        -0.42456477880477905,
        0.12920808792114258,
        -0.17614653706550598,
        0.4059482216835022,
        -0.04096059873700142,
        -0.12942855060100555,
        -0.005927814170718193,
        0.008874491788446903,
        0.06196238100528717,
        -0.9523672461509705,
        -0.20271700620651245,
        0.056442126631736755,
        0.8690659999847412,
        0.10182102024555206,
        -0.038234319537878036,
        -1.192959189414978,
        0.4751201868057251,
        0.14478866755962372,
        1.326454520225525,
        -0.023420128971338272,
        0.0282389335334301,
        -0.18880973756313324,
        0.3250616490840912,
        0.4812002182006836,
        0.24250128865242004,
        -0.11245710402727127
    ],
    "transl": [
        0.07626345008611679,
        1.6215031147003174,
        -0.022296158596873283
    ],
    "left_hand_pose": [
        -1.5865436792373657,
        0.6420474648475647,
        0.9523787498474121,
        -0.8772009015083313,
        -0.012540449388325214,
        -0.10841359198093414,
        0.674113392829895,
        -1.2865490913391113,
        -3.5123088359832764,
        -1.9954545497894287,
        0.6461592316627502,
        -2.795649290084839
    ],
    "right_hand_pose": [
        -1.4969482421875,
        0.8820187449455261,
        -0.017241382971405983,
        -1.2397406101226807,
        0.3014841079711914,
        0.6553653478622437,
        0.0756276398897171,
        -0.7697618007659912,
        -2.090921401977539,
        -1.3312389850616455,
        0.3609085977077484,
        -3.4376673698425293
    ],
    "jaw_pose": [
        0.0026564369909465313,
        0.015886077657341957,
        -0.025756940245628357
    ],
    "leye_pose": [
        0.13346539437770844,
        -0.32615652680397034,
        -0.6400598883628845
    ],
    "reye_pose": [
        -0.051514554768800735,
        -0.22960035502910614,
        -0.33959025144577026
    ],
    "expression": [
        -0.9280046224594116,
        -0.5467432141304016,
        -0.11369872093200684,
        0.19845964014530182,
        -0.5128121376037598,
        -0.7859429717063904,
        -0.13108110427856445,
        0.4452163279056549,
        -0.12283670902252197,
        0.3256542384624481
    ]
}