{
    "betas": [
        0.7346706390380859,
        -1.3884203433990479,
        0.5921152830123901,
        -2.0383360385894775,
        0.9466447830200195,
        -0.541568398475647,
        2.0594966411590576,
        -1.465659260749817,
        0.21967193484306335,
        -3.4435007572174072
    ],
    "global_orient": [
        -0.11917497217655182,
        -0.3131495714187622,
        -0.034916024655103683
    ],
    "body_pose": [
        -0.057648610323667526,
        -0.014174419455230236,
        0.1006026566028595,
        0.07197128981351852,
        0.1663505584001541,
        0.029411036521196365,
        0.22378525137901306,
        -0.0522996187210083,
        0.04203042760491371,
        0.2897215485572815,
        0.03930862620472908,
        0.027305200695991516,
        0.1396784633398056,
        -0.033006589859724045,
        0.020140349864959717,
        -0.02636806294322014,
        0.012832747772336006,
        0.00778024410828948,
        0.14310011267662048,
        0.1634383499622345,
        -1.9994486137875356e-06,
        0.02186458557844162,
        -0.11410905420780182,
        -9.800520928138212e-08,
        -0.16199462115764618,
        -0.0046216510236263275,
        -0.016987644135951996,
        1.4086363080423325e-06,
        3.1589038940182945e-07,
        -1.524845174571965e-07,
        -1.0122032279014093e-07,
        2.9511974730667134e-07,
        4.3611530031739676e-07,
        0.1943286955356598,
        -0.010793297551572323,
        0.05466902628540993,
        -0.1698950082063675,
        -0.3179236054420471,
        0.2457261085510254,
        -0.17783686518669128,
        0.31997761130332947,
        -0.24586352705955505,
        -0.1383824199438095,
        0.030999714508652687,
        -0.027745945379137993,
        -0.017543286085128784,
        -0.6405903100967407,
        0.3797614276409149,
        -0.006515586283057928,
        0.7740597128868103,
        -0.3708432912826538,
        -0.13336308300495148,
        -0.9241638779640198,
        0.4990237355232239,
        0.030573954805731773,
        1.0856132507324219,
        -0.3811245262622833,
        -0.1426219493150711,
        -0.17452898621559143,
        0.46326613426208496,
        0.13172487914562225,
        0.24132487177848816,
        -0.23645755648612976
    ],
    "transl": [
        0.0408913753926754,
        1.6276757717132568,
        -0.035017360001802444
    ],
    "left_hand_pose": [
        -1.6109709739685059,
        0.6895694732666016,
        0.04914616048336029,
        -1.0743764638900757,
        -0.44367748498916626,
        0.7261905670166016,
        0.12344764173030853,
        -0.5231333374977112,
        -1.430745244026184,
        -0.7347846031188965,
        1.1308718919754028,
        -1.9896506071090698
    ],
    "right_hand_pose": [
        -1.420171856880188,
        1.246944785118103,
        0.19851139187812805,
        -1.292716145515442,
        0.1867549568414688,
        0.5470125675201416,
        0.8427178263664246,
        -0.9888484477996826,
        -1.7807849645614624,
        -1.1009219884872437,
        1.0810459852218628,
        -1.6940640211105347
    ],
    "jaw_pose": [
        0.01790391467511654,
        0.021627206355333328,
        -0.032664522528648376
    ],
    "leye_pose": [
        -0.24511975049972534,
        -0.2945922315120697,
        -0.616974413394928
    ],
    "reye_pose": [
        -0.1037646010518074,
        -0.3098752200603485,
        -0.3807922303676605
    ],
    "expression": [
        -0.7274243235588074,
        -0.48706480860710144,
        -0.12507657706737518,
        0.120665542781353,
        -0.46144428849220276,
        -0.5389920473098755,
        -0.12699592113494873,
        0.3716724216938019,
        -0.2242705225944519,
        0.2378697246313095
    ]
}