{
    "betas": [
        0.7346706390380859,
        -1.3884203433990479,
        0.5921152830123901,
        -2.0383360385894775,
        0.9466447830200195,
        -0.541568398475647,
        2.0594966411590576,
        -1.465659260749817,
        0.21967193484306335,
        -3.4435007572174072
    ],
    "global_orient": [
        -0.13295893371105194,
        -0.3210090398788452,
        -0.010566188022494316
    ],
    "body_pose": [
        0.021378569304943085,
        -0.060721881687641144,
        -0.021908430382609367,
        -0.018800189718604088,
        0.21842148900032043,
        -0.009138282388448715,
        0.14977632462978363,
        0.10457317531108856,
        0.0024901044089347124,
        0.225384920835495,
        0.03392663598060608,
        0.006731503177434206,
        0.2232658714056015,
        -0.05118768289685249,
        0.015143033117055893,
        0.01776622049510479,
        -0.02115349844098091,
        -0.018168553709983826,
        0.030990267172455788,
        0.1855802983045578,
        -4.988348223378125e-07,
        -0.01874161884188652,
        -0.16885045170783997,
        -1.7544056163387722e-06,
        -0.09951948374509811,
        -0.12854504585266113,
        -0.08969763666391373,
        1.7262432265852112e-06,
        8.871437557900208e-07,
        7.757936373309349e-07,
        1.5056268409807672e-07,
        5.6724410057995556e-08,
        2.9614363938890165e-07,
        0.059467706829309464,
        -0.21048158407211304,
        0.13478566706180573,
        -0.019534774124622345,
        -0.05962098762392998,
        -0.33671656250953674,
        -0.15560002624988556,
        0.1679929941892624,
        -0.09326282888650894,
        -0.0846872478723526,
        -0.18734318017959595,
        -0.04533548653125763,
        0.03864554688334465,
        -0.22160597145557404,
        -0.7638216614723206,
        0.05065767839550972,
        0.5153164267539978,
        -0.3486059904098511,
        0.09826268255710602,
        -0.31160956621170044,
        -0.1433177888393402,
        -0.12463358044624329,
        1.6578856706619263,
        -0.5899045467376709,
        0.26526302099227905,
        -0.04416485130786896,
        0.2264489233493805,
        -0.17438383400440216,
        0.09231771528720856,
        -0.10743153840303421
    ],
    "transl": [
        0.07351195067167282,
        1.6198060512542725,
        -0.07534090429544449
    ],
    "left_hand_pose": [
        -1.05080246925354,
        0.5863612294197083,
        -0.31573739647865295,
        -0.8792074918746948,
        0.44292593002319336,
        0.40949052572250366,
        0.41133007407188416,
        -0.5460968017578125,
        -1.6793992519378662,
        -1.4458407163619995,
        0.030834810808300972,
        -2.6359481811523438
    ],
    "right_hand_pose": [
        -1.6580930948257446,
        -0.050970371812582016,
        -0.7113789319992065,
        -0.0654316395521164,
        1.1291532516479492,
        -0.6762658357620239,
        -0.3718498647212982,
        1.491959571838379,
        -1.364785075187683,
        -2.4095568656921387,
        -0.13831457495689392,
        -5.5517683029174805
    ],
    "jaw_pose": [
        0.03272666037082672,
        0.03578677400946617,
        -0.049225226044654846
    ],
    "leye_pose": [
        -0.3491021394729614,
        -0.4429863691329956,
        -2.6268577575683594
    ],
    "reye_pose": [
        -0.2033185362815857,
        -0.08706322312355042,
        0.05936077982187271
    ],
    "expression": [
        -1.0637863874435425,
        -1.243983268737793,
        -0.2854561507701874,
        -0.10965126752853394,
        -0.4361746609210968,
        -1.0308102369308472,
        -0.18404227495193481,
        0.5549105405807495,
        -0.3305855095386505,
        0.4116072952747345
    ]
}