{
    "betas": [
        0.7346706390380859,
        -1.3884203433990479,
        0.5921152830123901,
        -2.0383360385894775,
        0.9466447830200195,
        -0.541568398475647,
        2.0594966411590576,
        -1.465659260749817,
        0.21967193484306335,
        -3.4435007572174072
    ],
    "global_orient": [
        -0.08993659913539886,
        -0.26535993814468384,
        0.01465587317943573
    ],
    "body_pose": [
        -0.044821374118328094,
        -0.06550302356481552,
        -0.023868344724178314,
        -0.059516485780477524,
        0.2937701940536499,
        -0.020576775074005127,
        0.12297701835632324,
        0.034729983657598495,
        0.02523142471909523,
        0.2287837266921997,
        -0.0036048181354999542,
        0.005558784585446119,
        0.22002142667770386,
        -0.062285687774419785,
        0.02879166230559349,
        -0.0496615469455719,
        -0.015017862431704998,
        -0.10975046455860138,
        0.06000232696533203,
        0.11160913854837418,
        -1.7173266542158672e-06,
        -0.015930894762277603,
        -0.2743154466152191,
        -2.7291323476674734e-06,
        -0.07692162692546844,
        -0.06612316519021988,
        -0.1791498363018036,
        1.6673720892868005e-06,
        5.890885859116679e-07,
        6.242332801775774e-07,
        9.818031720953968e-09,
        3.7718287160259933e-08,
        -8.292345654581368e-08,
        0.10847412049770355,
        -0.31468668580055237,
        0.22387735545635223,
        0.00860306154936552,
        0.07798311114311218,
        -0.27450791001319885,
        -0.14529457688331604,
        0.20831796526908875,
        -0.3694518208503723,
        -0.09114426374435425,
        -0.23773455619812012,
        -0.040660470724105835,
        0.05856243893504143,
        -0.025027640163898468,
        -0.6128274202346802,
        -0.30558985471725464,
        0.307788610458374,
        -0.8188048601150513,
        0.2791071832180023,
        -0.23168115317821503,
        -0.13657960295677185,
        -0.41187888383865356,
        0.01332110445946455,
        -0.03996148705482483,
        0.25728026032447815,
        -0.05801122263073921,
        0.12038299441337585,
        -0.40338024497032166,
        0.009581375867128372,
        -0.3729497790336609
    ],
    "transl": [
        0.06651964783668518,
        1.623237133026123,
        -0.0780004933476448
    ],
    "left_hand_pose": [
        -1.0454466342926025,
        0.5868881344795227,
        -0.019621696323156357,
        -1.1311815977096558,
        0.6565623879432678,
        0.41314029693603516,
        0.6800433397293091,
        -0.5590471029281616,
        -2.5032589435577393,
        -1.7522826194763184,
        -0.5607580542564392,
        -2.476482629776001
    ],
    "right_hand_pose": [
        -1.050054669380188,
        0.5133002996444702,
        -0.7146427035331726,
        -0.507412314414978,
        1.882500410079956,
        -0.7868773937225342,
        0.46604326367378235,
        1.2741578817367554,
        -2.7454001903533936,
        -3.0667102336883545,
        -0.1677008718252182,
        -4.881091594696045
    ],
    "jaw_pose": [
        0.03293091803789139,
        0.03863924369215965,
        -0.04995650053024292
    ],
    "leye_pose": [
        -0.006009726785123348,
        -0.16811759769916534,
        -2.2377965450286865
    ],
    "reye_pose": [
        -1.098605990409851,
        -1.0490105152130127,
        0.6475021243095398
    ],
    "expression": [
        -0.8072579503059387,
        -1.4339525699615479,
        -0.27989649772644043,
        0.05486994609236717,
        -0.539156973361969,
        -0.8193963766098022,
        -0.0360904335975647,
        0.5951777100563049,
        -0.306558221578598,
        0.6235215067863464
    ]
}