{
    "betas": [
        0.7346706390380859,
        -1.3884203433990479,
        0.5921152830123901,
        -2.0383360385894775,
        0.9466447830200195,
        -0.541568398475647,
        2.0594966411590576,
        -1.465659260749817,
        0.21967193484306335,
        -3.4435007572174072
    ],
    "global_orient": [
        -0.04345938563346863,
        -0.3290834426879883,
        -0.013027186505496502
    ],
    "body_pose": [
        -0.007854685187339783,
        -0.018272405490279198,
        0.023199211806058884,
        -0.08670039474964142,
        0.13652843236923218,
        0.02819795161485672,
        0.11463794857263565,
        -0.029952049255371094,
        0.027918577194213867,
        0.1711188703775406,
        -0.0013717665569856763,
        0.028738968074321747,
        0.23526151478290558,
        -0.02532326616346836,
        0.007138849701732397,
        -0.000686831190250814,
        0.002605232410132885,
        -0.011132794432342052,
        0.003101381240412593,
        0.08992661535739899,
        -1.448536181669624e-06,
        -0.030126359313726425,
        -0.10688237100839615,
        -1.036234721141227e-06,
        -0.03767311945557594,
        -0.06499264389276505,
        0.05875549092888832,
        1.2190497500341735e-06,
        -1.6388204926442995e-07,
        2.244398444872786e-07,
        1.954850290530885e-07,
        2.248362989121233e-07,
        -3.417356140289485e-07,
        0.15322905778884888,
        0.031922195106744766,
        0.012618446722626686,
        -0.09451884031295776,
        0.20951707661151886,
        -0.156997948884964,
        -0.10998126864433289,
        -0.23722143471240997,
        0.14028950035572052,
        -0.18358150124549866,
        0.07085080444812775,
        -0.01883160136640072,
        -0.12999582290649414,
        0.059986378997564316,
        -0.205181285738945,
        -0.16123561561107635,
        -0.12318141758441925,
        0.22764506936073303,
        -0.22970649600028992,
        -0.17827445268630981,
        -0.1358923614025116,
        -0.03801945596933365,
        0.22140257060527802,
        0.04030315577983856,
        -0.12134963274002075,
        0.02766343764960766,
        0.28324466943740845,
        -0.1430262327194214,
        -0.093604177236557,
        -0.08466502279043198
    ],
    "transl": [
        0.03833140805363655,
        1.6216607093811035,
        -0.048560190945863724
    ],
    "left_hand_pose": [
        -1.0419530868530273,
        1.2561242580413818,
        -0.6127181649208069,
        -1.2737880945205688,
        0.7351285219192505,
        1.2027896642684937,
        0.21694324910640717,
        -1.0264277458190918,
        -1.3053829669952393,
        -1.6523759365081787,
        0.08955047279596329,
        -2.7244725227355957
    ],
    "right_hand_pose": [
        -0.9675604104995728,
        0.9387118220329285,
        -0.5185837745666504,
        -0.9357168078422546,
        0.05910063907504082,
        0.7355840802192688,
        0.4944445490837097,
        -0.5130457878112793,
        -0.6713959574699402,
        -1.064157485961914,
        0.9650824069976807,
        -2.409062385559082
    ],
    "jaw_pose": [
        0.009401218965649605,
        0.019478563219308853,
        -0.03365030512213707
    ],
    "leye_pose": [
        -0.17701353132724762,
        -0.21488364040851593,
        -1.9510732889175415
    ],
    "reye_pose": [
        -0.2511635720729828,
        -0.24503600597381592,
        -0.13655181229114532
    ],
    "expression": [
        -0.8820987939834595,
        -0.4694192409515381,
        -0.1842479407787323,
        0.0725000873208046,
        -0.4188328683376312,
        -0.6121168732643127,
        -0.07298696786165237,
        0.4055444300174713,
        -0.20175513625144958,
        0.29321759939193726
    ]
}