{
    "betas": [
        0.7346706390380859,
        -1.3884203433990479,
        0.5921152830123901,
        -2.0383360385894775,
        0.9466447830200195,
        -0.541568398475647,
        2.0594966411590576,
        -1.465659260749817,
        0.21967193484306335,
        -3.4435007572174072
    ],
    "global_orient": [
        0.010440900921821594,
        -0.9039230942726135,
        -0.12332241982221603
    ],
    "body_pose": [
        -0.056614477187395096,
        -0.04187692701816559,
        -0.05545959621667862,
        -0.2560296952724457,
        0.047585099935531616,
        -0.07067199051380157,
        0.028264295309782028,
        0.019961686804890633,
        0.1381906121969223,
        0.17715169489383698,
        -0.16747821867465973,
        0.030310476198792458,
        0.6310276389122009,
        -0.046565327793359756,
        0.048981912434101105,
        0.30735188722610474,
        0.025496378540992737,
        -0.062197245657444,
        -0.08372513204813004,
        -0.05742495134472847,
        -2.591702852328126e-08,
        -0.02767270989716053,
        -0.09880577027797699,
        1.916697783599375e-06,
        -0.06186787411570549,
        -0.003351876512169838,
        0.004686703439801931,
        7.87092488963026e-08,
        -3.783556223879714e-07,
        3.5595382996689295e-07,
        -1.179675450657669e-06,
        5.208028710512735e-07,
        6.512974550787476e-07,
        -0.09483619034290314,
        0.06717996299266815,
        0.02458282560110092,
        0.032229989767074585,
        -0.12078617513179779,
        -0.3127179741859436,
        0.019302234053611755,
        0.10252197086811066,
        0.3350493609905243,
        -0.1601458489894867,
        0.09497644007205963,
        -0.019399262964725494,
        0.07970211654901505,
        -0.19573725759983063,
        -0.8079885840415955,
        0.08772044628858566,
        0.2057305872440338,
        0.6801583766937256,
        0.25732678174972534,
        -0.44849538803100586,
        -0.21108366549015045,
        0.28658029437065125,
        0.603178083896637,
        0.16487053036689758,
        0.3647043704986572,
        -0.18892551958560944,
        0.1639297902584076,
        0.3662532866001129,
        0.07335832715034485,
        -0.26252618432044983
    ],
    "transl": [
        0.18993538618087769,
        1.604534387588501,
        0.06795646995306015
    ],
    "left_hand_pose": [
        -1.189470887184143,
        0.9309683442115784,
        -0.26736608147621155,
        -0.7950339317321777,
        0.03496095538139343,
        0.616400420665741,
        0.7197471857070923,
        -0.7401449084281921,
        -2.5064964294433594,
        -1.614222764968872,
        0.08530080318450928,
        -2.2548623085021973
    ],
    "right_hand_pose": [
        -0.8167997598648071,
        0.6718603372573853,
        -0.27183398604393005,
        -0.850959837436676,
        -0.16028223931789398,
        0.2215331494808197,
        0.6774736642837524,
        -0.3923631012439728,
        -1.3402081727981567,
        -0.8902161121368408,
        1.1386432647705078,
        -1.6693795919418335
    ],
    "jaw_pose": [
        0.024339767172932625,
        0.03415640816092491,
        -0.037988461554050446
    ],
    "leye_pose": [
        -0.3169809877872467,
        -0.000984475831501186,
        0.22801673412322998
    ],
    "reye_pose": [
        -0.1898747682571411,
        -0.2202342003583908,
        -0.33792945742607117
    ],
    "expression": [
        -0.6169498562812805,
        -1.0379623174667358,
        0.043219152837991714,
        -0.14946749806404114,
        -0.27499914169311523,
        -0.8961416482925415,
        -0.15561288595199585,
        0.6013393998146057,
        -0.08464645594358444,
        0.4005756974220276
    ]
}