{
    "betas": [
        0.7346706390380859,
        -1.3884203433990479,
        0.5921152830123901,
        -2.0383360385894775,
        0.9466447830200195,
        -0.541568398475647,
        2.0594966411590576,
        -1.465659260749817,
        0.21967193484306335,
        -3.4435007572174072
    ],
    "global_orient": [
        -0.13324841856956482,
        -0.555319607257843,
        -0.040346696972846985
    ],
    "body_pose": [
        -0.004365572705864906,
        -0.04009164869785309,
        -0.0036712922155857086,
        -0.030788704752922058,
        0.35578757524490356,
        -0.03472340106964111,
        0.18378975987434387,
        0.015151377767324448,
        0.06846350431442261,
        0.25393155217170715,
        -0.2676474452018738,
        -0.02299080416560173,
        0.33565783500671387,
        -0.03521009907126427,
        0.011151734739542007,
        0.0690452829003334,
        0.0999821349978447,
        -0.09272857755422592,
        -0.08161281049251556,
        -0.3192404806613922,
        -3.22919845530123e-06,
        -0.019200898706912994,
        -0.09914335608482361,
        -2.3147724448335794e-07,
        -0.011096017435193062,
        0.02473801001906395,
        -0.006000330671668053,
        -7.405236033264373e-07,
        -1.5029177120595705e-06,
        -1.7012466457799746e-07,
        -1.2268397142634058e-07,
        6.258479174903187e-07,
        7.88697605003108e-07,
        -0.016328122466802597,
        -0.04566644877195358,
        0.03201837092638016,
        -0.16817684471607208,
        -0.38836929202079773,
        -0.05005059763789177,
        -0.14814242720603943,
        0.382986456155777,
        0.15287670493125916,
        -0.06862151622772217,
        0.026827022433280945,
        0.01761968620121479,
        0.032718122005462646,
        -0.8689272999763489,
        -0.6304648518562317,
        0.07450784742832184,
        0.7111502289772034,
        0.44732505083084106,
        0.10329019278287888,
        -1.1912000179290771,
        -0.023911036550998688,
        0.1942949742078781,
        1.2767797708511353,
        0.2918094992637634,
        0.2620803415775299,
        -0.23837748169898987,
        0.22742895781993866,
        0.7833762764930725,
        0.2162354588508606,
        -0.011842199601233006
    ],
    "transl": [
        0.10608495771884918,
        1.6116636991500854,
        -0.003502817591652274
    ],
    "left_hand_pose": [
        -1.2755671739578247,
        1.4105056524276733,
        0.6861276030540466,
        -1.304000973701477,
        0.058870524168014526,
        -0.23447568714618683,
        2.8342742919921875,
        -1.111055612564087,
        -6.299999237060547,
        -3.599492311477661,
        -0.5705293416976929,
        -2.4393274784088135
    ],
    "right_hand_pose": [
        -1.6808452606201172,
        0.39580217003822327,
        0.16943733394145966,
        -2.0749568939208984,
        0.4011388123035431,
        1.4861301183700562,
        -0.4365404546260834,
        -2.3703694343566895,
        -1.809017539024353,
        -1.5902763605117798,
        0.3060795068740845,
        -2.424844264984131
    ],
    "jaw_pose": [
        0.013322821818292141,
        0.0236214529722929,
        -0.038995444774627686
    ],
    "leye_pose": [
        0.19822967052459717,
        -0.09632113575935364,
        -0.1322876363992691
    ],
    "reye_pose": [
        0.12713897228240967,
        -0.3900553584098816,
        -0.14144030213356018
    ],
    "expression": [
        -1.2087249755859375,
        -0.7485430240631104,
        -0.43701380491256714,
        -0.02397519163787365,
        -0.45276686549186707,
        -0.8933659195899963,
        -0.14283497631549835,
        0.5039985179901123,
        -0.18292798101902008,
        0.5230776071548462
    ]
}