{
    "betas": [
        0.7346706390380859,
        -1.3884203433990479,
        0.5921152830123901,
        -2.0383360385894775,
        0.9466447830200195,
        -0.541568398475647,
        2.0594966411590576,
        -1.465659260749817,
        0.21967193484306335,
        -3.4435007572174072
    ],
    "global_orient": [
        -0.11147560179233551,
        -0.3751552402973175,
        -0.014312999323010445
    ],
    "body_pose": [
        0.016402054578065872,
        -0.042109351605176926,
        -0.01713479310274124,
        -0.06936731934547424,
        0.18760047852993011,
        0.003319134470075369,
        0.08157383650541306,
        -0.005569870583713055,
        -0.03635969012975693,
        0.22625085711479187,
        0.02822689525783062,
        0.02240242063999176,
        0.2866879403591156,
        -0.046221230179071426,
        0.007104295771569014,
        0.1383112668991089,
        -0.02577877976000309,
        0.03517833352088928,
        -0.02971569634974003,
        0.16645938158035278,
        -4.644434454803559e-07,
        -0.04328756779432297,
        -0.10679328441619873,
        -1.4053676977709983e-06,
        -0.06591921299695969,
        -0.022012339904904366,
        -0.0005614137626253068,
        1.0048008789453888e-06,
        9.94707747281609e-08,
        8.217583626901614e-07,
        3.3061249382626556e-07,
        1.445552726409005e-07,
        1.2774194146913942e-07,
        0.00917170662432909,
        -0.10465134680271149,
        0.08025951683521271,
        -0.040383052080869675,
        -0.061112843453884125,
        -0.4134393036365509,
        0.009488102979958057,
        0.07443185150623322,
        0.2980412542819977,
        -0.07266050577163696,
        -0.09145716577768326,
        -0.0015760743990540504,
        0.005079149734228849,
        -0.20642295479774475,
        -0.8834996223449707,
        0.10566503554582596,
        0.22119134664535522,
        0.6118814945220947,
        0.10043659806251526,
        -0.36096686124801636,
        -0.10709793120622635,
        0.057775676250457764,
        1.5760562419891357,
        0.5697272419929504,
        0.25753456354141235,
        -0.08962886035442352,
        0.14959539473056793,
        0.24758584797382355,
        -0.07442354410886765,
        0.06554025411605835
    ],
    "transl": [
        0.0638599693775177,
        1.6132898330688477,
        -0.06601472198963165
    ],
    "left_hand_pose": [
        -0.9875887632369995,
        0.7036052942276001,
        -0.3100826144218445,
        -0.9608325958251953,
        0.5589779019355774,
        0.48629841208457947,
        0.30864453315734863,
        -0.5696491003036499,
        -1.4689980745315552,
        -1.4710496664047241,
        0.05560033395886421,
        -2.7717933654785156
    ],
    "right_hand_pose": [
        -1.2351547479629517,
        0.8267186880111694,
        -0.006554818712174892,
        -1.0484631061553955,
        0.7351809144020081,
        0.11541611701250076,
        0.8936565518379211,
        -0.48655688762664795,
        -2.0137696266174316,
        -1.830296277999878,
        0.18503452837467194,
        -2.2252721786499023
    ],
    "jaw_pose": [
        0.02491404116153717,
        0.028544023633003235,
        -0.04120064899325371
    ],
    "leye_pose": [
        -0.25833478569984436,
        -0.05067705363035202,
        -1.859810471534729
    ],
    "reye_pose": [
        -0.1630336493253708,
        -0.23613084852695465,
        0.14439544081687927
    ],
    "expression": [
        -1.2905527353286743,
        -0.9714493155479431,
        -0.20599251985549927,
        -0.12901730835437775,
        -0.35845574736595154,
        -1.0139234066009521,
        -0.13319611549377441,
        0.5353028774261475,
        -0.15350967645645142,
        0.45898163318634033
    ]
}