{
    "betas": [
        0.7346706390380859,
        -1.3884203433990479,
        0.5921152830123901,
        -2.0383360385894775,
        0.9466447830200195,
        -0.541568398475647,
        2.0594966411590576,
        -1.465659260749817,
        0.21967193484306335,
        -3.4435007572174072
    ],
    "global_orient": [
        -0.11399476230144501,
        -0.3009772002696991,
        0.00856310036033392
    ],
    "body_pose": [
        0.006029562093317509,
        -0.053062837570905685,
        -0.02885889820754528,
        -0.025203313678503036,
        0.26715871691703796,
        -0.01797635108232498,
        0.15434530377388,
        0.06876607239246368,
        0.038721151649951935,
        0.20505563914775848,
        0.02810562588274479,
        -0.0049018822610378265,
        0.2086530476808548,
        -0.04496562480926514,
        0.008515597321093082,
        -0.039336226880550385,
        0.026113120838999748,
        -0.08764855563640594,
        0.06200575456023216,
        0.14588364958763123,
        -1.4157787973090308e-06,
        -0.012308134697377682,
        -0.23909354209899902,
        -1.874946406132949e-06,
        -0.11171305179595947,
        -0.11407408118247986,
        -0.1503194272518158,
        1.1662227734632324e-06,
        5.588261728917132e-07,
        1.7198675550389453e-07,
        -2.7627248755379696e-07,
        1.6738903241275693e-07,
        1.0358191104842263e-07,
        0.11167016625404358,
        -0.26496994495391846,
        0.18601945042610168,
        0.01788153313100338,
        6.782921263948083e-05,
        -0.2661990523338318,
        -0.1837322860956192,
        0.14143840968608856,
        -0.22802920639514923,
        -0.11387527734041214,
        -0.21744491159915924,
        -0.05999027192592621,
        0.07130422443151474,
        -0.1568737030029297,
        -0.761735737323761,
        -0.037455763667821884,
        0.44536641240119934,
        -0.48962104320526123,
        0.2555546462535858,
        -0.3294678330421448,
        -0.16119125485420227,
        -0.14204590022563934,
        1.0727777481079102,
        -0.5920435786247253,
        0.29426831007003784,
        -0.16275782883167267,
        0.20957516133785248,
        -0.2550309896469116,
        -0.011388655751943588,
        -0.10418335348367691
    ],
    "transl": [
        0.07357440143823624,
        1.6228607892990112,
        -0.0733594000339508
    ],
    "left_hand_pose": [
        -1.0460553169250488,
        0.5392155051231384,
        -0.2464951127767563,
        -0.9016044735908508,
        0.44199100136756897,
        0.3894127309322357,
        0.40542444586753845,
        -0.473932683467865,
        -1.6666643619537354,
        -1.3892085552215576,
        -0.018977675586938858,
        -2.559971570968628
    ],
    "right_hand_pose": [
        -1.4229881763458252,
        0.048157695680856705,
        -0.6149529218673706,
        0.12627698481082916,
        1.1533007621765137,
        -0.6908099055290222,
        0.21283979713916779,
        1.5532736778259277,
        -1.5152909755706787,
        -2.20839786529541,
        0.02937593311071396,
        -4.511594295501709
    ],
    "jaw_pose": [
        0.030128544196486473,
        0.0338689461350441,
        -0.05267719551920891
    ],
    "leye_pose": [
        -0.19470429420471191,
        -0.20014795660972595,
        -2.214759111404419
    ],
    "reye_pose": [
        -0.2712206244468689,
        -0.287746787071228,
        0.1961318999528885
    ],
    "expression": [
        -0.8859659433364868,
        -1.3909624814987183,
        -0.15253259241580963,
        0.03203465789556503,
        -0.48148539662361145,
        -0.8666162490844727,
        -0.11699225753545761,
        0.5667462944984436,
        -0.3335704207420349,
        0.4410327970981598
    ]
}