{
    "betas": [
        0.7346706390380859,
        -1.3884203433990479,
        0.5921152830123901,
        -2.0383360385894775,
        0.9466447830200195,
        -0.541568398475647,
        2.0594966411590576,
        -1.465659260749817,
        0.21967193484306335,
        -3.4435007572174072
    ],
    "global_orient": [
        -0.1382748931646347,
        -0.5327295660972595,
        -0.042229585349559784
    ],
    "body_pose": [
        0.015156720764935017,
        -0.06869052350521088,
        0.01140038575977087,
        -0.009737027809023857,
        0.37589335441589355,
        -0.021097367629408836,
        0.21489354968070984,
        0.024168245494365692,
        0.07906362414360046,
        0.22685086727142334,
        -0.25037819147109985,
        -0.018259555101394653,
        0.3067198097705841,
        -0.04666869342327118,
        0.02361503802239895,
        0.0577874630689621,
        0.08404455333948135,
        -0.06992757320404053,
        -0.06371201574802399,
        -0.32722124457359314,
        -2.8582271625055e-06,
        -0.018994394689798355,
        -0.12570779025554657,
        -9.073983164853416e-07,
        -0.10044776648283005,
        0.046780895441770554,
        -0.037298064678907394,
        -3.447934489031468e-07,
        -1.2833626215069671e-06,
        -1.9191752187452948e-07,
        1.0373563696930432e-07,
        2.527181379718968e-07,
        2.6580559620015265e-07,
        0.08359222114086151,
        -0.04034746065735817,
        0.04368431493639946,
        -0.16381755471229553,
        -0.4348151683807373,
        0.009503764100372791,
        -0.16027863323688507,
        0.3801945745944977,
        0.10112881660461426,
        -0.10571037232875824,
        0.007041083183139563,
        0.0024251900613307953,
        0.1625085175037384,
        -0.9910836219787598,
        -0.45158180594444275,
        0.05296231433749199,
        0.7679193019866943,
        0.372833788394928,
        0.0012215118622407317,
        -1.2034714221954346,
        0.24424588680267334,
        0.16430015861988068,
        1.3077731132507324,
        0.2424800992012024,
        0.10568928718566895,
        -0.23405097424983978,
        0.25388115644454956,
        0.6426911950111389,
        0.30516621470451355,
        -0.045561760663986206
    ],
    "transl": [
        0.09614523500204086,
        1.615484595298767,
        -0.010673987679183483
    ],
    "left_hand_pose": [
        -1.5064890384674072,
        0.814972996711731,
        0.22887574136257172,
        -1.1362853050231934,
        0.4238020181655884,
        0.35638195276260376,
        0.8929739594459534,
        -1.0132769346237183,
        -2.9395864009857178,
        -2.053924083709717,
        0.4144836664199829,
        -2.7499425411224365
    ],
    "right_hand_pose": [
        -1.8035246133804321,
        0.5832192897796631,
        0.20775429904460907,
        -1.8474284410476685,
        0.3979904353618622,
        0.8604623079299927,
        -0.6504482626914978,
        -1.321883201599121,
        -0.38146984577178955,
        -0.23924659192562103,
        2.0386619567871094,
        0.05820264667272568
    ],
    "jaw_pose": [
        0.011077581904828548,
        0.020262129604816437,
        -0.03649343550205231
    ],
    "leye_pose": [
        -0.02370845526456833,
        -0.18316349387168884,
        0.08907049894332886
    ],
    "reye_pose": [
        -0.01363298762589693,
        -0.13498108088970184,
        -0.30420416593551636
    ],
    "expression": [
        -1.0717105865478516,
        -0.6669096946716309,
        -0.3574560582637787,
        -0.012005654163658619,
        -0.4316392242908478,
        -0.804205060005188,
        -0.12314507365226746,
        0.46035462617874146,
        -0.17443758249282837,
        0.42021629214286804
    ]
}