{
    "betas": [
        0.7346706390380859,
        -1.3884203433990479,
        0.5921152830123901,
        -2.0383360385894775,
        0.9466447830200195,
        -0.541568398475647,
        2.0594966411590576,
        -1.465659260749817,
        0.21967193484306335,
        -3.4435007572174072
    ],
    "global_orient": [
        -0.11942373961210251,
        -0.3211623728275299,
        -0.0023501713294535875
    ],
    "body_pose": [
        0.017566300928592682,
        -0.04998934268951416,
        -0.02222587913274765,
        -0.02412748523056507,
        0.27188998460769653,
        -0.009602319449186325,
        0.1551790088415146,
        0.12096774578094482,
        0.0360119566321373,
        0.19931179285049438,
        0.028022462502121925,
        6.630014104302973e-05,
        0.21451163291931152,
        -0.050583284348249435,
        0.014167241752147675,
        -0.03190699219703674,
        0.0016711821081116796,
        -0.05783727765083313,
        0.033462800085544586,
        0.14838650822639465,
        -4.162682785135985e-07,
        0.01224173791706562,
        -0.2369627207517624,
        -2.179228204113315e-06,
        -0.09561721235513687,
        -0.12968499958515167,
        -0.12332282215356827,
        1.2222200211908785e-06,
        3.8689566395078145e-07,
        4.0903663034441706e-07,
        -1.4760153099757645e-08,
        -7.191838591324995e-08,
        -7.84586084989769e-09,
        0.08099368214607239,
        -0.2507273554801941,
        0.13694214820861816,
        -0.0017692695837467909,
        -0.03107687272131443,
        -0.30689138174057007,
        -0.18404050171375275,
        0.12194529920816422,
        -0.22425316274166107,
        -0.0907190665602684,
        -0.21406970918178558,
        -0.03946502134203911,
        0.04897984117269516,
        -0.1715182662010193,
        -0.7784983515739441,
        -0.026994476094841957,
        0.533220112323761,
        -0.3627890944480896,
        0.15314777195453644,
        -0.31960824131965637,
        -0.15415352582931519,
        -0.1788622885942459,
        1.2456756830215454,
        -0.6561393141746521,
        0.3413214385509491,
        -0.10830489546060562,
        0.21891888976097107,
        -0.17233005166053772,
        0.03182137757539749,
        -0.04844122380018234
    ],
    "transl": [
        0.0743984505534172,
        1.6213828325271606,
        -0.07344237715005875
    ],
    "left_hand_pose": [
        -1.0433944463729858,
        0.5584343075752258,
        -0.22581276297569275,
        -0.9517285823822021,
        0.5907681584358215,
        0.4978097081184387,
        0.38211119174957275,
        -0.6407641172409058,
        -1.7652461528778076,
        -1.5874043703079224,
        -0.16046608984470367,
        -2.7979962825775146
    ],
    "right_hand_pose": [
        -1.48131263256073,
        0.0344729982316494,
        -0.5924745798110962,
        0.04631254822015762,
        1.167115569114685,
        -0.5873997807502747,
        0.05536938086152077,
        1.4577758312225342,
        -1.1807037591934204,
        -2.0500736236572266,
        0.1678241789340973,
        -4.290842533111572
    ],
    "jaw_pose": [
        0.028486648574471474,
        0.02850118651986122,
        -0.04828348755836487
    ],
    "leye_pose": [
        -0.18060468137264252,
        -0.17264707386493683,
        -2.181396007537842
    ],
    "reye_pose": [
        -0.18906700611114502,
        -0.24476845562458038,
        0.2815638780593872
    ],
    "expression": [
        -0.9064224362373352,
        -1.2524194717407227,
        -0.28043821454048157,
        0.04318597540259361,
        -0.46381351351737976,
        -0.9788503646850586,
        -0.15984949469566345,
        0.5124258399009705,
        -0.34797289967536926,
        0.44528675079345703
    ]
}