{
    "betas": [
        0.7346706390380859,
        -1.3884203433990479,
        0.5921152830123901,
        -2.0383360385894775,
        0.9466447830200195,
        -0.541568398475647,
        2.0594966411590576,
        -1.465659260749817,
        0.21967193484306335,
        -3.4435007572174072
    ],
    "global_orient": [
        -0.02921966463327408,
        -0.34873872995376587,
        -0.00911861564964056
    ],
    "body_pose": [
        -0.05583254620432854,
        -0.03863532468676567,
        0.04811323434114456,
        -0.0498126745223999,
        0.16839852929115295,
        0.03555982932448387,
        0.08636470139026642,
        -0.0030570216476917267,
        0.04952732473611832,
        0.2550877332687378,
        -0.03019174002110958,
        -0.0018664138624444604,
        0.16960500180721283,
        -0.004422436468303204,
        0.014174721203744411,
        -0.008578927256166935,
        -0.0019818434957414865,
        -0.05180138722062111,
        0.07635734975337982,
        0.11920907348394394,
        -3.7349536796682514e-06,
        0.016720853745937347,
        -0.13048993051052094,
        1.1798618970715324e-06,
        -0.07153037190437317,
        -0.030312329530715942,
        0.05554235354065895,
        4.955992949362553e-07,
        -2.607471571991482e-07,
        -3.56572513737774e-07,
        -4.5087710986990714e-07,
        3.827686612112302e-08,
        -3.05078060591768e-07,
        0.16360457241535187,
        0.00307504297234118,
        0.014451591297984123,
        -0.1912492960691452,
        -0.08699474483728409,
        0.2062852382659912,
        -0.12665443122386932,
        0.025759730488061905,
        -0.26545989513397217,
        -0.13395313918590546,
        0.053726278245449066,
        0.006994405761361122,
        -0.1394096463918686,
        -0.16509713232517242,
        0.7047396302223206,
        -0.13209015130996704,
        0.2267129123210907,
        -0.6834975481033325,
        -0.30181440711021423,
        0.037571586668491364,
        -0.21916860342025757,
        -0.4047011733055115,
        0.016554459929466248,
        -0.05199078470468521,
        -0.060303132981061935,
        -0.13085970282554626,
        0.3772759437561035,
        -0.13504327833652496,
        0.032745689153671265,
        -0.2304450273513794
    ],
    "transl": [
        0.022657720372080803,
        1.63041353225708,
        -0.035284291952848434
    ],
    "left_hand_pose": [
        -0.8123627305030823,
        1.3929476737976074,
        -0.27836573123931885,
        -1.4998592138290405,
        0.7875314950942993,
        0.9498770236968994,
        0.8842719793319702,
        -1.2587337493896484,
        -3.449263572692871,
        -3.153832197189331,
        -0.5514183044433594,
        -4.661182403564453
    ],
    "right_hand_pose": [
        -1.1364835500717163,
        1.2414100170135498,
        0.04247066006064415,
        -1.411000370979309,
        0.32433950901031494,
        -0.13105237483978271,
        1.2638851404190063,
        -0.8731551766395569,
        -3.293653964996338,
        -2.6571829319000244,
        -0.14424672722816467,
        -3.9571120738983154
    ],
    "jaw_pose": [
        0.021115629002451897,
        0.015179798938333988,
        -0.04177834093570709
    ],
    "leye_pose": [
        -0.04362998902797699,
        0.1844608187675476,
        -1.454935908317566
    ],
    "reye_pose": [
        -0.12280190736055374,
        -0.3676977753639221,
        0.06290565431118011
    ],
    "expression": [
        -1.1865997314453125,
        -0.7608651518821716,
        -0.3860917389392853,
        0.07612118870019913,
        -0.48663899302482605,
        -0.7962319850921631,
        -0.1679108589887619,
        0.4896014332771301,
        -0.22420768439769745,
        0.4918348789215088
    ]
}