{
    "betas": [
        0.7346706390380859,
        -1.3884203433990479,
        0.5921152830123901,
        -2.0383360385894775,
        0.9466447830200195,
        -0.541568398475647,
        2.0594966411590576,
        -1.465659260749817,
        0.21967193484306335,
        -3.4435007572174072
    ],
    "global_orient": [
        -0.02369612827897072,
        -0.32871386408805847,
        -0.014877949841320515
    ],
    "body_pose": [
        -0.034546803683042526,
        -0.020746007561683655,
        0.03544548153877258,
        -0.05357728898525238,
        0.1610398143529892,
        0.04563209414482117,
        0.09955663979053497,
        -0.00223722867667675,
        0.03628639876842499,
        0.20415827631950378,
        -0.003989519085735083,
        0.03294835239648819,
        0.16375009715557098,
        0.001024340046569705,
        0.009819988161325455,
        -0.03668133169412613,
        -6.132244016043842e-05,
        -0.019154032692313194,
        0.07575289160013199,
        0.13577374815940857,
        -2.170936795664602e-06,
        0.015446547418832779,
        -0.14616931974887848,
        1.4580899687643978e-07,
        -0.05084877833724022,
        -0.036876410245895386,
        0.03814488649368286,
        1.2413404419930885e-06,
        1.0136451322750872e-07,
        -4.163731546213967e-07,
        -1.7890862125113927e-07,
        2.5076053589145886e-07,
        -3.8087711118350853e-07,
        0.16761326789855957,
        -0.013839714229106903,
        0.04483558237552643,
        -0.12697280943393707,
        -0.01459364965558052,
        0.16664084792137146,
        -0.2008502334356308,
        -0.020484568551182747,
        -0.20908252894878387,
        -0.15871024131774902,
        0.07133286446332932,
        -0.01338388305157423,
        0.14089278876781464,
        -0.017225190997123718,
        0.5558649897575378,
        -0.2094651758670807,
        0.03258594125509262,
        -0.5803098082542419,
        -0.6652660369873047,
        0.1439635008573532,
        -0.2464914619922638,
        -0.5117210745811462,
        -0.024061869829893112,
        0.058294232934713364,
        -0.42663195729255676,
        0.004042854066938162,
        0.3840702474117279,
        -0.31128573417663574,
        -0.10370204597711563,
        -0.2805214822292328
    ],
    "transl": [
        0.02394433319568634,
        1.628143072128296,
        -0.0380084253847599
    ],
    "left_hand_pose": [
        -0.4538731873035431,
        1.0671119689941406,
        -0.3860975503921509,
        -1.297196388244629,
        0.9101979732513428,
        0.42753925919532776,
        0.5708481669425964,
        -1.1385961771011353,
        -3.4196412563323975,
        -3.2676846981048584,
        -0.48815780878067017,
        -5.707241535186768
    ],
    "right_hand_pose": [
        -0.860580563545227,
        1.1534570455551147,
        -0.3306612968444824,
        -1.474920392036438,
        0.5309413075447083,
        -0.1218145340681076,
        0.6724711060523987,
        -0.8772303462028503,
        -3.357544422149658,
        -3.1650776863098145,
        -0.4939834773540497,
        -6.054248332977295
    ],
    "jaw_pose": [
        0.017156772315502167,
        0.015837276354432106,
        -0.034757256507873535
    ],
    "leye_pose": [
        -0.16543564200401306,
        -0.09875718504190445,
        -1.7947372198104858
    ],
    "reye_pose": [
        -0.23662592470645905,
        -0.2732589542865753,
        -0.03553431108593941
    ],
    "expression": [
        -1.0119131803512573,
        -0.6217948198318481,
        -0.3077649474143982,
        -0.001716133439913392,
        -0.4291563928127289,
        -0.810113787651062,
        -0.1536533236503601,
        0.4576984643936157,
        -0.19336773455142975,
        0.39602214097976685
    ]
}