{
    "betas": [
        0.7346706390380859,
        -1.3884203433990479,
        0.5921152830123901,
        -2.0383360385894775,
        0.9466447830200195,
        -0.541568398475647,
        2.0594966411590576,
        -1.465659260749817,
        0.21967193484306335,
        -3.4435007572174072
    ],
    "global_orient": [
        -0.06591082364320755,
        -0.38565221428871155,
        -0.020049214363098145
    ],
    "body_pose": [
        -0.01981808990240097,
        -0.007932160049676895,
        0.006408606190234423,
        -0.10842109471559525,
        0.18823540210723877,
        0.0174003466963768,
        0.034284140914678574,
        -0.03062506951391697,
        -0.02306445874273777,
        0.22983378171920776,
        0.031114134937524796,
        0.02577940747141838,
        0.28269097208976746,
        -0.04820042476058006,
        0.011477465741336346,
        0.10938507318496704,
        -0.024819117039442062,
        0.05610143393278122,
        -0.01839252933859825,
        0.13830552995204926,
        -3.6742608244821895e-07,
        -0.06684442609548569,
        -0.10010434687137604,
        -1.508415948592301e-06,
        -0.012205306440591812,
        -0.0056728762574493885,
        0.038378629833459854,
        9.256557973458257e-07,
        -2.5170129447360523e-07,
        7.50498827528645e-07,
        3.3947927136068756e-07,
        1.8658172962204844e-07,
        5.965000582364155e-08,
        0.04385168105363846,
        0.011380882933735847,
        0.04588230326771736,
        -0.03141488879919052,
        -0.01585356332361698,
        -0.4698750078678131,
        -0.02695917710661888,
        0.013742836192250252,
        0.3369588255882263,
        -0.06930743902921677,
        0.005834378767758608,
        -0.014974432066082954,
        -0.016104992479085922,
        -0.10962790250778198,
        -1.0165274143218994,
        0.059156384319067,
        0.08328531682491302,
        0.975213885307312,
        0.0461382232606411,
        -0.23497238755226135,
        -0.09244388341903687,
        0.08637760579586029,
        0.7375240921974182,
        0.12484139949083328,
        0.20612406730651855,
        0.08383854478597641,
        0.20415732264518738,
        0.35901984572410583,
        -0.11379536241292953,
        -0.038606639951467514
    ],
    "transl": [
        0.055508486926555634,
        1.6128969192504883,
        -0.058593351393938065
    ],
    "left_hand_pose": [
        -0.6233320236206055,
        1.270155429840088,
        -0.10826367884874344,
        -0.8800225257873535,
        1.0195716619491577,
        -0.3980529010295868,
        0.31998494267463684,
        -0.36404362320899963,
        -2.831482410430908,
        -2.3960347175598145,
        -0.6426764726638794,
        -2.9900102615356445
    ],
    "right_hand_pose": [
        -0.8235065937042236,
        0.5316815972328186,
        -0.38934463262557983,
        -0.9065510630607605,
        1.3813732862472534,
        0.058519814163446426,
        0.1691226363182068,
        -0.06178219988942146,
        -1.6139354705810547,
        -1.9534730911254883,
        -0.19007141888141632,
        -3.1994917392730713
    ],
    "jaw_pose": [
        0.012728139758110046,
        0.024503204971551895,
        -0.03809041157364845
    ],
    "leye_pose": [
        -0.020610583946108818,
        -0.1114044263958931,
        -2.0739121437072754
    ],
    "reye_pose": [
        -0.18493230640888214,
        -0.3798413872718811,
        0.14257244765758514
    ],
    "expression": [
        -1.2727972269058228,
        -0.6375810503959656,
        -0.3899899423122406,
        0.04551973566412926,
        -0.5235207080841064,
        -0.8435782790184021,
        -0.07550060749053955,
        0.512125551700592,
        -0.1359281986951828,
        0.5509310960769653
    ]
}