{
    "betas": [
        0.7346706390380859,
        -1.3884203433990479,
        0.5921152830123901,
        -2.0383360385894775,
        0.9466447830200195,
        -0.541568398475647,
        2.0594966411590576,
        -1.465659260749817,
        0.21967193484306335,
        -3.4435007572174072
    ],
    "global_orient": [
        -0.014715734869241714,
        -0.3271528482437134,
        -0.01874461956322193
    ],
    "body_pose": [
        -0.02811434306204319,
        0.00336447823792696,
        0.0413200818002224,
        -0.06680633872747421,
        0.12879572808742523,
        0.04743790626525879,
        0.07779107987880707,
        -0.005358822178095579,
        0.04485481604933739,
        0.17912524938583374,
        -0.012731306254863739,
        0.03772832825779915,
        0.1676814705133438,
        0.009480656124651432,
        0.0061115687713027,
        -0.017820851877331734,
        -0.0019141758093610406,
        -0.02355683594942093,
        0.056262098252773285,
        0.09901471436023712,
        -2.797214619931765e-06,
        0.0003376313834451139,
        -0.11071721464395523,
        1.496663770694795e-07,
        -0.05342420935630798,
        -0.0200318805873394,
        0.039704643189907074,
        1.3664803191204555e-06,
        -1.2970711793514056e-07,
        -4.4094596773902595e-07,
        -2.4312780055879557e-07,
        4.090775860277063e-07,
        -4.687658758939506e-07,
        0.17229026556015015,
        -0.01360899768769741,
        0.04887988045811653,
        -0.11933337152004242,
        0.011529979296028614,
        0.13205194473266602,
        -0.21606293320655823,
        -0.0724598690867424,
        -0.1813763827085495,
        -0.16228465735912323,
        0.05717170238494873,
        -0.011538462713360786,
        -0.11340335756540298,
        0.0050359005108475685,
        0.47972291707992554,
        -0.23731717467308044,
        -0.04014100134372711,
        -0.48195257782936096,
        -0.5359606742858887,
        0.13215744495391846,
        -0.24837520718574524,
        -0.5155077576637268,
        -0.022911233827471733,
        0.05992039665579796,
        -0.4648686945438385,
        0.0508984811604023,
        0.3434569537639618,
        -0.43930816650390625,
        -0.14407293498516083,
        -0.2785981595516205
    ],
    "transl": [
        0.02574167586863041,
        1.627671480178833,
        -0.037522945553064346
    ],
    "left_hand_pose": [
        -0.490620881319046,
        1.1597410440444946,
        -0.509398341178894,
        -1.3460618257522583,
        0.9804743528366089,
        0.3312142789363861,
        0.31702539324760437,
        -1.0886327028274536,
        -3.211075782775879,
        -3.304513931274414,
        -0.47244328260421753,
        -6.058866500854492
    ],
    "right_hand_pose": [
        -0.7454460263252258,
        1.2418444156646729,
        -0.40779125690460205,
        -1.5700653791427612,
        0.8323197960853577,
        0.1606527417898178,
        0.36928391456604004,
        -0.7282437682151794,
        -2.673358917236328,
        -2.6870462894439697,
        -0.16632266342639923,
        -4.912055015563965
    ],
    "jaw_pose": [
        0.015397461131215096,
        0.015244875103235245,
        -0.033817220479249954
    ],
    "leye_pose": [
        -0.21004828810691833,
        -0.0565360002219677,
        -1.7554118633270264
    ],
    "reye_pose": [
        -0.29708054661750793,
        -0.2095627635717392,
        -0.09723526984453201
    ],
    "expression": [
        -1.0993118286132812,
        -0.6009114980697632,
        -0.22712691128253937,
        0.05155874788761139,
        -0.4327533543109894,
        -0.7542812824249268,
        -0.1126595139503479,
        0.42694658041000366,
        -0.2009229212999344,
        0.36506593227386475
    ]
}