{
    "betas": [
        0.7346706390380859,
        -1.3884203433990479,
        0.5921152830123901,
        -2.0383360385894775,
        0.9466447830200195,
        -0.541568398475647,
        2.0594966411590576,
        -1.465659260749817,
        0.21967193484306335,
        -3.4435007572174072
    ],
    "global_orient": [
        -0.048930730670690536,
        -0.6415968537330627,
        -0.07363573461771011
    ],
    "body_pose": [
        -0.06880522519350052,
        -0.0870685875415802,
        -0.027852654457092285,
        -0.11749263107776642,
        0.18660993874073029,
        -0.04995515197515488,
        0.05686633288860321,
        0.08397772908210754,
        0.040985316038131714,
        0.26981765031814575,
        -0.23958958685398102,
        -0.008943581953644753,
        0.30508852005004883,
        0.08127518743276596,
        -0.04279441758990288,
        0.18622426688671112,
        0.00613026600331068,
        0.012483293190598488,
        -0.12829406559467316,
        -0.18822327256202698,
        -1.3079071550237131e-06,
        -0.07052376121282578,
        0.08301099389791489,
        1.935120280904812e-06,
        0.041339773684740067,
        -0.012466480024158955,
        -0.01976444385945797,
        -6.816563882239279e-07,
        -1.0063697573059471e-06,
        -7.82315652259058e-08,
        -1.3345567140277126e-06,
        3.4568202522677893e-07,
        4.024099666821712e-07,
        -0.1282658874988556,
        0.010590845718979836,
        0.024592874571681023,
        -0.0340617336332798,
        -0.34301072359085083,
        -0.2744466960430145,
        0.004627148620784283,
        0.3236989974975586,
        0.3144237697124481,
        -0.13282939791679382,
        0.03260433301329613,
        0.01287983451038599,
        0.03941278159618378,
        -0.560509443283081,
        -0.8260906338691711,
        0.16764144599437714,
        0.4943363070487976,
        0.6261634230613708,
        0.3234342932701111,
        -0.6353238821029663,
        -0.19877085089683533,
        0.39923495054244995,
        0.8418442606925964,
        0.3231118321418762,
        0.43583935499191284,
        -0.23398591578006744,
        0.14024561643600464,
        0.6104487776756287,
        0.07850176841020584,
        0.027933843433856964
    ],
    "transl": [
        0.14106325805187225,
        1.6010757684707642,
        0.029074901714920998
    ],
    "left_hand_pose": [
        -1.0076550245285034,
        0.9683082103729248,
        -0.014696571975946426,
        -0.9465054869651794,
        0.11244479566812515,
        0.697286069393158,
        0.9917268753051758,
        -0.8326714634895325,
        -2.397324562072754,
        -1.9192880392074585,
        0.25669631361961365,
        -2.6384291648864746
    ],
    "right_hand_pose": [
        -0.922783613204956,
        0.6892719864845276,
        -0.2650690972805023,
        -0.884874165058136,
        0.012786774896085262,
        0.589432418346405,
        0.817858874797821,
        -0.4156990051269531,
        -1.2169419527053833,
        -1.082985758781433,
        0.6047784686088562,
        -1.8791571855545044
    ],
    "jaw_pose": [
        0.012012183666229248,
        0.032190002501010895,
        -0.03751108795404434
    ],
    "leye_pose": [
        -0.03469054400920868,
        -0.1061350405216217,
        0.08157967776060104
    ],
    "reye_pose": [
        0.03299295902252197,
        -0.2147359400987625,
        -0.24681279063224792
    ],
    "expression": [
        -1.0262447595596313,
        -0.8814675807952881,
        -0.2564373314380646,
        -0.11665995419025421,
        -0.40748924016952515,
        -0.9499698877334595,
        -0.1710643172264099,
        0.5900457501411438,
        -0.12989147007465363,
        0.4974156320095062
    ]
}