{
    "betas": [
        0.7346706390380859,
        -1.3884203433990479,
        0.5921152830123901,
        -2.0383360385894775,
        0.9466447830200195,
        -0.541568398475647,
        2.0594966411590576,
        -1.465659260749817,
        0.21967193484306335,
        -3.4435007572174072
    ],
    "global_orient": [
        -0.044007886201143265,
        -0.3353615999221802,
        -0.02070773020386696
    ],
    "body_pose": [
        -0.016347059980034828,
        -0.029376523569226265,
        0.030955608934164047,
        -0.0970241129398346,
        0.18184839189052582,
        0.02987162582576275,
        0.11271554231643677,
        -0.025571145117282867,
        0.040303636342287064,
        0.18317186832427979,
        0.02244253270328045,
        0.025555133819580078,
        0.24930322170257568,
        -0.04736611619591713,
        0.02193750999867916,
        0.021216213703155518,
        -0.05652296543121338,
        -0.007592083420604467,
        0.0046426584012806416,
        0.08132578432559967,
        -1.7244645960090565e-06,
        -0.028514819219708443,
        -0.1337805539369583,
        -9.840421171247726e-07,
        -0.04018670693039894,
        -0.03728940337896347,
        0.040811143815517426,
        1.4573803355233395e-06,
        8.102946225108099e-08,
        5.387873329709691e-07,
        3.315274170745397e-07,
        2.0718997006952122e-07,
        -1.4093613742716116e-07,
        0.13197684288024902,
        0.039614517241716385,
        0.038031481206417084,
        -0.06749076396226883,
        0.23666328191757202,
        -0.21961469948291779,
        -0.06297546625137329,
        -0.209807351231575,
        0.23743627965450287,
        -0.167800173163414,
        0.09218040853738785,
        -0.02841791696846485,
        -0.04674689099192619,
        0.06786571443080902,
        -0.35429051518440247,
        -0.0460105761885643,
        -0.08286933600902557,
        0.3691403567790985,
        -0.15115946531295776,
        -0.282222718000412,
        -0.12735365331172943,
        -0.030886108055710793,
        0.2894992232322693,
        0.06278221309185028,
        -0.12442153692245483,
        0.001430848496966064,
        0.18570846319198608,
        -0.003609580686315894,
        -0.10459037870168686,
        -0.0020228629000484943
    ],
    "transl": [
        0.04250985011458397,
        1.6193825006484985,
        -0.05196370184421539
    ],
    "left_hand_pose": [
        -1.0936384201049805,
        0.9209567308425903,
        -0.6537222862243652,
        -1.1623666286468506,
        0.5044630169868469,
        1.3431769609451294,
        0.14569774270057678,
        -0.957815408706665,
        -1.2628244161605835,
        -1.4742860794067383,
        0.1849258840084076,
        -2.777678966522217
    ],
    "right_hand_pose": [
        -0.8763853907585144,
        0.5341464877128601,
        -0.5652452707290649,
        -0.6684196591377258,
        0.16892270743846893,
        0.6020978093147278,
        0.31170105934143066,
        -0.3852616548538208,
        -0.42395806312561035,
        -0.9935753345489502,
        0.7438072562217712,
        -2.45442533493042
    ],
    "jaw_pose": [
        0.01030285470187664,
        0.02279754728078842,
        -0.033559586852788925
    ],
    "leye_pose": [
        -0.2461439073085785,
        -0.1956358402967453,
        -1.8929346799850464
    ],
    "reye_pose": [
        -0.25273454189300537,
        -0.2910411059856415,
        -0.09378489851951599
    ],
    "expression": [
        -0.8842262029647827,
        -0.5235942006111145,
        -0.18792031705379486,
        -0.04311332479119301,
        -0.4122019410133362,
        -0.6606013178825378,
        -0.08378834277391434,
        0.44713130593299866,
        -0.20438557863235474,
        0.3034934103488922
    ]
}