{
    "betas": [
        0.7346706390380859,
        -1.3884203433990479,
        0.5921152830123901,
        -2.0383360385894775,
        0.9466447830200195,
        -0.541568398475647,
        2.0594966411590576,
        -1.465659260749817,
        0.21967193484306335,
        -3.4435007572174072
    ],
    "global_orient": [
        -0.13680563867092133,
        -0.5061635375022888,
        -0.03977428004145622
    ],
    "body_pose": [
        0.021582279354333878,
        -0.08869399130344391,
        0.0214255191385746,
        0.00678359717130661,
        0.380058616399765,
        -0.008781492710113525,
        0.2178027331829071,
        0.006807319354265928,
        0.06955739855766296,
        0.21934939920902252,
        -0.2337091565132141,
        -0.008852377533912659,
        0.27862459421157837,
        -0.05450925976037979,
        0.02553394064307213,
        0.04087178036570549,
        0.0658893957734108,
        -0.057103972882032394,
        -0.004358601290732622,
        -0.27156275510787964,
        -3.630820629041409e-06,
        -0.011303036473691463,
        -0.13814641535282135,
        -7.543263791376376e-07,
        -0.12485796958208084,
        0.0754208043217659,
        -0.020425183698534966,
        -2.312470215315443e-08,
        -1.2911579005958629e-06,
        -4.2301431335545203e-07,
        6.982994449344915e-08,
        5.286551072458678e-07,
        2.7886972020496614e-07,
        0.12115645408630371,
        -0.028514781966805458,
        0.03133242949843407,
        -0.17369285225868225,
        -0.44426795840263367,
        0.05231161788105965,
        -0.18350259959697723,
        0.39662742614746094,
        0.02880207449197769,
        -0.09962384402751923,
        -0.00714921997860074,
        0.0014565549790859222,
        0.05530691519379616,
        -0.9709970951080322,
        -0.3900732398033142,
        0.04243497550487518,
        0.8234776258468628,
        0.24697700142860413,
        -0.010088964365422726,
        -1.2202253341674805,
        0.3358107805252075,
        0.15145985782146454,
        1.3309434652328491,
        0.15131478011608124,
        0.103303924202919,
        -0.2719658613204956,
        0.2813611626625061,
        0.575160562992096,
        0.26439929008483887,
        -0.093568816781044
    ],
    "transl": [
        0.08567995578050613,
        1.6192328929901123,
        -0.016852954402565956
    ],
    "left_hand_pose": [
        -1.6239527463912964,
        1.0209811925888062,
        0.29843199253082275,
        -1.3189401626586914,
        -0.14063110947608948,
        0.018529461696743965,
        1.3493626117706299,
        -1.0893486738204956,
        -3.734560489654541,
        -2.4295661449432373,
        -0.13590437173843384,
        -3.170276641845703
    ],
    "right_hand_pose": [
        -1.5510587692260742,
        0.765722393989563,
        0.22075685858726501,
        -2.0718696117401123,
        0.23341503739356995,
        0.663613498210907,
        0.846916139125824,
        -1.7531343698501587,
        -2.7773220539093018,
        -1.6441961526870728,
        0.7420827746391296,
        -2.027787685394287
    ],
    "jaw_pose": [
        0.007772466167807579,
        0.019161876291036606,
        -0.036591917276382446
    ],
    "leye_pose": [
        0.3274756968021393,
        0.002915755147114396,
        -0.29446929693222046
    ],
    "reye_pose": [
        -0.08731215447187424,
        -0.22212697565555573,
        -0.3750876784324646
    ],
    "expression": [
        -1.113668441772461,
        -0.5800280570983887,
        -0.3189752697944641,
        0.036500174552202225,
        -0.46461912989616394,
        -0.7859494090080261,
        -0.10854706168174744,
        0.4382377564907074,
        -0.1496768444776535,
        0.40117576718330383
    ]
}