{
    "betas": [
        0.7346706390380859,
        -1.3884203433990479,
        0.5921152830123901,
        -2.0383360385894775,
        0.9466447830200195,
        -0.541568398475647,
        2.0594966411590576,
        -1.465659260749817,
        0.21967193484306335,
        -3.4435007572174072
    ],
    "global_orient": [
        0.0015816355589777231,
        -0.8161842823028564,
        -0.08657815307378769
    ],
    "body_pose": [
        -0.07746890187263489,
        -0.06853032857179642,
        -0.062343984842300415,
        -0.20380432903766632,
        0.17275448143482208,
        -0.08037076145410538,
        0.035265568643808365,
        0.07469704002141953,
        0.092290498316288,
        0.20607343316078186,
        -0.19485588371753693,
        0.027903903275728226,
        0.40336838364601135,
        0.004316776525229216,
        -0.0003197111072950065,
        0.1761765480041504,
        0.03767889365553856,
        -0.05159435421228409,
        -0.11242155730724335,
        -0.09243274480104446,
        -5.395235120886355e-07,
        -0.09045208245515823,
        -0.03653595224022865,
        1.257973963220138e-06,
        0.054883044213056564,
        -0.022262584418058395,
        0.0005546559696085751,
        -1.6446975337203185e-07,
        -7.141093192331027e-07,
        1.7667173324298346e-07,
        -1.3104647678119363e-06,
        4.521575363014563e-07,
        4.870129259870737e-07,
        -0.1239897757768631,
        0.05659874156117439,
        0.04010062664747238,
        -0.011070962995290756,
        -0.21122978627681732,
        -0.29859137535095215,
        0.04107684642076492,
        0.17750930786132812,
        0.3528701961040497,
        -0.13907600939273834,
        0.05477745831012726,
        -0.014027315191924572,
        0.11565612256526947,
        -0.3629591763019562,
        -0.840688169002533,
        0.14208921790122986,
        0.29449012875556946,
        0.7189988493919373,
        0.3051082491874695,
        -0.3801385164260864,
        -0.21231824159622192,
        0.3609493374824524,
        0.6049832105636597,
        0.18481729924678802,
        0.440736323595047,
        -0.19985319674015045,
        0.10913192480802536,
        0.5120446085929871,
        0.08147430419921875,
        -0.17405790090560913
    ],
    "transl": [
        0.16947558522224426,
        1.6019164323806763,
        0.05199405178427696
    ],
    "left_hand_pose": [
        -1.026989459991455,
        0.7561768293380737,
        -0.20609481632709503,
        -0.614567220211029,
        -0.16173212230205536,
        0.4579768180847168,
        1.1219631433486938,
        -0.6332749724388123,
        -2.507312774658203,
        -1.551079273223877,
        0.40181800723075867,
        -2.0422117710113525
    ],
    "right_hand_pose": [
        -0.7477806210517883,
        0.41697031259536743,
        -0.2534162700176239,
        -0.7147875428199768,
        -0.011899501085281372,
        0.22389617562294006,
        0.5050108432769775,
        -0.4212574064731598,
        -1.2264333963394165,
        -0.8873116374015808,
        0.7534167766571045,
        -1.7772014141082764
    ],
    "jaw_pose": [
        0.0160821583122015,
        0.032902732491493225,
        -0.037901509553194046
    ],
    "leye_pose": [
        -0.23028476536273956,
        -0.12957540154457092,
        0.27186986804008484
    ],
    "reye_pose": [
        -0.07043321430683136,
        -0.32091453671455383,
        -0.20339009165763855
    ],
    "expression": [
        -0.6882205009460449,
        -0.949521005153656,
        -0.0516095794737339,
        -0.13310794532299042,
        -0.28746694326400757,
        -0.9120204448699951,
        -0.14516502618789673,
        0.6094009876251221,
        -0.04718057066202164,
        0.46953004598617554
    ]
}