{
    "betas": [
        0.7346706390380859,
        -1.3884203433990479,
        0.5921152830123901,
        -2.0383360385894775,
        0.9466447830200195,
        -0.541568398475647,
        2.0594966411590576,
        -1.465659260749817,
        0.21967193484306335,
        -3.4435007572174072
    ],
    "global_orient": [
        -0.14220298826694489,
        -0.3443813920021057,
        -0.024757144972682
    ],
    "body_pose": [
        0.02823539450764656,
        -0.06127433478832245,
        -0.017472850158810616,
        -0.029386984184384346,
        0.17691415548324585,
        0.002768106758594513,
        0.1531822234392166,
        0.017126133665442467,
        -0.022458631545305252,
        0.24484959244728088,
        0.030357159674167633,
        0.02216189168393612,
        0.25949159264564514,
        -0.04984070733189583,
        0.012936021201312542,
        0.04905003309249878,
        -0.012505422346293926,
        -0.004199102986603975,
        0.011810466647148132,
        0.17250248789787292,
        -5.168640768715704e-07,
        -0.014121517539024353,
        -0.11577246338129044,
        -1.4564377579517895e-06,
        -0.09823759645223618,
        -0.07401801645755768,
        -0.023859921842813492,
        1.697246602816449e-06,
        1.2589711673172133e-07,
        7.887807100814825e-07,
        5.219384320298559e-07,
        3.180289809279202e-07,
        2.731647725795483e-07,
        0.06335829943418503,
        -0.17928488552570343,
        0.09412959963083267,
        -0.021993882954120636,
        -0.08740363270044327,
        -0.35013097524642944,
        -0.13936598598957062,
        0.2039380520582199,
        0.07807806134223938,
        -0.09093604236841202,
        -0.17263764142990112,
        -0.01801937259733677,
        0.014533772133290768,
        -0.24333973228931427,
        -0.8095661997795105,
        0.1370275467634201,
        0.5462578535079956,
        0.07171542942523956,
        0.0692671462893486,
        -0.29418084025382996,
        -0.09872360527515411,
        -0.007578704971820116,
        2.084346055984497,
        -0.18161438405513763,
        0.21754015982151031,
        -0.06277213245630264,
        0.2772024869918823,
        -0.07829774171113968,
        0.06143542006611824,
        0.02657969295978546
    ],
    "transl": [
        0.07095997035503387,
        1.616129994392395,
        -0.07518654316663742
    ],
    "left_hand_pose": [
        -1.0337204933166504,
        0.6953513622283936,
        -0.23307375609874725,
        -1.0073039531707764,
        0.5598792433738708,
        0.31310659646987915,
        0.5626067519187927,
        -0.6285291910171509,
        -2.0386877059936523,
        -1.8222092390060425,
        -0.14280469715595245,
        -2.90537428855896
    ],
    "right_hand_pose": [
        -1.4974490404129028,
        0.3527850806713104,
        -0.2356298714876175,
        -0.32301369309425354,
        1.0906982421875,
        -0.7666962146759033,
        0.93963623046875,
        0.7060399651527405,
        -2.6252920627593994,
        -2.4564359188079834,
        -0.4569510817527771,
        -3.2011241912841797
    ],
    "jaw_pose": [
        0.031750358641147614,
        0.03170820325613022,
        -0.04014429450035095
    ],
    "leye_pose": [
        -0.3691231310367584,
        0.014950266107916832,
        -2.28442645072937
    ],
    "reye_pose": [
        -0.22050051391124725,
        -0.2963261008262634,
        0.10930589586496353
    ],
    "expression": [
        -1.133212685585022,
        -1.1497204303741455,
        -0.15272024273872375,
        -0.20841644704341888,
        -0.2853933274745941,
        -1.031514286994934,
        -0.1858404576778412,
        0.5531100630760193,
        -0.2536959946155548,
        0.32316893339157104
    ]
}