{
    "betas": [
        0.7346706390380859,
        -1.3884203433990479,
        0.5921152830123901,
        -2.0383360385894775,
        0.9466447830200195,
        -0.541568398475647,
        2.0594966411590576,
        -1.465659260749817,
        0.21967193484306335,
        -3.4435007572174072
    ],
    "global_orient": [
        -0.08048411458730698,
        -0.3256339430809021,
        -0.017102377489209175
    ],
    "body_pose": [
        -0.0835334062576294,
        0.004705542232841253,
        0.10687673836946487,
        0.013776075094938278,
        0.14945226907730103,
        0.028209393844008446,
        0.1371000111103058,
        -0.014477203600108624,
        0.02893218956887722,
        0.33785495162010193,
        0.02270006574690342,
        -0.013778921216726303,
        0.1656692922115326,
        -0.022466957569122314,
        0.021275270730257034,
        0.008019703440368176,
        0.011083316057920456,
        0.0001887725229607895,
        0.12925216555595398,
        0.15154165029525757,
        -3.221914084861055e-06,
        0.02366071753203869,
        -0.10099347680807114,
        4.725995950138895e-07,
        -0.12594744563102722,
        -0.019007954746484756,
        -0.00434741610661149,
        6.415580173779745e-07,
        1.4965148409373796e-07,
        -2.6277049869349867e-07,
        -3.7384788242889044e-07,
        5.026759595239128e-07,
        -1.5978029921370762e-07,
        0.17922957241535187,
        -0.00984892062842846,
        0.06712561100721359,
        -0.14818501472473145,
        -0.2223685383796692,
        0.30706799030303955,
        -0.14099426567554474,
        0.19086791574954987,
        -0.32343581318855286,
        -0.14074388146400452,
        0.04445919021964073,
        -0.021123476326465607,
        -0.01091623492538929,
        -0.39675912261009216,
        0.5773195028305054,
        -0.01449812576174736,
        0.4375167489051819,
        -0.5500620603561401,
        -0.09463062137365341,
        -0.4407685399055481,
        0.24821463227272034,
        -0.07776856422424316,
        0.7447837591171265,
        -0.46906140446662903,
        0.03759900853037834,
        -0.4157031178474426,
        0.503945529460907,
        -0.16022737324237823,
        0.262657105922699,
        -0.31206372380256653
    ],
    "transl": [
        0.026804305613040924,
        1.6291929483413696,
        -0.03441370278596878
    ],
    "left_hand_pose": [
        -1.4979678392410278,
        1.6415067911148071,
        0.1338418424129486,
        -1.5083212852478027,
        0.06381922215223312,
        1.169317603111267,
        0.8398415446281433,
        -1.155134916305542,
        -1.3829618692398071,
        -0.878954291343689,
        1.3146072626113892,
        -0.789953887462616
    ],
    "right_hand_pose": [
        -1.452565312385559,
        1.3243368864059448,
        0.25627401471138,
        -1.367761492729187,
        -0.03880225867033005,
        0.1038949266076088,
        1.1568760871887207,
        -0.7755130529403687,
        -2.2215118408203125,
        -1.1001224517822266,
        1.5018010139465332,
        -1.2710434198379517
    ],
    "jaw_pose": [
        0.026091942563652992,
        0.016123764216899872,
        -0.038665641099214554
    ],
    "leye_pose": [
        0.03649480268359184,
        -0.14117836952209473,
        -1.765548586845398
    ],
    "reye_pose": [
        -0.178697407245636,
        -0.5885640978813171,
        -0.2183198183774948
    ],
    "expression": [
        -1.1728253364562988,
        -0.7362577319145203,
        -0.44689664244651794,
        0.02481037937104702,
        -0.565640926361084,
        -0.7120234370231628,
        -0.10181638598442078,
        0.46857139468193054,
        -0.1751202940940857,
        0.5341102480888367
    ]
}