{
    "betas": [
        0.7346706390380859,
        -1.3884203433990479,
        0.5921152830123901,
        -2.0383360385894775,
        0.9466447830200195,
        -0.541568398475647,
        2.0594966411590576,
        -1.465659260749817,
        0.21967193484306335,
        -3.4435007572174072
    ],
    "global_orient": [
        -0.03434465080499649,
        -0.32782047986984253,
        -0.020278235897421837
    ],
    "body_pose": [
        0.00018047976482193917,
        0.0009663297096267343,
        0.0356442853808403,
        -0.08177145570516586,
        0.12661732733249664,
        0.04376715049147606,
        0.10010510683059692,
        -0.019402464851737022,
        0.04755689203739166,
        0.1516890823841095,
        -0.014194568619132042,
        0.03105860762298107,
        0.21705490350723267,
        -0.01774209551513195,
        -0.0025935214944183826,
        0.0014154029777273536,
        -0.01838509365916252,
        -0.0274709090590477,
        0.03133663907647133,
        0.08469504863023758,
        -2.7205935566598782e-06,
        -0.014873196370899677,
        -0.081419438123703,
        1.1036724600899106e-07,
        -0.038798194378614426,
        -0.04248974844813347,
        0.05878757685422897,
        1.033256012306083e-06,
        -4.3147363726347976e-07,
        -2.6590498691803077e-07,
        2.63422947455183e-07,
        6.500382028207241e-07,
        -3.0167475983944314e-07,
        0.1521340012550354,
        0.02144796773791313,
        0.012510433793067932,
        -0.1363898068666458,
        0.18164309859275818,
        -0.06856098026037216,
        -0.14985255897045135,
        -0.21361343562602997,
        0.06168070062994957,
        -0.1726541370153427,
        0.06595750153064728,
        -0.012424170970916748,
        -0.17110712826251984,
        0.047693584114313126,
        -0.04442685469985008,
        -0.258780300617218,
        -0.14782457053661346,
        0.08388197422027588,
        -0.4039716124534607,
        -0.06128283217549324,
        -0.17490969598293304,
        -0.13238288462162018,
        0.15548421442508698,
        0.010604812763631344,
        -0.16491593420505524,
        0.038295455276966095,
        0.3090529143810272,
        -0.21002265810966492,
        -0.08021457493305206,
        -0.1552373766899109
    ],
    "transl": [
        0.03510671481490135,
        1.6233453750610352,
        -0.044574033468961716
    ],
    "left_hand_pose": [
        -0.944595217704773,
        1.3067466020584106,
        -0.6620661020278931,
        -1.3807562589645386,
        0.8064752221107483,
        1.2035090923309326,
        0.07518863677978516,
        -1.0776238441467285,
        -1.4735881090164185,
        -2.026978015899658,
        0.10296104103326797,
        -3.61909818649292
    ],
    "right_hand_pose": [
        -0.9741855263710022,
        1.1318520307540894,
        -0.41889700293540955,
        -1.213241457939148,
        0.270445317029953,
        0.815468966960907,
        0.39830172061920166,
        -0.7339673042297363,
        -0.8569048047065735,
        -1.2490565776824951,
        0.8256515860557556,
        -2.491687774658203
    ],
    "jaw_pose": [
        0.010164986364543438,
        0.019778240472078323,
        -0.033518191426992416
    ],
    "leye_pose": [
        -0.25734785199165344,
        -0.16875173151493073,
        -1.8750447034835815
    ],
    "reye_pose": [
        -0.3135533034801483,
        -0.30506202578544617,
        -0.2030562162399292
    ],
    "expression": [
        -0.8729063272476196,
        -0.4679226279258728,
        -0.24306319653987885,
        0.04115884378552437,
        -0.4073578119277954,
        -0.6396316289901733,
        -0.08094624429941177,
        0.40363699197769165,
        -0.18163427710533142,
        0.2949247360229492
    ]
}