{
    "betas": [
        0.7346706390380859,
        -1.3884203433990479,
        0.5921152830123901,
        -2.0383360385894775,
        0.9466447830200195,
        -0.541568398475647,
        2.0594966411590576,
        -1.465659260749817,
        0.21967193484306335,
        -3.4435007572174072
    ],
    "global_orient": [
        -0.11178898811340332,
        -0.3142833113670349,
        -0.027333365753293037
    ],
    "body_pose": [
        -0.06927382946014404,
        0.005307367537170649,
        0.1044440045952797,
        0.05969706177711487,
        0.15788671374320984,
        0.02215910330414772,
        0.20788487792015076,
        -0.05684592202305794,
        0.02569190040230751,
        0.3106701970100403,
        0.03903326764702797,
        0.015573910437524319,
        0.14104588329792023,
        -0.027603257447481155,
        0.028546497225761414,
        -0.010064397938549519,
        0.012922637164592743,
        0.01697932556271553,
        0.13868285715579987,
        0.15969400107860565,
        -2.433652298350353e-06,
        0.022173801437020302,
        -0.12348105013370514,
        -6.432990176108433e-07,
        -0.1676311045885086,
        -0.0020894038025289774,
        -0.011520776897668839,
        1.180799699795898e-06,
        2.0277074952446128e-07,
        -1.9948251051005172e-08,
        -3.723109500697319e-07,
        1.211170683745877e-07,
        3.7306276112758496e-07,
        0.18734221160411835,
        -0.011756573803722858,
        0.0634492039680481,
        -0.162606343626976,
        -0.2857978045940399,
        0.268841952085495,
        -0.18876536190509796,
        0.2966473400592804,
        -0.27926966547966003,
        -0.12934744358062744,
        0.04910910874605179,
        -0.02788650244474411,
        -0.02689235471189022,
        -0.5511533617973328,
        0.4730842113494873,
        -0.04355011135339737,
        0.6755132675170898,
        -0.40819358825683594,
        -0.14139913022518158,
        -0.7843589782714844,
        0.4161525070667267,
        -0.016209594905376434,
        1.020900845527649,
        -0.4045497477054596,
        -0.12292233109474182,
        -0.26857975125312805,
        0.48252904415130615,
        0.055010680109262466,
        0.29366299510002136,
        -0.288069486618042
    ],
    "transl": [
        0.03639233112335205,
        1.6293132305145264,
        -0.03603553771972656
    ],
    "left_hand_pose": [
        -1.5457979440689087,
        1.2486579418182373,
        0.3898705542087555,
        -1.281093955039978,
        0.1680985689163208,
        0.44628673791885376,
        1.1031595468521118,
        -1.2051918506622314,
        -2.4867749214172363,
        -1.6480684280395508,
        0.9738987684249878,
        -1.9462264776229858
    ],
    "right_hand_pose": [
        -1.4251614809036255,
        1.1497623920440674,
        0.007387079764157534,
        -1.324982762336731,
        -0.14358660578727722,
        0.3567724823951721,
        0.9323246479034424,
        -0.5821818709373474,
        -2.0239717960357666,
        -1.169499158859253,
        1.0272160768508911,
        -1.918206810951233
    ],
    "jaw_pose": [
        0.022682974115014076,
        0.02136959321796894,
        -0.03990735113620758
    ],
    "leye_pose": [
        -0.11197695136070251,
        -0.19064883887767792,
        -0.7676397562026978
    ],
    "reye_pose": [
        -0.24147813022136688,
        -0.5726903080940247,
        -0.2765199840068817
    ],
    "expression": [
        -1.0082165002822876,
        -0.5905081629753113,
        -0.23932293057441711,
        -0.025939883664250374,
        -0.41754305362701416,
        -0.5921064615249634,
        -0.08665331453084946,
        0.37166571617126465,
        -0.2075776606798172,
        0.31838032603263855
    ]
}