{
    "betas": [
        0.7346706390380859,
        -1.3884203433990479,
        0.5921152830123901,
        -2.0383360385894775,
        0.9466447830200195,
        -0.541568398475647,
        2.0594966411590576,
        -1.465659260749817,
        0.21967193484306335,
        -3.4435007572174072
    ],
    "global_orient": [
        -0.12875083088874817,
        -0.34840333461761475,
        -0.015305586159229279
    ],
    "body_pose": [
        0.027993090450763702,
        -0.05396700277924538,
        -0.02272655814886093,
        -0.04477819800376892,
        0.14437678456306458,
        0.001758199417963624,
        0.1063266471028328,
        -0.00668596476316452,
        -0.05015140399336815,
        0.23061084747314453,
        0.02628634311258793,
        0.025548826903104782,
        0.274084210395813,
        -0.03746413066983223,
        -0.003500697435811162,
        0.12252066284418106,
        -0.03447435796260834,
        0.06671785563230515,
        -0.011997761204838753,
        0.17796474695205688,
        -9.73422402239521e-07,
        -0.0388142392039299,
        -0.09773355722427368,
        -1.1231988992221886e-06,
        -0.06360336393117905,
        -0.04884616285562515,
        -0.029286300763487816,
        1.3486732086676056e-06,
        1.2384768410811375e-07,
        7.356454148066405e-07,
        -1.1151788825713993e-08,
        1.851558408816345e-07,
        4.3573129460128257e-07,
        0.007577914744615555,
        -0.12344878911972046,
        0.07995244115591049,
        -0.0380425751209259,
        -0.0532815083861351,
        -0.39937135577201843,
        -0.0400853157043457,
        0.11369945853948593,
        0.2719857096672058,
        -0.07866587489843369,
        -0.11013088375329971,
        -0.0011962448479607701,
        0.0044692750088870525,
        -0.22950111329555511,
        -0.8520662784576416,
        0.12076964229345322,
        0.2791110575199127,
        0.5311151146888733,
        0.0801001787185669,
        -0.37462127208709717,
        -0.11416952311992645,
        0.04413091763854027,
        1.7345776557922363,
        0.6240195035934448,
        0.22330732643604279,
        -0.08671995997428894,
        0.18952256441116333,
        0.16915000975131989,
        -0.07714342325925827,
        0.04202006012201309
    ],
    "transl": [
        0.06590577214956284,
        1.6143214702606201,
        -0.06768850982189178
    ],
    "left_hand_pose": [
        -0.9427350759506226,
        0.7810609340667725,
        -0.31026357412338257,
        -0.8787665963172913,
        0.422930508852005,
        0.2674426734447479,
        0.4765777587890625,
        -0.36864492297172546,
        -1.6609746217727661,
        -1.440301537513733,
        0.14275875687599182,
        -2.505884885787964
    ],
    "right_hand_pose": [
        -1.270613670349121,
        0.7385146021842957,
        0.29167431592941284,
        -1.0034054517745972,
        0.8746857047080994,
        -0.05459050089120865,
        1.188131332397461,
        -0.6080531477928162,
        -2.3310611248016357,
        -2.2517447471618652,
        0.19104526937007904,
        -2.301131010055542
    ],
    "jaw_pose": [
        0.02806073985993862,
        0.029326889663934708,
        -0.04069454222917557
    ],
    "leye_pose": [
        -0.19478698074817657,
        -0.23603111505508423,
        -2.025239944458008
    ],
    "reye_pose": [
        -0.1356995701789856,
        -0.22165915369987488,
        0.1739576756954193
    ],
    "expression": [
        -1.2965450286865234,
        -1.090187907218933,
        -0.23658514022827148,
        -0.12791162729263306,
        -0.34626176953315735,
        -1.0430583953857422,
        -0.15049202740192413,
        0.5678455829620361,
        -0.18966729938983917,
        0.43503594398498535
    ]
}