{
    "betas": [
        0.7346706390380859,
        -1.3884203433990479,
        0.5921152830123901,
        -2.0383360385894775,
        0.9466447830200195,
        -0.541568398475647,
        2.0594966411590576,
        -1.465659260749817,
        0.21967193484306335,
        -3.4435007572174072
    ],
    "global_orient": [
        -0.09484658390283585,
        -0.2767349183559418,
        0.012174800038337708
    ],
    "body_pose": [
        -0.0236044954508543,
        -0.07293621450662613,
        -0.023281145840883255,
        -0.05004727840423584,
        0.2870354652404785,
        -0.018088404089212418,
        0.13727234303951263,
        0.0552980937063694,
        0.029087968170642853,
        0.20981961488723755,
        0.011969617567956448,
        -0.006181648932397366,
        0.2140156328678131,
        -0.059887051582336426,
        0.017111804336309433,
        -0.04728616029024124,
        0.003247244283556938,
        -0.10078521817922592,
        0.04594768211245537,
        0.12576395273208618,
        -1.207965283356316e-06,
        0.00523923197761178,
        -0.2656334936618805,
        -2.1182361251703696e-06,
        -0.08836426585912704,
        -0.08442553877830505,
        -0.15799875557422638,
        1.329156134488585e-06,
        5.075447688795975e-07,
        4.194436371562915e-07,
        2.5352082388963026e-07,
        5.4744127453432156e-08,
        -3.207509990943436e-08,
        0.08830303698778152,
        -0.3112645447254181,
        0.2133268564939499,
        0.014952946454286575,
        0.05350670963525772,
        -0.2699397802352905,
        -0.19474029541015625,
        0.1641780138015747,
        -0.3476160168647766,
        -0.1223502829670906,
        -0.24887272715568542,
        -0.06343334913253784,
        0.0685352236032486,
        -0.07552745938301086,
        -0.6835808753967285,
        -0.11701571196317673,
        0.3637862801551819,
        -0.6436067223548889,
        0.30284738540649414,
        -0.3118132948875427,
        -0.16014033555984497,
        -0.27116137742996216,
        0.4093489944934845,
        -0.3384476900100708,
        0.33070507645606995,
        -0.13133397698402405,
        0.1151641458272934,
        -0.3152061402797699,
        0.04554714262485504,
        -0.19608484208583832
    ],
    "transl": [
        0.07069964706897736,
        1.622568130493164,
        -0.07600478082895279
    ],
    "left_hand_pose": [
        -0.9741384387016296,
        0.5073990821838379,
        -0.09464466571807861,
        -1.0150165557861328,
        0.6891641616821289,
        0.4546933174133301,
        0.26872241497039795,
        -0.4541333019733429,
        -1.5898462533950806,
        -1.326399326324463,
        -0.15765134990215302,
        -2.174700975418091
    ],
    "right_hand_pose": [
        -1.4279416799545288,
        0.16292957961559296,
        -0.7171408534049988,
        -0.03671598434448242,
        1.2958991527557373,
        -0.8222843408584595,
        0.49788451194763184,
        1.4672222137451172,
        -2.0546340942382812,
        -2.775346517562866,
        -0.25468066334724426,
        -5.198535442352295
    ],
    "jaw_pose": [
        0.0326680988073349,
        0.04004192352294922,
        -0.047513775527477264
    ],
    "leye_pose": [
        -0.08160006254911423,
        -0.10539273172616959,
        -2.2120518684387207
    ],
    "reye_pose": [
        -0.800369381904602,
        -0.7452276349067688,
        0.38778507709503174
    ],
    "expression": [
        -0.50794917345047,
        -1.3248496055603027,
        -0.1717115044593811,
        -0.04458007216453552,
        -0.42368283867836,
        -0.8003441691398621,
        -0.04948750138282776,
        0.5883204340934753,
        -0.3787572681903839,
        0.3800671696662903
    ]
}