{
    "betas": [
        0.7346706390380859,
        -1.3884203433990479,
        0.5921152830123901,
        -2.0383360385894775,
        0.9466447830200195,
        -0.541568398475647,
        2.0594966411590576,
        -1.465659260749817,
        0.21967193484306335,
        -3.4435007572174072
    ],
    "global_orient": [
        -0.06409339606761932,
        -0.33681246638298035,
        -0.002899870974943042
    ],
    "body_pose": [
        -0.0893533006310463,
        0.004244346637278795,
        0.0890093520283699,
        -0.009908641688525677,
        0.17348946630954742,
        0.024086061865091324,
        0.1128360778093338,
        -0.007316544186323881,
        0.010388430207967758,
        0.3449768126010895,
        0.0029673518147319555,
        -0.020106421783566475,
        0.1750519722700119,
        -0.014796382747590542,
        0.019149428233504295,
        0.012142790481448174,
        0.01699082739651203,
        -0.010519337840378284,
        0.11558150500059128,
        0.12690211832523346,
        -4.1871858229569625e-06,
        0.016482019796967506,
        -0.12289175391197205,
        5.037621804149239e-07,
        -0.11779434233903885,
        -0.028316305950284004,
        0.0019459452014416456,
        4.654451970509399e-07,
        -1.8712418281552345e-09,
        -1.5685982646118646e-07,
        -3.385871423233766e-07,
        3.135155850486626e-07,
        -3.386142566341732e-07,
        0.18059712648391724,
        -0.0003361931594554335,
        0.088359035551548,
        -0.1077202707529068,
        -0.1716284602880478,
        0.31512558460235596,
        -0.15648896992206573,
        0.17006348073482513,
        -0.31366920471191406,
        -0.13272163271903992,
        0.044234052300453186,
        -0.030449340119957924,
        0.021219955757260323,
        -0.3311319947242737,
        0.6361871361732483,
        -0.014495729468762875,
        0.3428945243358612,
        -0.5754008293151855,
        -0.10683251172304153,
        -0.24422021210193634,
        0.14702703058719635,
        -0.10973423719406128,
        0.5819400548934937,
        -0.3950977921485901,
        0.049523185938596725,
        -0.3930808901786804,
        0.431565523147583,
        -0.16028788685798645,
        0.244344562292099,
        -0.2602100372314453
    ],
    "transl": [
        0.022152716293931007,
        1.6298644542694092,
        -0.03509388491511345
    ],
    "left_hand_pose": [
        -1.3865463733673096,
        1.4175001382827759,
        -0.04122138395905495,
        -1.3525376319885254,
        0.4364981949329376,
        1.2047836780548096,
        0.839629590511322,
        -1.2460647821426392,
        -1.7051527500152588,
        -1.472848653793335,
        0.8876134753227234,
        -1.9271821975708008
    ],
    "right_hand_pose": [
        -1.3989179134368896,
        1.4137669801712036,
        0.3032796382904053,
        -1.1951414346694946,
        -0.1618126481771469,
        0.04323775693774223,
        1.2859139442443848,
        -0.7232820391654968,
        -2.248612642288208,
        -1.1860204935073853,
        1.5362030267715454,
        -1.2453895807266235
    ],
    "jaw_pose": [
        0.027369027957320213,
        0.01574435457587242,
        -0.03849952295422554
    ],
    "leye_pose": [
        0.05546663701534271,
        0.25939443707466125,
        -1.3579679727554321
    ],
    "reye_pose": [
        0.11468739807605743,
        -0.4824778139591217,
        0.06426835060119629
    ],
    "expression": [
        -1.2686219215393066,
        -0.7490423321723938,
        -0.423378586769104,
        0.016182566061615944,
        -0.560664713382721,
        -0.7722463011741638,
        -0.060138288885354996,
        0.4683871269226074,
        -0.15171664953231812,
        0.5897859334945679
    ]
}