{
    "betas": [
        0.7346706390380859,
        -1.3884203433990479,
        0.5921152830123901,
        -2.0383360385894775,
        0.9466447830200195,
        -0.541568398475647,
        2.0594966411590576,
        -1.465659260749817,
        0.21967193484306335,
        -3.4435007572174072
    ],
    "global_orient": [
        -0.12932993471622467,
        -0.31494641304016113,
        -0.0037757724057883024
    ],
    "body_pose": [
        0.02147486060857773,
        -0.046283524483442307,
        -0.027791911736130714,
        -0.018257534131407738,
        0.21987426280975342,
        -0.017096370458602905,
        0.16105078160762787,
        0.13324527442455292,
        0.023045025765895844,
        0.21008536219596863,
        0.024792630225419998,
        0.009601681493222713,
        0.21608734130859375,
        -0.04399154335260391,
        0.014924054965376854,
        -0.019230278208851814,
        -0.02557031437754631,
        -0.04010272026062012,
        0.047897033393383026,
        0.1638583242893219,
        -9.028278782352572e-07,
        -0.015048905275762081,
        -0.1896037459373474,
        -1.6815151866467204e-06,
        -0.09825176745653152,
        -0.14208675920963287,
        -0.11866377294063568,
        1.71260217030067e-06,
        5.737879291700665e-07,
        5.345258387023932e-07,
        -1.042202626422295e-07,
        4.094363603712736e-08,
        2.0580125692504225e-07,
        0.08682119846343994,
        -0.23217236995697021,
        0.14878161251544952,
        -0.0015597230521962047,
        -0.04425942525267601,
        -0.3108190596103668,
        -0.16827437281608582,
        0.15107788145542145,
        -0.14213262498378754,
        -0.10544854402542114,
        -0.1941593438386917,
        -0.052998583763837814,
        0.05815068632364273,
        -0.20970118045806885,
        -0.7749529480934143,
        -0.0020624350290745497,
        0.5344154834747314,
        -0.33466264605522156,
        0.12107246369123459,
        -0.30935660004615784,
        -0.1444627046585083,
        -0.11747750639915466,
        1.430009365081787,
        -0.6745339035987854,
        0.27993103861808777,
        -0.09031204879283905,
        0.2307794839143753,
        -0.16989010572433472,
        0.09583546221256256,
        -0.04871997982263565
    ],
    "transl": [
        0.07485992461442947,
        1.6206015348434448,
        -0.07386522740125656
    ],
    "left_hand_pose": [
        -1.0422067642211914,
        0.5488457083702087,
        -0.28675538301467896,
        -0.8728845119476318,
        0.455978125333786,
        0.4226222038269043,
        0.4036102592945099,
        -0.5558291077613831,
        -1.7706633806228638,
        -1.480116605758667,
        -0.015848323702812195,
        -2.613734483718872
    ],
    "right_hand_pose": [
        -1.4714503288269043,
        0.013610944151878357,
        -0.5644250512123108,
        -0.06218068674206734,
        1.408169150352478,
        -0.737880289554596,
        -0.10791017860174179,
        1.474883794784546,
        -1.2261840105056763,
        -2.1130530834198,
        0.19994224607944489,
        -4.413164138793945
    ],
    "jaw_pose": [
        0.033583175390958786,
        0.030449392274022102,
        -0.04761861637234688
    ],
    "leye_pose": [
        -0.265206903219223,
        0.07800053805112839,
        -1.942730188369751
    ],
    "reye_pose": [
        -0.1218249574303627,
        -0.10496631264686584,
        0.14018553495407104
    ],
    "expression": [
        -1.0113886594772339,
        -1.2170089483261108,
        -0.124446339905262,
        -0.0154377156868577,
        -0.3797542452812195,
        -0.934956967830658,
        -0.2603982985019684,
        0.5145524740219116,
        -0.31813982129096985,
        0.367092102766037
    ]
}