{
    "betas": [
        0.7346706390380859,
        -1.3884203433990479,
        0.5921152830123901,
        -2.0383360385894775,
        0.9466447830200195,
        -0.541568398475647,
        2.0594966411590576,
        -1.465659260749817,
        0.21967193484306335,
        -3.4435007572174072
    ],
    "global_orient": [
        0.011270195245742798,
        -0.847308337688446,
        -0.1039307713508606
    ],
    "body_pose": [
        -0.08325859904289246,
        -0.07267587631940842,
        -0.054604288190603256,
        -0.24817435443401337,
        0.08687900751829147,
        -0.06656569242477417,
        0.03259317949414253,
        0.015367679297924042,
        0.1164930909872055,
        0.21087881922721863,
        -0.17009715735912323,
        0.020648609846830368,
        0.5343359112739563,
        -0.03301747515797615,
        0.0026747381780296564,
        0.25857555866241455,
        0.05356819927692413,
        -0.06050597503781319,
        -0.08160264790058136,
        -0.02709920145571232,
        -3.4061355336234556e-07,
        -0.07663500308990479,
        -0.08206940442323685,
        8.491494440932001e-07,
        -0.027455706149339676,
        -0.016046103090047836,
        0.000893381133209914,
        5.020772064767698e-08,
        -4.0655498878550134e-07,
        1.6572460026509361e-07,
        -1.4977088085288415e-06,
        4.7247908696590457e-07,
        7.149491807467712e-07,
        -0.10649687051773071,
        0.06371011584997177,
        0.035055045038461685,
        0.016421934589743614,
        -0.16370178759098053,
        -0.31331485509872437,
        0.04616739600896835,
        0.13798296451568604,
        0.35585758090019226,
        -0.1498175412416458,
        0.07314449548721313,
        -0.015394793823361397,
        0.07702525705099106,
        -0.26147305965423584,
        -0.8184674382209778,
        0.12837713956832886,
        0.25195664167404175,
        0.6918055415153503,
        0.2800937592983246,
        -0.4021747410297394,
        -0.21685032546520233,
        0.31663602590560913,
        0.6013553142547607,
        0.16249807178974152,
        0.3664775788784027,
        -0.18607570230960846,
        0.14174413681030273,
        0.3998849093914032,
        0.05212614685297012,
        -0.23256313800811768
    ],
    "transl": [
        0.18140427768230438,
        1.6042674779891968,
        0.05803936719894409
    ],
    "left_hand_pose": [
        -1.1256622076034546,
        0.9484437704086304,
        -0.2648802697658539,
        -0.7621485590934753,
        -0.11112415790557861,
        0.4563063383102417,
        1.0860813856124878,
        -0.5725260376930237,
        -2.6556315422058105,
        -1.6558200120925903,
        0.40057438611984253,
        -2.1220436096191406
    ],
    "right_hand_pose": [
        -0.8078315854072571,
        0.523127019405365,
        -0.22519336640834808,
        -0.7655627727508545,
        -0.07337932288646698,
        0.12034119665622711,
        0.5362632870674133,
        -0.38027864694595337,
        -1.156076431274414,
        -0.9218500852584839,
        0.9530720710754395,
        -2.038940668106079
    ],
    "jaw_pose": [
        0.020292330533266068,
        0.035236943513154984,
        -0.03934893384575844
    ],
    "leye_pose": [
        -0.22659409046173096,
        -0.09215271472930908,
        0.23886841535568237
    ],
    "reye_pose": [
        -0.13515783846378326,
        -0.3138888478279114,
        -0.26756414771080017
    ],
    "expression": [
        -0.6622152328491211,
        -1.0143742561340332,
        -0.004063441883772612,
        -0.1270972490310669,
        -0.2536122500896454,
        -0.9082309007644653,
        -0.15331785380840302,
        0.6215959787368774,
        -0.0638241395354271,
        0.4176335632801056
    ]
}