{
    "betas": [
        0.7346706390380859,
        -1.3884203433990479,
        0.5921152830123901,
        -2.0383360385894775,
        0.9466447830200195,
        -0.541568398475647,
        2.0594966411590576,
        -1.465659260749817,
        0.21967193484306335,
        -3.4435007572174072
    ],
    "global_orient": [
        -0.08993097394704819,
        -0.2650241553783417,
        0.013502891175448895
    ],
    "body_pose": [
        -0.033918507397174835,
        -0.08255555480718613,
        -0.026816781610250473,
        -0.054176460951566696,
        0.27895620465278625,
        -0.023981666192412376,
        0.12749293446540833,
        0.0531463623046875,
        0.03804483264684677,
        0.2141237109899521,
        0.012137162499129772,
        0.0019145122496411204,
        0.21363595128059387,
        -0.0630890429019928,
        0.025410905480384827,
        -0.045436467975378036,
        -0.0022978615015745163,
        -0.10995461791753769,
        0.05293247848749161,
        0.10978350043296814,
        -1.521274612059642e-06,
        -0.009321015328168869,
        -0.2670724391937256,
        -2.2082192572270287e-06,
        -0.08293221145868301,
        -0.08440951257944107,
        -0.17621535062789917,
        1.6832415212775231e-06,
        5.004459353585844e-07,
        7.609537533426192e-07,
        -9.860372074399493e-08,
        1.233847086723472e-07,
        2.2877212302319094e-07,
        0.09141263365745544,
        -0.3068588972091675,
        0.22785456478595734,
        0.01741104945540428,
        0.06624872237443924,
        -0.2706848084926605,
        -0.17599989473819733,
        0.17269174754619598,
        -0.3553332984447479,
        -0.10735446214675903,
        -0.25368592143058777,
        -0.06507755070924759,
        0.07616906613111496,
        -0.0622050017118454,
        -0.6426088809967041,
        -0.09308131784200668,
        0.3522196412086487,
        -0.7488500475883484,
        0.2927056550979614,
        -0.2814899981021881,
        -0.15669621527194977,
        -0.457614004611969,
        0.12801097333431244,
        -0.20896916091442108,
        0.31127578020095825,
        -0.09060954302549362,
        0.1120358407497406,
        -0.3236218988895416,
        0.08516445010900497,
        -0.26674747467041016
    ],
    "transl": [
        0.06992469727993011,
        1.6224761009216309,
        -0.0761590301990509
    ],
    "left_hand_pose": [
        -0.9989099502563477,
        0.5204381346702576,
        -0.04306022450327873,
        -1.0192947387695312,
        0.5946970582008362,
        0.4165489077568054,
        0.46771568059921265,
        -0.5135718584060669,
        -2.002579689025879,
        -1.5162591934204102,
        -0.3023127019405365,
        -2.3095386028289795
    ],
    "right_hand_pose": [
        -1.3359440565109253,
        0.31282687187194824,
        -0.6797263026237488,
        -0.2518603801727295,
        1.4486613273620605,
        -0.9201062917709351,
        0.7128356695175171,
        1.3543983697891235,
        -2.3781676292419434,
        -3.0133328437805176,
        -0.40056800842285156,
        -5.107234001159668
    ],
    "jaw_pose": [
        0.032601963728666306,
        0.04189113900065422,
        -0.04705756902694702
    ],
    "leye_pose": [
        -0.1411086618900299,
        -0.12535221874713898,
        -2.1539361476898193
    ],
    "reye_pose": [
        -0.8963598012924194,
        -0.8541633486747742,
        0.5028435587882996
    ],
    "expression": [
        -0.5696773529052734,
        -1.3710250854492188,
        -0.2638956904411316,
        -0.0020165995229035616,
        -0.5097355842590332,
        -0.763122022151947,
        -0.07017477601766586,
        0.6199279427528381,
        -0.39385053515434265,
        0.47641444206237793
    ]
}