{
    "betas": [
        0.7346706390380859,
        -1.3884203433990479,
        0.5921152830123901,
        -2.0383360385894775,
        0.9466447830200195,
        -0.541568398475647,
        2.0594966411590576,
        -1.465659260749817,
        0.21967193484306335,
        -3.4435007572174072
    ],
    "global_orient": [
        -0.09840712696313858,
        -0.3735884428024292,
        -0.01588369347155094
    ],
    "body_pose": [
        0.008307157084345818,
        -0.05242010951042175,
        -0.012610131874680519,
        -0.08173175156116486,
        0.17668817937374115,
        0.00543717946857214,
        0.05821431428194046,
        -0.02084527537226677,
        -0.027800144627690315,
        0.22551502287387848,
        0.024034658446907997,
        0.021042166277766228,
        0.2894367575645447,
        -0.04363925755023956,
        0.006147848442196846,
        0.1678900122642517,
        -0.030162928625941277,
        0.029340706765651703,
        -0.018858496099710464,
        0.16953276097774506,
        3.635076240016133e-08,
        -0.06282227486371994,
        -0.09565623849630356,
        -1.2216409004395246e-06,
        -0.08059516549110413,
        -0.006448650732636452,
        0.013809489086270332,
        1.4318584362627007e-06,
        2.9167425807941072e-08,
        8.658632282276812e-07,
        3.7848810308105385e-08,
        1.251800938462111e-07,
        3.400705566036777e-07,
        0.01539413072168827,
        -0.07621904462575912,
        0.07587932050228119,
        -0.03386082872748375,
        -0.04161645099520683,
        -0.4210638701915741,
        0.029213927686214447,
        0.05755041539669037,
        0.30521345138549805,
        -0.0776316449046135,
        -0.06810556352138519,
        -0.005049158353358507,
        0.00385689758695662,
        -0.19663164019584656,
        -0.9256908893585205,
        0.114998459815979,
        0.16604013741016388,
        0.7140319347381592,
        0.09652140736579895,
        -0.3367161154747009,
        -0.10868896543979645,
        0.08114513009786606,
        1.4065899848937988,
        0.4485083818435669,
        0.2757432758808136,
        -0.0812017172574997,
        0.1654086858034134,
        0.23525965213775635,
        -0.0938984751701355,
        0.03196370229125023
    ],
    "transl": [
        0.06245826184749603,
        1.6125593185424805,
        -0.0635063424706459
    ],
    "left_hand_pose": [
        -0.9299107193946838,
        0.6715402007102966,
        -0.3781779110431671,
        -0.9309283494949341,
        0.5405687689781189,
        0.562061607837677,
        0.3026342988014221,
        -0.5361074209213257,
        -1.5723387002944946,
        -1.5553349256515503,
        -0.0622589997947216,
        -2.7973337173461914
    ],
    "right_hand_pose": [
        -1.0837444067001343,
        0.9193659424781799,
        -0.16672243177890778,
        -0.8809951543807983,
        0.566537618637085,
        0.07166437059640884,
        0.8002199530601501,
        -0.2982037365436554,
        -1.8566104173660278,
        -1.6410847902297974,
        0.062182895839214325,
        -2.1890437602996826
    ],
    "jaw_pose": [
        0.02242090553045273,
        0.02704787068068981,
        -0.04084758833050728
    ],
    "leye_pose": [
        -0.19622503221035004,
        -0.044699933379888535,
        -1.9181557893753052
    ],
    "reye_pose": [
        -0.24060136079788208,
        -0.2919943928718567,
        0.06027163192629814
    ],
    "expression": [
        -1.318100094795227,
        -0.8833811283111572,
        -0.19933465123176575,
        -0.14281226694583893,
        -0.37262773513793945,
        -0.9360414147377014,
        -0.12824322283267975,
        0.5188524127006531,
        -0.16820871829986572,
        0.41921642422676086
    ]
}