{
    "betas": [
        0.7346706390380859,
        -1.3884203433990479,
        0.5921152830123901,
        -2.0383360385894775,
        0.9466447830200195,
        -0.541568398475647,
        2.0594966411590576,
        -1.465659260749817,
        0.21967193484306335,
        -3.4435007572174072
    ],
    "global_orient": [
        -0.04325723648071289,
        -0.34860819578170776,
        -0.01960906945168972
    ],
    "body_pose": [
        -0.022962966933846474,
        -0.0324665792286396,
        0.03404998406767845,
        -0.11122782528400421,
        0.1953427940607071,
        0.030702684074640274,
        0.0971103385090828,
        -0.050470490008592606,
        0.02836591750383377,
        0.19745169579982758,
        0.03050624579191208,
        0.013502719812095165,
        0.27011269330978394,
        -0.055166903883218765,
        0.01866101659834385,
        0.027013780549168587,
        -0.023651836439967155,
        -0.006846694741398096,
        -0.005898665636777878,
        0.10912038385868073,
        -1.1264095292062848e-06,
        -0.012866132892668247,
        -0.12251655012369156,
        -1.5217323152683093e-06,
        -0.030252834782004356,
        -0.030408697202801704,
        0.028719542548060417,
        1.4104372212386806e-06,
        -5.116374168778748e-08,
        1.9641596793462668e-07,
        7.415044933622994e-07,
        3.9026710396683484e-07,
        -2.1906812719407753e-07,
        0.1329048126935959,
        0.04584702476859093,
        0.08500844985246658,
        -0.03457584232091904,
        0.20670071244239807,
        -0.24847492575645447,
        -0.04341556876897812,
        -0.18746471405029297,
        0.29843711853027344,
        -0.15265032649040222,
        0.08276726305484772,
        -0.0590495690703392,
        -0.02099890261888504,
        0.055117227137088776,
        -0.4976530373096466,
        -0.01863776706159115,
        -0.047503985464572906,
        0.5322786569595337,
        -0.07864078879356384,
        -0.30455100536346436,
        -0.16105367243289948,
        -0.011235693469643593,
        0.2784265875816345,
        0.09597887098789215,
        -0.042466651648283005,
        -0.008050401695072651,
        0.014015529304742813,
        0.03200472891330719,
        -0.15104976296424866,
        0.047420673072338104
    ],
    "transl": [
        0.043613236397504807,
        1.6168928146362305,
        -0.054393019527196884
    ],
    "left_hand_pose": [
        -0.9330706000328064,
        0.6980118155479431,
        -0.5399554967880249,
        -0.7825255990028381,
        0.6634867787361145,
        1.2030099630355835,
        -0.09873982518911362,
        -0.8177783489227295,
        -0.6154557466506958,
        -1.3255597352981567,
        -0.025033362209796906,
        -2.5399982929229736
    ],
    "right_hand_pose": [
        -0.8128886818885803,
        0.3157654404640198,
        -0.5265777111053467,
        -0.5082516670227051,
        0.427126407623291,
        0.3384511470794678,
        0.2861640155315399,
        -0.32373562455177307,
        -0.789966344833374,
        -1.4489048719406128,
        0.21487006545066833,
        -3.1491827964782715
    ],
    "jaw_pose": [
        0.010616625659167767,
        0.0233015026897192,
        -0.033702414482831955
    ],
    "leye_pose": [
        -0.18209032714366913,
        -0.22475546598434448,
        -1.9556691646575928
    ],
    "reye_pose": [
        -0.20357710123062134,
        -0.24293862283229828,
        -0.04196863994002342
    ],
    "expression": [
        -0.8216837644577026,
        -0.5432795286178589,
        -0.2001645714044571,
        -0.011919602751731873,
        -0.4030279517173767,
        -0.6400339007377625,
        -0.044602442532777786,
        0.4357347786426544,
        -0.17258530855178833,
        0.3091728091239929
    ]
}