{
    "betas": [
        0.7346706390380859,
        -1.3884203433990479,
        0.5921152830123901,
        -2.0383360385894775,
        0.9466447830200195,
        -0.541568398475647,
        2.0594966411590576,
        -1.465659260749817,
        0.21967193484306335,
        -3.4435007572174072
    ],
    "global_orient": [
        -0.031251125037670135,
        -0.3222690224647522,
        -0.01923329383134842
    ],
    "body_pose": [
        -0.0031527169048786163,
        0.0060301790945231915,
        0.042480286210775375,
        -0.07174044102430344,
        0.13068196177482605,
        0.04599802568554878,
        0.10606314241886139,
        -0.012215154245495796,
        0.04102103039622307,
        0.1477368026971817,
        -0.019851762801408768,
        0.025074120610952377,
        0.1946505755186081,
        -0.009716633707284927,
        -0.004252295941114426,
        -0.002332380972802639,
        -0.014315675012767315,
        -0.019450584426522255,
        0.027050264179706573,
        0.07459008693695068,
        -2.3969719222804997e-06,
        -0.014067700132727623,
        -0.09993463009595871,
        -3.2946931582955585e-07,
        -0.056073147803545,
        -0.04204626753926277,
        0.05579560995101929,
        1.2628507874978823e-06,
        -2.557511038503435e-07,
        -2.5435130623918667e-07,
        1.4827851657628344e-07,
        4.4537131316246814e-07,
        -5.155614530849562e-07,
        0.15915793180465698,
        0.009516960941255093,
        0.013676409609615803,
        -0.16710776090621948,
        0.12299489974975586,
        0.0063438802026212215,
        -0.17299149930477142,
        -0.1968693733215332,
        -0.018548164516687393,
        -0.17085787653923035,
        0.06991498917341232,
        -0.0054027605801820755,
        -0.29764193296432495,
        0.07837517559528351,
        0.12676256895065308,
        -0.30907464027404785,
        -0.13173174858093262,
        -0.0703505352139473,
        -0.40454551577568054,
        0.033405303955078125,
        -0.21668106317520142,
        -0.3043157458305359,
        0.09744035452604294,
        0.014670565724372864,
        -0.22484977543354034,
        0.06097256764769554,
        0.2964308261871338,
        -0.1855340152978897,
        -0.08775598555803299,
        -0.20520104467868805
    ],
    "transl": [
        0.03251447528600693,
        1.6255483627319336,
        -0.043318960815668106
    ],
    "left_hand_pose": [
        -0.835298478603363,
        1.3091458082199097,
        -0.782902717590332,
        -1.3788607120513916,
        0.8464512825012207,
        0.9681826233863831,
        -0.016702530905604362,
        -1.0096654891967773,
        -1.9641139507293701,
        -2.4327118396759033,
        -0.07271811366081238,
        -4.617536544799805
    ],
    "right_hand_pose": [
        -1.0149669647216797,
        1.147351622581482,
        -0.521562397480011,
        -1.3230990171432495,
        0.445902556180954,
        0.708324670791626,
        0.23424021899700165,
        -0.7719288468360901,
        -1.307817816734314,
        -1.8029680252075195,
        0.4043880105018616,
        -3.552199602127075
    ],
    "jaw_pose": [
        0.011039883829653263,
        0.01797807589173317,
        -0.030520208179950714
    ],
    "leye_pose": [
        -0.22163106501102448,
        -0.07757887989282608,
        -1.7682162523269653
    ],
    "reye_pose": [
        -0.21032017469406128,
        -0.27293986082077026,
        -0.09903747588396072
    ],
    "expression": [
        -0.8706167340278625,
        -0.5014156699180603,
        -0.25141602754592896,
        0.05478653684258461,
        -0.4146750271320343,
        -0.6365417838096619,
        -0.0777387022972107,
        0.39917895197868347,
        -0.19580571353435516,
        0.30217984318733215
    ]
}