{
    "betas": [
        0.7346706390380859,
        -1.3884203433990479,
        0.5921152830123901,
        -2.0383360385894775,
        0.9466447830200195,
        -0.541568398475647,
        2.0594966411590576,
        -1.465659260749817,
        0.21967193484306335,
        -3.4435007572174072
    ],
    "global_orient": [
        -0.021953189745545387,
        -0.3214831054210663,
        -0.024814525619149208
    ],
    "body_pose": [
        -0.01200126763433218,
        -0.010980223305523396,
        0.051152341067790985,
        -0.0633886381983757,
        0.1238580122590065,
        0.051169730722904205,
        0.09576164931058884,
        -0.00516631081700325,
        0.06448442488908768,
        0.16168570518493652,
        -0.014321551658213139,
        0.02825966291129589,
        0.1731628179550171,
        0.001649236772209406,
        0.006633424665778875,
        -0.012191385962069035,
        -0.00437018321827054,
        -0.04110397398471832,
        0.0448998287320137,
        0.09401741623878479,
        -2.309378487552749e-06,
        0.015966925770044327,
        -0.11612939834594727,
        -4.5979706442267343e-07,
        -0.06769265234470367,
        -0.02847142703831196,
        0.03226470574736595,
        1.3004514585190918e-06,
        3.038657681031509e-08,
        -4.1423254515393637e-07,
        7.74188464447434e-08,
        3.6612061649066163e-07,
        -3.6347674381431716e-07,
        0.1747182458639145,
        -0.025028523057699203,
        0.054101523011922836,
        -0.13561387360095978,
        0.03992108628153801,
        0.10951646417379379,
        -0.21750995516777039,
        -0.10877572000026703,
        -0.1286962628364563,
        -0.16401401162147522,
        0.07402364164590836,
        2.562156441854313e-05,
        -0.19392919540405273,
        0.028525615110993385,
        0.3857676386833191,
        -0.3959842324256897,
        -0.08426043391227722,
        -0.38087230920791626,
        -0.45789214968681335,
        0.11754333972930908,
        -0.2542267441749573,
        -0.4451223313808441,
        -0.002899288898333907,
        0.04858401045203209,
        -0.4839830994606018,
        0.0928172692656517,
        0.31814759969711304,
        -0.3030652701854706,
        -0.13666804134845734,
        -0.2517161965370178
    ],
    "transl": [
        0.027967384085059166,
        1.6278150081634521,
        -0.039607707411050797
    ],
    "left_hand_pose": [
        -0.5375007390975952,
        1.229758381843567,
        -0.6046416759490967,
        -1.3646491765975952,
        1.0427138805389404,
        0.39184924960136414,
        0.1717420220375061,
        -1.0822043418884277,
        -2.9185128211975098,
        -3.2301666736602783,
        -0.44013145565986633,
        -5.91762638092041
    ],
    "right_hand_pose": [
        -0.9071184396743774,
        1.2089647054672241,
        -0.4376853108406067,
        -1.424372673034668,
        0.5540550947189331,
        0.3741276264190674,
        0.4894665479660034,
        -0.7487238049507141,
        -2.2978413105010986,
        -2.4390711784362793,
        -0.0631880834698677,
        -4.549453258514404
    ],
    "jaw_pose": [
        0.014026706106960773,
        0.017057275399565697,
        -0.0320739671587944
    ],
    "leye_pose": [
        -0.19976051151752472,
        -0.06088047847151756,
        -1.7642720937728882
    ],
    "reye_pose": [
        -0.283387690782547,
        -0.33726298809051514,
        0.0026907536666840315
    ],
    "expression": [
        -1.0265424251556396,
        -0.6003926992416382,
        -0.2746884226799011,
        0.026889953762292862,
        -0.4559022784233093,
        -0.7520390152931213,
        -0.10259082913398743,
        0.43611133098602295,
        -0.19599661231040955,
        0.368714839220047
    ]
}