{
    "betas": [
        0.7346706390380859,
        -1.3884203433990479,
        0.5921152830123901,
        -2.0383360385894775,
        0.9466447830200195,
        -0.541568398475647,
        2.0594966411590576,
        -1.465659260749817,
        0.21967193484306335,
        -3.4435007572174072
    ],
    "global_orient": [
        -0.03867470845580101,
        -0.3591831624507904,
        -0.013796265237033367
    ],
    "body_pose": [
        -0.04079069942235947,
        -0.062024667859077454,
        0.01719716005027294,
        -0.12932689487934113,
        0.19410409033298492,
        0.01829303801059723,
        0.02940235286951065,
        -0.046292755752801895,
        0.002665339270606637,
        0.22289840877056122,
        0.044891439378261566,
        0.011969504877924919,
        0.2750903069972992,
        -0.05941127613186836,
        0.019309408962726593,
        0.123042993247509,
        -0.03199659660458565,
        0.00467343907803297,
        -0.027961360290646553,
        0.16536246240139008,
        -3.8354368570026054e-08,
        -0.06605734676122665,
        -0.09991118311882019,
        -1.2569843192977714e-06,
        -0.05550394207239151,
        -0.02077062986791134,
        0.045914176851511,
        1.236391085512878e-06,
        2.177981741624535e-07,
        7.741668355265574e-07,
        4.187150466350431e-07,
        3.859623234347964e-07,
        2.7235975608164154e-07,
        0.10588094592094421,
        0.041587475687265396,
        0.08158174157142639,
        -0.0254985261708498,
        0.09748366475105286,
        -0.3073987066745758,
        -0.03845289349555969,
        -0.08371669799089432,
        0.35729461908340454,
        -0.11150011420249939,
        0.06757570058107376,
        -0.058638788759708405,
        -0.020630910992622375,
        -0.02902229316532612,
        -0.8365669846534729,
        -0.06907933950424194,
        -0.048152338713407516,
        0.8463851809501648,
        -0.05299687385559082,
        -0.16459569334983826,
        -0.1320056915283203,
        -0.03787175193428993,
        0.3198956847190857,
        0.06654146313667297,
        0.0036925969179719687,
        0.06324613094329834,
        0.04131678119301796,
        -0.08666253089904785,
        -0.1462402194738388,
        0.06945034116506577
    ],
    "transl": [
        0.04824712127447128,
        1.6130681037902832,
        -0.057056814432144165
    ],
    "left_hand_pose": [
        -0.7267597913742065,
        0.2711542844772339,
        -0.11795824766159058,
        -0.8302789330482483,
        1.3727068901062012,
        0.7128660678863525,
        -0.4445645809173584,
        -0.8686655163764954,
        -1.765294075012207,
        -2.1983907222747803,
        -1.093189001083374,
        -3.5334091186523438
    ],
    "right_hand_pose": [
        -0.9961978197097778,
        0.22627906501293182,
        -0.552396297454834,
        -0.3075900971889496,
        0.4534794092178345,
        -0.042642563581466675,
        0.5120381116867065,
        -0.04958892986178398,
        -1.115025520324707,
        -2.0350213050842285,
        -0.07795584946870804,
        -4.4301652908325195
    ],
    "jaw_pose": [
        0.013950269669294357,
        0.023695431649684906,
        -0.032231952995061874
    ],
    "leye_pose": [
        -0.23146575689315796,
        -0.1917686015367508,
        -1.9689940214157104
    ],
    "reye_pose": [
        -0.1332312971353531,
        -0.2703896462917328,
        0.039381109178066254
    ],
    "expression": [
        -1.0276693105697632,
        -0.5855734944343567,
        -0.26017487049102783,
        -0.025001216679811478,
        -0.4551866948604584,
        -0.7341703772544861,
        -0.13859182596206665,
        0.46227508783340454,
        -0.1792900413274765,
        0.36525750160217285
    ]
}