{
    "betas": [
        0.7346706390380859,
        -1.3884203433990479,
        0.5921152830123901,
        -2.0383360385894775,
        0.9466447830200195,
        -0.541568398475647,
        2.0594966411590576,
        -1.465659260749817,
        0.21967193484306335,
        -3.4435007572174072
    ],
    "global_orient": [
        -0.023711485788226128,
        -0.6947358250617981,
        -0.0753716453909874
    ],
    "body_pose": [
        -0.0778130292892456,
        -0.09214931726455688,
        -0.039195265620946884,
        -0.14301908016204834,
        0.18895810842514038,
        -0.06565263867378235,
        0.039454538375139236,
        0.07117880135774612,
        0.05893132835626602,
        0.2498941719532013,
        -0.232268825173378,
        -0.0021801304537802935,
        0.28697964549064636,
        0.08757022768259048,
        -0.032715704292058945,
        0.17951564490795135,
        0.022245924919843674,
        -0.02374350093305111,
        -0.11822181195020676,
        -0.15332601964473724,
        -4.247352762831724e-07,
        -0.05997638404369354,
        0.10508912801742554,
        2.687148025870556e-06,
        0.05592643842101097,
        -0.015998475253582,
        -0.0015546383801847696,
        -3.6517499779620266e-07,
        -6.177516524985549e-07,
        1.195161081213314e-09,
        -1.4244639032767736e-06,
        3.5209637871957966e-07,
        4.971562361788529e-07,
        -0.13790155947208405,
        0.039306920021772385,
        0.029077086597681046,
        -0.009364157915115356,
        -0.2935112416744232,
        -0.2922380864620209,
        0.024233369156718254,
        0.28995758295059204,
        0.339134156703949,
        -0.1318720579147339,
        0.029051341116428375,
        0.008242325857281685,
        0.06311451643705368,
        -0.5076421499252319,
        -0.8348754048347473,
        0.19620780646800995,
        0.4112239480018616,
        0.6888154745101929,
        0.3323492109775543,
        -0.5122350454330444,
        -0.20696721971035004,
        0.35666394233703613,
        0.737126886844635,
        0.23536454141139984,
        0.48795440793037415,
        -0.2508508265018463,
        0.12426923215389252,
        0.5777877569198608,
        0.09977155178785324,
        -0.004077243153005838
    ],
    "transl": [
        0.150394469499588,
        1.6005257368087769,
        0.037340909242630005
    ],
    "left_hand_pose": [
        -0.9665987491607666,
        0.705138623714447,
        -0.21107293665409088,
        -0.9958285093307495,
        0.05224055424332619,
        0.6733546257019043,
        0.7210527062416077,
        -0.5410295128822327,
        -1.7217323780059814,
        -1.2450065612792969,
        0.39027032256126404,
        -1.7295172214508057
    ],
    "right_hand_pose": [
        -0.8423897624015808,
        0.36851510405540466,
        -0.3042706847190857,
        -0.7222486734390259,
        -0.10179577767848969,
        0.6878466606140137,
        0.4552857279777527,
        -0.45201975107192993,
        -0.790813148021698,
        -0.8428564667701721,
        0.7465834617614746,
        -2.148599863052368
    ],
    "jaw_pose": [
        0.012540757656097412,
        0.0309765487909317,
        -0.03636528179049492
    ],
    "leye_pose": [
        -0.08685564249753952,
        -0.1505809873342514,
        0.13221728801727295
    ],
    "reye_pose": [
        -0.03788284957408905,
        -0.20358659327030182,
        -0.31680652499198914
    ],
    "expression": [
        -0.9738970994949341,
        -0.9024143218994141,
        -0.23442214727401733,
        -0.12442906945943832,
        -0.38705646991729736,
        -0.9206156134605408,
        -0.15921269357204437,
        0.5967829823493958,
        -0.1309189647436142,
        0.4589579403400421
    ]
}