{
    "betas": [
        0.7346706390380859,
        -1.3884203433990479,
        0.5921152830123901,
        -2.0383360385894775,
        0.9466447830200195,
        -0.541568398475647,
        2.0594966411590576,
        -1.465659260749817,
        0.21967193484306335,
        -3.4435007572174072
    ],
    "global_orient": [
        -0.008453349582850933,
        -0.750379204750061,
        -0.0758945494890213
    ],
    "body_pose": [
        -0.08448981493711472,
        -0.12669172883033752,
        -0.0519176609814167,
        -0.17186544835567474,
        0.2088666409254074,
        -0.07856666296720505,
        0.03655325621366501,
        0.0577082522213459,
        0.06427415460348129,
        0.23688171803951263,
        -0.17432363331317902,
        -0.0011638716096058488,
        0.32141798734664917,
        0.053959209471940994,
        -0.015070077031850815,
        0.18933837115764618,
        0.03769353777170181,
        -0.03568318113684654,
        -0.10473906248807907,
        -0.07593093812465668,
        -7.045697998364631e-07,
        -0.08674496412277222,
        0.026584487408399582,
        2.084297875626362e-06,
        0.04382431134581566,
        -0.018476232886314392,
        0.0031716194935142994,
        5.766958466324468e-08,
        -4.904911179437477e-07,
        7.447940220117744e-08,
        -1.3274468528834404e-06,
        6.643819716600774e-08,
        5.738500021834625e-07,
        -0.13720139861106873,
        0.0381823293864727,
        0.0331299751996994,
        0.001377616892568767,
        -0.25377708673477173,
        -0.3013549745082855,
        0.03974414989352226,
        0.24552446603775024,
        0.3474959433078766,
        -0.14227434992790222,
        0.05881401523947716,
        0.0012058578431606293,
        0.14001114666461945,
        -0.4808424711227417,
        -0.8270012140274048,
        0.13979868590831757,
        0.3220078945159912,
        0.7120890617370605,
        0.4860340356826782,
        -0.42582380771636963,
        -0.15011630952358246,
        0.3765084147453308,
        0.6644901633262634,
        0.22415682673454285,
        0.3088376522064209,
        -0.24066579341888428,
        0.1302669197320938,
        0.5842246413230896,
        0.1271335631608963,
        -0.07821031659841537
    ],
    "transl": [
        0.1608119010925293,
        1.600737452507019,
        0.04308454692363739
    ],
    "left_hand_pose": [
        -0.9752858281135559,
        0.5907066464424133,
        -0.2124619483947754,
        -0.8561969995498657,
        0.1493775099515915,
        0.6865046620368958,
        0.7914341688156128,
        -0.6302354335784912,
        -1.998181939125061,
        -1.3468431234359741,
        0.36987853050231934,
        -1.9376301765441895
    ],
    "right_hand_pose": [
        -0.8280948400497437,
        0.21076533198356628,
        -0.4779107868671417,
        -0.7991989850997925,
        -0.15162290632724762,
        0.562553346157074,
        0.42270582914352417,
        -0.3496234714984894,
        -0.9587368965148926,
        -0.7742635607719421,
        0.5860044956207275,
        -2.1189162731170654
    ],
    "jaw_pose": [
        0.013148624449968338,
        0.03335145488381386,
        -0.03823050111532211
    ],
    "leye_pose": [
        -0.17822007834911346,
        -0.1180398017168045,
        0.2268620729446411
    ],
    "reye_pose": [
        -0.05833318084478378,
        -0.1916835457086563,
        -0.3342798948287964
    ],
    "expression": [
        -0.7025918364524841,
        -0.9390568137168884,
        -0.06080756336450577,
        -0.1562839150428772,
        -0.2772865295410156,
        -0.9035293459892273,
        -0.15630151331424713,
        0.6265882849693298,
        -0.06096368655562401,
        0.4418218731880188
    ]
}