{
    "betas": [
        0.7346706390380859,
        -1.3884203433990479,
        0.5921152830123901,
        -2.0383360385894775,
        0.9466447830200195,
        -0.541568398475647,
        2.0594966411590576,
        -1.465659260749817,
        0.21967193484306335,
        -3.4435007572174072
    ],
    "global_orient": [
        -0.1027342677116394,
        -0.28259697556495667,
        0.009074965491890907
    ],
    "body_pose": [
        -0.009510793723165989,
        -0.06731384247541428,
        -0.019291697070002556,
        -0.0387333445250988,
        0.2789851129055023,
        -0.011754048988223076,
        0.1489982157945633,
        0.052194129675626755,
        0.03578009828925133,
        0.20580638945102692,
        0.012108970433473587,
        -0.011520816013216972,
        0.21023966372013092,
        -0.05395730584859848,
        0.009170280769467354,
        -0.04422349855303764,
        0.006237579509615898,
        -0.1054946705698967,
        0.07087429612874985,
        0.12226042151451111,
        -1.2829466413677437e-06,
        0.00634125666692853,
        -0.2588330805301666,
        -1.9574347334128106e-06,
        -0.10400314629077911,
        -0.0808013379573822,
        -0.15877050161361694,
        1.5725327102700248e-06,
        4.450652113519027e-07,
        2.7166672111889056e-07,
        -2.4820151267590518e-08,
        3.270895660989481e-07,
        -1.7526552653635008e-07,
        0.1001242995262146,
        -0.30893832445144653,
        0.22638092935085297,
        0.025509938597679138,
        0.03964173421263695,
        -0.25571513175964355,
        -0.19254301488399506,
        0.15223675966262817,
        -0.3089160919189453,
        -0.12550397217273712,
        -0.2208017259836197,
        -0.0713767558336258,
        0.07655631005764008,
        -0.10825824737548828,
        -0.7156711220741272,
        -0.07966180145740509,
        0.37288758158683777,
        -0.5725041627883911,
        0.2915521264076233,
        -0.3349812924861908,
        -0.15715214610099792,
        -0.3152643144130707,
        0.6684485077857971,
        -0.4359176754951477,
        0.30039745569229126,
        -0.15392228960990906,
        0.13079741597175598,
        -0.20098966360092163,
        0.04296927899122238,
        -0.13378557562828064
    ],
    "transl": [
        0.07125768810510635,
        1.6238383054733276,
        -0.07550789415836334
    ],
    "left_hand_pose": [
        -0.9947195053100586,
        0.576299786567688,
        -0.09563162177801132,
        -1.0514476299285889,
        0.781584620475769,
        0.38048693537712097,
        0.3199763000011444,
        -0.49706777930259705,
        -1.493212103843689,
        -1.377207636833191,
        -0.10728046298027039,
        -2.2710444927215576
    ],
    "right_hand_pose": [
        -1.4882463216781616,
        0.1810201108455658,
        -0.6097809672355652,
        -0.013576659373939037,
        1.2825229167938232,
        -0.875995934009552,
        0.552451491355896,
        1.4257581233978271,
        -1.889144778251648,
        -3.036466360092163,
        -0.5661818385124207,
        -5.584175109863281
    ],
    "jaw_pose": [
        0.033356405794620514,
        0.03904448449611664,
        -0.04896226152777672
    ],
    "leye_pose": [
        -0.21570546925067902,
        -0.20521791279315948,
        -2.2108709812164307
    ],
    "reye_pose": [
        -0.6748140454292297,
        -0.7116740345954895,
        0.5135973691940308
    ],
    "expression": [
        -0.8670315146446228,
        -1.515055775642395,
        -0.1525285542011261,
        -0.021332677453756332,
        -0.45961636304855347,
        -0.9145471453666687,
        -0.07604236900806427,
        0.5772990584373474,
        -0.3815678358078003,
        0.46776169538497925
    ]
}