{
    "betas": [
        0.7346706390380859,
        -1.3884203433990479,
        0.5921152830123901,
        -2.0383360385894775,
        0.9466447830200195,
        -0.541568398475647,
        2.0594966411590576,
        -1.465659260749817,
        0.21967193484306335,
        -3.4435007572174072
    ],
    "global_orient": [
        -0.024626249447464943,
        -0.3163468837738037,
        -0.023956390097737312
    ],
    "body_pose": [
        -0.007298893295228481,
        -0.003869535867124796,
        0.045658208429813385,
        -0.06761220097541809,
        0.1057433933019638,
        0.045852333307266235,
        0.09514787793159485,
        -0.018778230994939804,
        0.06071818992495537,
        0.15634310245513916,
        -0.0229484885931015,
        0.028548406437039375,
        0.18233643472194672,
        -0.0001566217833897099,
        0.0031661747489124537,
        -0.009555364958941936,
        -0.0086229108273983,
        -0.029802829027175903,
        0.022563988342881203,
        0.08380385488271713,
        -2.3807465368008707e-06,
        -0.009861983358860016,
        -0.09341558814048767,
        3.288574390580834e-08,
        -0.045582838356494904,
        -0.026606593281030655,
        0.047256551682949066,
        1.3166460348656983e-06,
        1.1522419463005917e-08,
        -3.6257981150811247e-07,
        -1.0505274872230075e-08,
        3.421299368255859e-07,
        -1.4793435809679067e-07,
        0.14933961629867554,
        0.00014957277744542807,
        0.01911248080432415,
        -0.1688428372144699,
        0.0759260356426239,
        0.05204414576292038,
        -0.17238523066043854,
        -0.1640830785036087,
        -0.0755491554737091,
        -0.16701358556747437,
        0.056704334914684296,
        0.002281947759911418,
        -0.19831302762031555,
        0.04950732737779617,
        0.2613033950328827,
        -0.32259833812713623,
        -0.10908256471157074,
        -0.2345908135175705,
        -0.46299588680267334,
        0.08726195245981216,
        -0.23362141847610474,
        -0.42679163813591003,
        0.028480980545282364,
        0.027735888957977295,
        -0.41863468289375305,
        0.10395985841751099,
        0.2965257167816162,
        -0.26434266567230225,
        -0.11945288628339767,
        -0.24448713660240173
    ],
    "transl": [
        0.03188270702958107,
        1.6262202262878418,
        -0.04014158621430397
    ],
    "left_hand_pose": [
        -0.6509476900100708,
        1.3112534284591675,
        -0.6851305365562439,
        -1.421662449836731,
        1.0450432300567627,
        0.62592613697052,
        0.12123053520917892,
        -1.0709843635559082,
        -2.549241781234741,
        -2.9156668186187744,
        -0.2299620658159256,
        -5.287329196929932
    ],
    "right_hand_pose": [
        -0.9934053421020508,
        1.3206709623336792,
        -0.49831220507621765,
        -1.4546276330947876,
        0.5430895686149597,
        0.46818897128105164,
        0.37837353348731995,
        -0.8095318675041199,
        -2.002662420272827,
        -2.2978711128234863,
        0.11579674482345581,
        -4.2732954025268555
    ],
    "jaw_pose": [
        0.012438492849469185,
        0.017290722578763962,
        -0.03026527725160122
    ],
    "leye_pose": [
        -0.05651314929127693,
        -0.20984342694282532,
        -1.917146921157837
    ],
    "reye_pose": [
        -0.2734980285167694,
        -0.40104562044143677,
        0.04337227717041969
    ],
    "expression": [
        -0.9464101791381836,
        -0.5263025760650635,
        -0.21515938639640808,
        0.12689222395420074,
        -0.45985206961631775,
        -0.6638960242271423,
        -0.0984761193394661,
        0.4100370705127716,
        -0.21396562457084656,
        0.3214847147464752
    ]
}