{
    "betas": [
        0.7346706390380859,
        -1.3884203433990479,
        0.5921152830123901,
        -2.0383360385894775,
        0.9466447830200195,
        -0.541568398475647,
        2.0594966411590576,
        -1.465659260749817,
        0.21967193484306335,
        -3.4435007572174072
    ],
    "global_orient": [
        -0.0819542184472084,
        -0.6225428581237793,
        -0.06176856905221939
    ],
    "body_pose": [
        -0.05702512711286545,
        -0.04557148739695549,
        -0.034955449402332306,
        -0.10104452818632126,
        0.24089737236499786,
        -0.04837678372859955,
        0.11077684909105301,
        0.06717637926340103,
        0.024908030405640602,
        0.29362785816192627,
        -0.26375290751457214,
        -0.0048849983140826225,
        0.3401324450969696,
        0.03807644173502922,
        -0.030320728197693825,
        0.1588718444108963,
        0.045717865228652954,
        0.005555217619985342,
        -0.10722415149211884,
        -0.2403767853975296,
        -1.6229397488132236e-06,
        -0.07686584442853928,
        0.02619197778403759,
        8.817837056085409e-07,
        0.004586196504533291,
        -0.011018306016921997,
        0.006118340417742729,
        -9.538358654026524e-07,
        -1.405285388500488e-06,
        -1.6679841507993842e-07,
        -1.0661660780897364e-06,
        4.682846679315844e-07,
        3.980513554324716e-07,
        -0.08645941317081451,
        -0.019234150648117065,
        -0.024977371096611023,
        -0.057826653122901917,
        -0.3618718683719635,
        -0.27235502004623413,
        -0.006617969833314419,
        0.35044991970062256,
        0.25890687108039856,
        -0.12872985005378723,
        0.04068806767463684,
        0.03860178962349892,
        0.09689605236053467,
        -0.6638879776000977,
        -0.8129974603652954,
        0.1696709394454956,
        0.5669483542442322,
        0.5897794961929321,
        0.30646687746047974,
        -0.756956160068512,
        -0.1017751470208168,
        0.3579237759113312,
        0.9441203474998474,
        0.3373091518878937,
        0.5042773485183716,
        -0.28691160678863525,
        0.11988095939159393,
        0.6874794960021973,
        0.1321524977684021,
        0.006969064474105835
    ],
    "transl": [
        0.13433149456977844,
        1.6031742095947266,
        0.02009458839893341
    ],
    "left_hand_pose": [
        -1.0633430480957031,
        1.1096913814544678,
        -0.10173951089382172,
        -1.4956241846084595,
        0.5891369581222534,
        0.34212079644203186,
        0.6177902817726135,
        -0.7120533585548401,
        -2.9245364665985107,
        -2.0015039443969727,
        -0.027960455045104027,
        -2.5536274909973145
    ],
    "right_hand_pose": [
        -0.8953114151954651,
        0.7986648678779602,
        -0.4095822274684906,
        -1.1234441995620728,
        -0.007221962325274944,
        0.14987137913703918,
        0.883183479309082,
        -0.16845755279064178,
        -1.0124129056930542,
        -0.6569011211395264,
        1.3009568452835083,
        -1.2616392374038696
    ],
    "jaw_pose": [
        0.011297939345240593,
        0.02793460711836815,
        -0.0371430367231369
    ],
    "leye_pose": [
        0.1346815973520279,
        -0.15012794733047485,
        -0.08484482765197754
    ],
    "reye_pose": [
        0.06951477378606796,
        -0.28766369819641113,
        -0.21667903661727905
    ],
    "expression": [
        -1.0438157320022583,
        -0.855800211429596,
        -0.2824043929576874,
        -0.11846355348825455,
        -0.3972245156764984,
        -0.9552178978919983,
        -0.1402987688779831,
        0.5462000966072083,
        -0.12193982303142548,
        0.5167502760887146
    ]
}