{
    "betas": [
        0.7346706390380859,
        -1.3884203433990479,
        0.5921152830123901,
        -2.0383360385894775,
        0.9466447830200195,
        -0.541568398475647,
        2.0594966411590576,
        -1.465659260749817,
        0.21967193484306335,
        -3.4435007572174072
    ],
    "global_orient": [
        -0.007530121598392725,
        -1.0002344846725464,
        -0.11551722139120102
    ],
    "body_pose": [
        -0.05335041508078575,
        -0.1100282222032547,
        -0.08650805056095123,
        -0.22638072073459625,
        0.056086983531713486,
        -0.09631626307964325,
        0.12469428777694702,
        0.007066564168781042,
        0.019508957862854004,
        0.18614818155765533,
        -0.032138604670763016,
        0.005256274249404669,
        0.6734722256660461,
        -0.0429115928709507,
        0.147446870803833,
        0.12893517315387726,
        -0.012170628644526005,
        0.01133065763860941,
        -0.10209820419549942,
        0.0247169379144907,
        1.1122657497253385e-06,
        -0.036059651523828506,
        -0.044745925813913345,
        1.2943622778038844e-06,
        0.033544979989528656,
        0.015255129896104336,
        0.022922389209270477,
        1.6099835420391173e-06,
        1.482494127458267e-07,
        4.723821973584563e-07,
        -1.3014371234021382e-06,
        4.43548145767636e-07,
        1.1404979431972606e-06,
        -0.08054697513580322,
        0.11581497639417648,
        0.06862261891365051,
        0.018159689381718636,
        0.021467633545398712,
        -0.1650150716304779,
        0.018810058012604713,
        0.09589258581399918,
        0.2515639662742615,
        -0.18695810437202454,
        0.1453293263912201,
        -0.06934332102537155,
        0.08347614109516144,
        -0.1777777075767517,
        -0.9160482287406921,
        0.05390208959579468,
        0.20242470502853394,
        0.7117540240287781,
        0.10694144666194916,
        -0.4531475007534027,
        -0.25258925557136536,
        0.11068160086870193,
        0.6203558444976807,
        0.14664672315120697,
        0.3105762302875519,
        -0.1948542594909668,
        0.15766923129558563,
        0.30412477254867554,
        0.0754319354891777,
        -0.1959693431854248
    ],
    "transl": [
        0.20805023610591888,
        1.596310019493103,
        0.07035837322473526
    ],
    "left_hand_pose": [
        -1.0220394134521484,
        1.0475080013275146,
        -0.4100383222103119,
        -1.0513505935668945,
        0.5730018615722656,
        0.6584228873252869,
        0.10487298667430878,
        -0.6376623511314392,
        -1.5192251205444336,
        -1.8966219425201416,
        -0.169887974858284,
        -3.226977586746216
    ],
    "right_hand_pose": [
        -0.7728357911109924,
        0.7990210652351379,
        -0.4497976005077362,
        -1.1068899631500244,
        0.304150253534317,
        0.6835891008377075,
        0.015669742599129677,
        -0.5009004473686218,
        -0.7251626253128052,
        -0.9143543243408203,
        0.9793535470962524,
        -2.347989082336426
    ],
    "jaw_pose": [
        0.021602684631943703,
        0.03487618640065193,
        -0.029359199106693268
    ],
    "leye_pose": [
        -0.4969222843647003,
        -0.1776570826768875,
        0.37428638339042664
    ],
    "reye_pose": [
        -0.43158096075057983,
        -0.2834379971027374,
        -0.5595409274101257
    ],
    "expression": [
        -0.10688883066177368,
        -0.6329337358474731,
        0.3745903968811035,
        -0.3842405378818512,
        -0.2347862273454666,
        -0.635112464427948,
        -0.11895827203989029,
        0.5038792490959167,
        -0.1049058586359024,
        0.07317085564136505
    ]
}