{
    "betas": [
        0.7346706390380859,
        -1.3884203433990479,
        0.5921152830123901,
        -2.0383360385894775,
        0.9466447830200195,
        -0.541568398475647,
        2.0594966411590576,
        -1.465659260749817,
        0.21967193484306335,
        -3.4435007572174072
    ],
    "global_orient": [
        -0.09611504524946213,
        -0.5939302444458008,
        -0.04562266916036606
    ],
    "body_pose": [
        -0.05720836669206619,
        -0.017117802053689957,
        -0.03867816552519798,
        -0.09018044173717499,
        0.2713680863380432,
        -0.050831254571676254,
        0.12844260036945343,
        0.053179219365119934,
        0.027842598035931587,
        0.30052754282951355,
        -0.2774735391139984,
        0.0004439476178959012,
        0.3577958047389984,
        0.01239862386137247,
        -0.023277755826711655,
        0.12996920943260193,
        0.04287966340780258,
        0.000587081944104284,
        -0.09295264631509781,
        -0.2685246765613556,
        -1.7109930467995582e-06,
        -0.04854322224855423,
        -0.030398396775126457,
        3.462045299329475e-07,
        -0.012443626299500465,
        0.016651922836899757,
        -0.024006659165024757,
        -6.048574618944258e-07,
        -1.2334061239016592e-06,
        -6.312902200988901e-08,
        -7.033195288386196e-07,
        4.96903794555692e-07,
        6.01409396949748e-07,
        -0.03984865918755531,
        -0.014033492654561996,
        -0.0033954614773392677,
        -0.08752405643463135,
        -0.3824474513530731,
        -0.20305998623371124,
        -0.052906446158885956,
        0.3734920620918274,
        0.2361932247877121,
        -0.12990045547485352,
        0.016820700839161873,
        0.02877233922481537,
        0.08081265538930893,
        -0.7182552218437195,
        -0.7632396817207336,
        0.10856623947620392,
        0.5672006607055664,
        0.5912801027297974,
        0.20259161293506622,
        -0.9401512145996094,
        -0.1918441355228424,
        0.3562013506889343,
        1.088208794593811,
        0.3284362256526947,
        0.5465717315673828,
        -0.20944420993328094,
        0.26991114020347595,
        0.6835764646530151,
        0.11964282393455505,
        0.04157009348273277
    ],
    "transl": [
        0.12692542374134064,
        1.6038665771484375,
        0.013304726220667362
    ],
    "left_hand_pose": [
        -1.1282185316085815,
        1.1193090677261353,
        0.10757232457399368,
        -1.378935694694519,
        0.4762263298034668,
        0.2685728967189789,
        0.24683599174022675,
        -0.20094150304794312,
        -1.525076985359192,
        -1.382204294204712,
        0.7386564612388611,
        -1.6217392683029175
    ],
    "right_hand_pose": [
        -1.2211593389511108,
        0.8494434952735901,
        -0.3319140076637268,
        -1.3840219974517822,
        0.321700781583786,
        0.9417876601219177,
        0.5022209286689758,
        -0.9261460900306702,
        -0.6082218885421753,
        -1.5512140989303589,
        0.3779573142528534,
        -3.0083303451538086
    ],
    "jaw_pose": [
        0.011508496478199959,
        0.02594817243516445,
        -0.03500519320368767
    ],
    "leye_pose": [
        -0.01507892832159996,
        -0.2875016927719116,
        0.06205245479941368
    ],
    "reye_pose": [
        0.04298345372080803,
        -0.30528131127357483,
        -0.24314257502555847
    ],
    "expression": [
        -1.0825024843215942,
        -0.8075954914093018,
        -0.28032538294792175,
        -0.10890866816043854,
        -0.4381047189235687,
        -0.9034052491188049,
        -0.1489250510931015,
        0.5208456516265869,
        -0.14073382318019867,
        0.47636792063713074
    ]
}