{
    "betas": [
        0.7346706390380859,
        -1.3884203433990479,
        0.5921152830123901,
        -2.0383360385894775,
        0.9466447830200195,
        -0.541568398475647,
        2.0594966411590576,
        -1.465659260749817,
        0.21967193484306335,
        -3.4435007572174072
    ],
    "global_orient": [
        0.008739357814192772,
        -0.9318413734436035,
        -0.14090998470783234
    ],
    "body_pose": [
        -0.04294883832335472,
        -0.0770876482129097,
        -0.053239982575178146,
        -0.2457435578107834,
        -0.01612677052617073,
        -0.0762753114104271,
        0.07485803216695786,
        -0.010504299774765968,
        0.13483238220214844,
        0.17211619019508362,
        -0.10409209877252579,
        0.022901300340890884,
        0.6823453307151794,
        -0.03649256005883217,
        0.09660734981298447,
        0.23326782882213593,
        0.007109395228326321,
        -0.05103789269924164,
        -0.07859566062688828,
        -0.028027575463056564,
        -6.387129474205722e-07,
        0.00650126114487648,
        -0.03725544363260269,
        1.6184831110876985e-06,
        -0.029649272561073303,
        0.008706263266503811,
        0.025393705815076828,
        -6.958853759897465e-08,
        -1.1489324691638103e-07,
        2.6992236712430895e-07,
        -1.4257242355597555e-06,
        4.6165217781890533e-07,
        6.224381081665342e-07,
        -0.07471086084842682,
        0.09370318800210953,
        0.000930360343772918,
        0.02001413144171238,
        -0.06416412442922592,
        -0.3126946985721588,
        0.02983900159597397,
        0.10784071683883667,
        0.31791406869888306,
        -0.14219622313976288,
        0.09714321792125702,
        -0.012059669010341167,
        0.06995157897472382,
        -0.13604754209518433,
        -0.805549144744873,
        0.0982389822602272,
        0.1830340176820755,
        0.6600407958030701,
        0.22644653916358948,
        -0.46512243151664734,
        -0.24561730027198792,
        0.12980392575263977,
        0.6327991485595703,
        0.13300742208957672,
        0.32743003964424133,
        -0.19885024428367615,
        0.19522251188755035,
        0.370014488697052,
        0.09154561161994934,
        -0.24175040423870087
    ],
    "transl": [
        0.19992147386074066,
        1.605499505996704,
        0.07403666526079178
    ],
    "left_hand_pose": [
        -1.1861354112625122,
        1.0101510286331177,
        -0.3234705626964569,
        -0.8628506064414978,
        0.1886036992073059,
        0.6718990802764893,
        0.5803813338279724,
        -0.6971889138221741,
        -2.143608331680298,
        -1.6887853145599365,
        -0.022387349978089333,
        -2.5613558292388916
    ],
    "right_hand_pose": [
        -0.8549889326095581,
        0.8110561966896057,
        -0.36785826086997986,
        -0.9797015190124512,
        0.08873885124921799,
        0.49975648522377014,
        0.39551812410354614,
        -0.43743428587913513,
        -0.9442205429077148,
        -0.821919858455658,
        1.2196722030639648,
        -1.8885183334350586
    ],
    "jaw_pose": [
        0.03249852731823921,
        0.0324629545211792,
        -0.03779219090938568
    ],
    "leye_pose": [
        -0.24829129874706268,
        -0.025462647899985313,
        0.15927287936210632
    ],
    "reye_pose": [
        -0.22447185218334198,
        -0.25727322697639465,
        -0.35274410247802734
    ],
    "expression": [
        -0.6412318348884583,
        -1.0625442266464233,
        0.11800111830234528,
        -0.17449545860290527,
        -0.3293733596801758,
        -0.970101535320282,
        -0.06833972781896591,
        0.6063244342803955,
        -0.09600324183702469,
        0.4142477214336395
    ]
}