{
    "betas": [
        0.7346706390380859,
        -1.3884203433990479,
        0.5921152830123901,
        -2.0383360385894775,
        0.9466447830200195,
        -0.541568398475647,
        2.0594966411590576,
        -1.465659260749817,
        0.21967193484306335,
        -3.4435007572174072
    ],
    "global_orient": [
        -0.12092043459415436,
        -0.358014315366745,
        -0.045270372182130814
    ],
    "body_pose": [
        -0.032006654888391495,
        -0.06817305833101273,
        0.07252593338489532,
        0.041059356182813644,
        0.23399284482002258,
        0.02132418565452099,
        0.2287777066230774,
        -0.040169794112443924,
        0.07805608958005905,
        0.24428808689117432,
        -0.041946012526750565,
        0.03583569452166557,
        0.19413568079471588,
        -0.04801071062684059,
        0.028978949412703514,
        -0.03312743082642555,
        0.029698248952627182,
        -0.0032541698310524225,
        0.05398758873343468,
        0.0025873943231999874,
        -2.121659008480492e-06,
        -0.009411495178937912,
        -0.12512816488742828,
        -1.1414601885917364e-06,
        -0.126225546002388,
        0.012970175594091415,
        -0.04410379007458687,
        1.1226370588701684e-06,
        -3.787019124956714e-07,
        -8.889826830227321e-08,
        8.619669245035766e-08,
        6.30817794444738e-07,
        1.4006073456585e-07,
        0.1564883589744568,
        -0.007984024472534657,
        0.046895936131477356,
        -0.18339911103248596,
        -0.3769240379333496,
        0.20374459028244019,
        -0.17993584275245667,
        0.3886549770832062,
        -0.15373030304908752,
        -0.12223334610462189,
        0.013803121633827686,
        -0.003135088598355651,
        -0.02896435558795929,
        -0.8375776410102844,
        0.10398535430431366,
        0.015704499557614326,
        0.8715489506721497,
        -0.19019821286201477,
        -0.054085612297058105,
        -1.0664193630218506,
        0.5672688484191895,
        0.0571955181658268,
        1.2485696077346802,
        -0.20805150270462036,
        -0.13062255084514618,
        -0.12955376505851746,
        0.35814791917800903,
        0.29293718934059143,
        0.20746518671512604,
        -0.17455948889255524
    ],
    "transl": [
        0.05801507830619812,
        1.6244797706604004,
        -0.031703587621450424
    ],
    "left_hand_pose": [
        -1.425214171409607,
        0.5206976532936096,
        1.061498999595642,
        -0.91777503490448,
        0.2725871205329895,
        -0.006371127441525459,
        1.173396348953247,
        -1.698979139328003,
        -3.939333200454712,
        -2.2938740253448486,
        0.4800941050052643,
        -2.5015156269073486
    ],
    "right_hand_pose": [
        -1.4844040870666504,
        1.267580270767212,
        0.29003453254699707,
        -1.5158289670944214,
        -0.16815896332263947,
        0.30177682638168335,
        1.1878085136413574,
        -1.0251507759094238,
        -2.169978618621826,
        -1.547802209854126,
        1.4846527576446533,
        -1.5116301774978638
    ],
    "jaw_pose": [
        0.009311630390584469,
        0.02759183943271637,
        -0.035816557705402374
    ],
    "leye_pose": [
        0.31274697184562683,
        -0.0985749140381813,
        -0.44551071524620056
    ],
    "reye_pose": [
        -0.03694947436451912,
        -0.3093578815460205,
        -0.3268536925315857
    ],
    "expression": [
        -0.8299872279167175,
        -0.5374423861503601,
        -0.17694061994552612,
        0.24035042524337769,
        -0.47103580832481384,
        -0.5531646013259888,
        -0.08765053749084473,
        0.4130607843399048,
        -0.1255970448255539,
        0.27197518944740295
    ]
}