{
    "betas": [
        0.7346706390380859,
        -1.3884203433990479,
        0.5921152830123901,
        -2.0383360385894775,
        0.9466447830200195,
        -0.541568398475647,
        2.0594966411590576,
        -1.465659260749817,
        0.21967193484306335,
        -3.4435007572174072
    ],
    "global_orient": [
        -0.07488641142845154,
        -0.38832202553749084,
        -0.020985012874007225
    ],
    "body_pose": [
        -0.011517946608364582,
        -0.019869832322001457,
        0.00486894603818655,
        -0.10029365122318268,
        0.17688453197479248,
        0.020279807969927788,
        0.003993362188339233,
        -0.022595716640353203,
        -0.01194369699805975,
        0.232239231467247,
        0.03004605695605278,
        0.02060198225080967,
        0.28965842723846436,
        -0.04342097043991089,
        0.0003332959022372961,
        0.19915929436683655,
        -0.02349512279033661,
        0.03680401295423508,
        -0.03760522976517677,
        0.14235056936740875,
        -7.403471613542933e-08,
        -0.03487284854054451,
        -0.09374921023845673,
        -1.143620238508447e-06,
        -0.0505562350153923,
        -0.005953941959887743,
        0.018733292818069458,
        9.97995584839373e-07,
        -3.12850374939444e-07,
        6.211826644175744e-07,
        6.135664989415091e-07,
        2.374634107127349e-07,
        6.197109314598492e-08,
        0.007723857648670673,
        0.0015425379388034344,
        0.07947007566690445,
        -0.0316605307161808,
        -0.01961124688386917,
        -0.4413405954837799,
        0.022056035697460175,
        0.01577463559806347,
        0.3472871482372284,
        -0.07928015291690826,
        -0.029787030071020126,
        -0.021958431228995323,
        0.03946688026189804,
        -0.1849852353334427,
        -0.9943638443946838,
        0.0527164563536644,
        0.11221813410520554,
        0.8989306092262268,
        0.18484435975551605,
        -0.31032195687294006,
        -0.05807797238230705,
        0.09198982268571854,
        1.0043330192565918,
        0.2277674376964569,
        0.1736016422510147,
        0.09593228995800018,
        0.15206316113471985,
        0.18505162000656128,
        -0.23228277266025543,
        -0.024750681594014168
    ],
    "transl": [
        0.05721864849328995,
        1.610689640045166,
        -0.058406028896570206
    ],
    "left_hand_pose": [
        -0.6996104121208191,
        0.9158210754394531,
        -0.2776612341403961,
        -1.252445101737976,
        0.9786682724952698,
        0.26809051632881165,
        0.4611552953720093,
        -0.5764648914337158,
        -1.6867170333862305,
        -1.7670788764953613,
        -0.018563279882073402,
        -2.501633644104004
    ],
    "right_hand_pose": [
        -0.907047688961029,
        0.7031765580177307,
        -0.2407093346118927,
        -0.8096103668212891,
        1.0492194890975952,
        -0.10911194235086441,
        0.4005962908267975,
        -0.37784793972969055,
        -1.77130925655365,
        -1.9260985851287842,
        0.026565389707684517,
        -3.1851184368133545
    ],
    "jaw_pose": [
        0.013125489465892315,
        0.026605097576975822,
        -0.03616790473461151
    ],
    "leye_pose": [
        -0.1963115632534027,
        -0.05619821324944496,
        -1.9093824625015259
    ],
    "reye_pose": [
        -0.2618984878063202,
        -0.275776207447052,
        0.05350619554519653
    ],
    "expression": [
        -1.174710750579834,
        -0.6738901734352112,
        -0.2690345048904419,
        -0.06329760700464249,
        -0.4814530313014984,
        -0.8439649343490601,
        -0.11533980071544647,
        0.48975640535354614,
        -0.1753590703010559,
        0.4246319830417633
    ]
}