{
    "betas": [
        0.7346706390380859,
        -1.3884203433990479,
        0.5921152830123901,
        -2.0383360385894775,
        0.9466447830200195,
        -0.541568398475647,
        2.0594966411590576,
        -1.465659260749817,
        0.21967193484306335,
        -3.4435007572174072
    ],
    "global_orient": [
        -0.049846433103084564,
        -0.3677981197834015,
        -0.016993701457977295
    ],
    "body_pose": [
        -0.031136777251958847,
        -0.08707553148269653,
        0.0064790635369718075,
        -0.12255994230508804,
        0.18144591152668,
        0.010540139861404896,
        0.03793657571077347,
        -0.03887340426445007,
        0.013906939886510372,
        0.223016157746315,
        0.05521100386977196,
        0.021931646391749382,
        0.28310301899909973,
        -0.05167330801486969,
        0.02700400911271572,
        0.13522261381149292,
        -0.021145770326256752,
        -0.008039494045078754,
        -0.03903508931398392,
        0.14395759999752045,
        -1.023920845000248e-06,
        -0.037049952894449234,
        -0.09054408967494965,
        -1.7520217170385877e-06,
        -0.07040306180715561,
        -0.023586023598909378,
        0.04801249876618385,
        1.269454855901131e-06,
        -3.4055315722980595e-07,
        8.481761142320465e-07,
        5.316028932611516e-07,
        3.910934367468144e-07,
        2.0946997025816927e-08,
        0.09554342925548553,
        0.03300507739186287,
        0.08897651731967926,
        -0.04307939112186432,
        0.05282449722290039,
        -0.35276228189468384,
        -0.04112696275115013,
        -0.06941863149404526,
        0.3869662880897522,
        -0.10073976218700409,
        0.05589419975876808,
        -0.061502356082201004,
        -0.07677870243787766,
        -0.0051261670887470245,
        -0.9399987459182739,
        -0.03230133280158043,
        0.011844503693282604,
        0.9324855208396912,
        -0.0025621370878070593,
        -0.14567112922668457,
        -0.11101285368204117,
        -0.028447303920984268,
        0.40523457527160645,
        0.08276543766260147,
        -0.07664667069911957,
        0.11511824280023575,
        0.1291418969631195,
        -0.09601691365242004,
        -0.1935688704252243,
        -0.028256630524992943
    ],
    "transl": [
        0.05268508195877075,
        1.6124979257583618,
        -0.058085426688194275
    ],
    "left_hand_pose": [
        -0.7749351263046265,
        0.2934581935405731,
        -0.1961715966463089,
        -0.7624214291572571,
        1.149704933166504,
        0.5540600419044495,
        -0.4231610596179962,
        -0.6513632535934448,
        -1.599208950996399,
        -1.999182105064392,
        -0.7800130248069763,
        -3.501650333404541
    ],
    "right_hand_pose": [
        -1.0593184232711792,
        0.3478288948535919,
        -0.6449738144874573,
        -0.4349547326564789,
        0.37692853808403015,
        -0.08529238402843475,
        0.6365148425102234,
        -0.06487658619880676,
        -2.5067996978759766,
        -2.4117140769958496,
        -0.4076193869113922,
        -4.518525123596191
    ],
    "jaw_pose": [
        0.013934901915490627,
        0.024202166125178337,
        -0.0323672890663147
    ],
    "leye_pose": [
        -0.22326219081878662,
        -0.18413518369197845,
        -1.9798563718795776
    ],
    "reye_pose": [
        -0.19169870018959045,
        -0.17647138237953186,
        -0.03789493069052696
    ],
    "expression": [
        -1.0814754962921143,
        -0.6098769307136536,
        -0.2797287404537201,
        0.008434999734163284,
        -0.5052140355110168,
        -0.7378421425819397,
        -0.1307203471660614,
        0.46584370732307434,
        -0.17601501941680908,
        0.41876742243766785
    ]
}