{
    "betas": [
        0.7346706390380859,
        -1.3884203433990479,
        0.5921152830123901,
        -2.0383360385894775,
        0.9466447830200195,
        -0.541568398475647,
        2.0594966411590576,
        -1.465659260749817,
        0.21967193484306335,
        -3.4435007572174072
    ],
    "global_orient": [
        -0.055173810571432114,
        -0.354256808757782,
        -0.01905958168208599
    ],
    "body_pose": [
        -0.031029922887682915,
        -0.1310368776321411,
        -0.005405638832598925,
        -0.11589203029870987,
        0.2166382074356079,
        -0.0024273721501231194,
        0.03937894105911255,
        -0.08868727087974548,
        0.022106017917394638,
        0.2398088425397873,
        0.06724213808774948,
        0.02491753362119198,
        0.27990466356277466,
        -0.06905829906463623,
        0.05484184995293617,
        0.13486211001873016,
        -0.014872359111905098,
        -0.012575489468872547,
        -0.026633670553565025,
        0.1812332272529602,
        3.8698441784390525e-08,
        -0.03588153049349785,
        -0.14295877516269684,
        -2.1463104076246964e-06,
        -0.06575711071491241,
        -0.00554256746545434,
        0.04428686201572418,
        1.5997250102373073e-06,
        7.881808095078213e-09,
        1.4164202184474561e-06,
        2.999830144290172e-07,
        4.1637602521404915e-07,
        3.175790652676369e-07,
        0.0815373882651329,
        0.020504910498857498,
        0.07225992530584335,
        -0.04660084471106529,
        0.03344835340976715,
        -0.391019344329834,
        -0.03400922566652298,
        0.013890867121517658,
        0.3807997405529022,
        -0.0972750261425972,
        0.05167236179113388,
        -0.034926969558000565,
        -0.07285112142562866,
        -0.04528559744358063,
        -1.0083036422729492,
        0.045348942279815674,
        0.06526906043291092,
        0.9992783665657043,
        -0.07080499082803726,
        -0.1546057164669037,
        -0.1306459903717041,
        0.074924997985363,
        0.5255447030067444,
        0.053955528885126114,
        0.0107400082051754,
        0.1274484544992447,
        0.2100478559732437,
        0.21935945749282837,
        -0.09620033204555511,
        -0.13644564151763916
    ],
    "transl": [
        0.058205630630254745,
        1.611857533454895,
        -0.05884251371026039
    ],
    "left_hand_pose": [
        -0.7368346452713013,
        0.6321764588356018,
        -0.06302136182785034,
        -0.8586693406105042,
        1.1034196615219116,
        0.1440284699201584,
        0.19952572882175446,
        -0.6844339370727539,
        -2.6043341159820557,
        -2.327086925506592,
        -0.7373634576797485,
        -3.5456438064575195
    ],
    "right_hand_pose": [
        -0.4198426902294159,
        0.714635968208313,
        0.20460908114910126,
        -0.7812973260879517,
        1.5836052894592285,
        -0.34807392954826355,
        0.7282239198684692,
        -0.5605506896972656,
        -2.704092025756836,
        -1.9494822025299072,
        -0.03578189015388489,
        -2.1517176628112793
    ],
    "jaw_pose": [
        0.011141834780573845,
        0.025414660573005676,
        -0.035055093467235565
    ],
    "leye_pose": [
        -0.13961993157863617,
        -0.24043624103069305,
        -2.0599238872528076
    ],
    "reye_pose": [
        -0.1988973170518875,
        -0.3409930467605591,
        0.11354334652423859
    ],
    "expression": [
        -1.1195132732391357,
        -0.6200078129768372,
        -0.3663778603076935,
        -0.07512573152780533,
        -0.5160389542579651,
        -0.7595546841621399,
        -0.10343527793884277,
        0.5051171779632568,
        -0.15570518374443054,
        0.4691604971885681
    ]
}