{
    "betas": [
        0.7346706390380859,
        -1.3884203433990479,
        0.5921152830123901,
        -2.0383360385894775,
        0.9466447830200195,
        -0.541568398475647,
        2.0594966411590576,
        -1.465659260749817,
        0.21967193484306335,
        -3.4435007572174072
    ],
    "global_orient": [
        -0.13954797387123108,
        -0.32780465483665466,
        -0.020566420629620552
    ],
    "body_pose": [
        0.027747271582484245,
        -0.07402796298265457,
        -0.011627063155174255,
        -0.02089381031692028,
        0.17452013492584229,
        0.007451274897903204,
        0.14261575043201447,
        0.03943619504570961,
        -0.04466310515999794,
        0.23514634370803833,
        0.03046916052699089,
        0.006779331713914871,
        0.24481190741062164,
        -0.047244977205991745,
        0.0018518450669944286,
        0.053137946873903275,
        -0.021966537460684776,
        0.024775372818112373,
        0.04177505522966385,
        0.18820753693580627,
        -6.467690241152013e-07,
        -0.013615652918815613,
        -0.12745065987110138,
        -1.8052398900181288e-06,
        -0.10392434895038605,
        -0.07879706472158432,
        -0.030997227877378464,
        1.6652309113851516e-06,
        2.824234002218873e-07,
        9.186966281049536e-07,
        3.8106446709207376e-07,
        1.463994436790017e-07,
        2.389921007761586e-07,
        0.05525590106844902,
        -0.17870421707630157,
        0.08131415396928787,
        -0.024225780740380287,
        -0.09318047016859055,
        -0.3495652973651886,
        -0.15222056210041046,
        0.20339231193065643,
        -0.008746218867599964,
        -0.08404867351055145,
        -0.19142349064350128,
        -0.016191823408007622,
        0.019452687352895737,
        -0.2479429692029953,
        -0.8007428050041199,
        0.1869307905435562,
        0.5485656261444092,
        -0.051808565855026245,
        0.06489484012126923,
        -0.27739837765693665,
        -0.11899758875370026,
        -0.07754664868116379,
        1.9448413848876953,
        -0.4994279742240906,
        0.20363441109657288,
        -0.041677191853523254,
        0.2626263201236725,
        -0.16383755207061768,
        0.12233543395996094,
        -0.007448703516274691
    ],
    "transl": [
        0.06897356361150742,
        1.6166409254074097,
        -0.07534068077802658
    ],
    "left_hand_pose": [
        -1.0155608654022217,
        0.6573500633239746,
        -0.32936739921569824,
        -0.940604567527771,
        0.5633441805839539,
        0.37486982345581055,
        0.4006458520889282,
        -0.47011640667915344,
        -1.630838394165039,
        -1.4401155710220337,
        0.05482972413301468,
        -2.424924612045288
    ],
    "right_hand_pose": [
        -1.436225175857544,
        0.3554152250289917,
        -0.3942050635814667,
        -0.3418600261211395,
        1.3238146305084229,
        -0.7580118775367737,
        0.7467237114906311,
        0.9535565972328186,
        -2.4323108196258545,
        -2.524996757507324,
        -0.38560402393341064,
        -3.5935611724853516
    ],
    "jaw_pose": [
        0.030218621715903282,
        0.036095164716243744,
        -0.04246627166867256
    ],
    "leye_pose": [
        -0.2054152488708496,
        -0.30624356865882874,
        -2.597128391265869
    ],
    "reye_pose": [
        -0.20432539284229279,
        -0.27597376704216003,
        0.12365014106035233
    ],
    "expression": [
        -1.1984866857528687,
        -1.1689441204071045,
        -0.11828131973743439,
        -0.17501215636730194,
        -0.38265544176101685,
        -1.0072494745254517,
        -0.13176827132701874,
        0.5245428681373596,
        -0.22199811041355133,
        0.3345848321914673
    ]
}