{
    "betas": [
        0.7346706390380859,
        -1.3884203433990479,
        0.5921152830123901,
        -2.0383360385894775,
        0.9466447830200195,
        -0.541568398475647,
        2.0594966411590576,
        -1.465659260749817,
        0.21967193484306335,
        -3.4435007572174072
    ],
    "global_orient": [
        -0.03740037605166435,
        -0.3332095742225647,
        -0.014424591325223446
    ],
    "body_pose": [
        -0.03797278180718422,
        -0.002974435919895768,
        0.03977734223008156,
        -0.037747323513031006,
        0.1392858326435089,
        0.0427866131067276,
        0.11174868792295456,
        0.003499615238979459,
        0.04103725776076317,
        0.23050618171691895,
        -0.02119513601064682,
        0.02526756376028061,
        0.16271547973155975,
        0.009452874772250652,
        0.007549004163593054,
        -0.02000584453344345,
        -0.009649412706494331,
        -0.024951450526714325,
        0.09786439687013626,
        0.10268545895814896,
        -3.5729233331949217e-06,
        0.004671984352171421,
        -0.1162824034690857,
        7.536310135947133e-07,
        -0.0725979432463646,
        -0.03978867456316948,
        0.03985948488116264,
        9.354246799375687e-07,
        -3.871472813443688e-07,
        -5.999569339110167e-07,
        -3.986881154105504e-07,
        1.9853233368394285e-07,
        -4.1005731077348173e-07,
        0.16844338178634644,
        -0.0002955165400635451,
        0.03223397955298424,
        -0.17183725535869598,
        -0.05114520713686943,
        0.19534170627593994,
        -0.09841781854629517,
        -0.020114893093705177,
        -0.23491588234901428,
        -0.1563718318939209,
        0.06069646403193474,
        -0.006789546925574541,
        -0.10861712694168091,
        -0.08541721105575562,
        0.651221752166748,
        -0.16588042676448822,
        0.0953216403722763,
        -0.6391919851303101,
        -0.45938438177108765,
        0.09341664612293243,
        -0.24081361293792725,
        -0.6184858083724976,
        -0.014639079570770264,
        0.017686983570456505,
        -0.18184684216976166,
        -0.06882613897323608,
        0.3778376579284668,
        -0.0740719884634018,
        0.02660815604031086,
        -0.26753246784210205
    ],
    "transl": [
        0.023557232692837715,
        1.629501461982727,
        -0.036772191524505615
    ],
    "left_hand_pose": [
        -0.5757509469985962,
        1.192949652671814,
        -0.3457544147968292,
        -1.4326090812683105,
        0.8388721942901611,
        0.7293762564659119,
        0.8447921276092529,
        -1.2748832702636719,
        -3.787755012512207,
        -3.2923896312713623,
        -0.6117913722991943,
        -5.3068928718566895
    ],
    "right_hand_pose": [
        -1.0008474588394165,
        0.978158175945282,
        -0.401683509349823,
        -1.7226691246032715,
        0.5707607865333557,
        0.045300304889678955,
        1.1567168235778809,
        -0.866203784942627,
        -3.6394541263580322,
        -3.167235851287842,
        -0.5867472887039185,
        -5.448253154754639
    ],
    "jaw_pose": [
        0.01925613172352314,
        0.017428357154130936,
        -0.039049550890922546
    ],
    "leye_pose": [
        -0.23981821537017822,
        -0.05519858002662659,
        -1.726401686668396
    ],
    "reye_pose": [
        -0.3593360483646393,
        -0.33176469802856445,
        -0.164816752076149
    ],
    "expression": [
        -1.113150954246521,
        -0.7039170265197754,
        -0.30787721276283264,
        0.009156892076134682,
        -0.4260919988155365,
        -0.8149271607398987,
        -0.17394743859767914,
        0.46959567070007324,
        -0.22736075520515442,
        0.42377665638923645
    ]
}