{
    "betas": [
        0.7346706390380859,
        -1.3884203433990479,
        0.5921152830123901,
        -2.0383360385894775,
        0.9466447830200195,
        -0.541568398475647,
        2.0594966411590576,
        -1.465659260749817,
        0.21967193484306335,
        -3.4435007572174072
    ],
    "global_orient": [
        -0.1373213231563568,
        -0.3448859453201294,
        -0.02066940814256668
    ],
    "body_pose": [
        0.03211602568626404,
        -0.06107558310031891,
        -0.019578369334340096,
        -0.031799085438251495,
        0.169819638133049,
        0.0038100990932434797,
        0.12854647636413574,
        -0.0188092403113842,
        -0.04382195696234703,
        0.23903541266918182,
        0.028978629037737846,
        0.02371031977236271,
        0.26400113105773926,
        -0.0431179441511631,
        0.005991539917886257,
        0.1111806109547615,
        -0.03371979296207428,
        0.025887202471494675,
        -0.008711921982467175,
        0.1642364263534546,
        -6.315574978543737e-07,
        -0.0423043817281723,
        -0.09042365103960037,
        -1.2078343161192606e-06,
        -0.08412586152553558,
        -0.03353063762187958,
        -0.00206175958737731,
        1.7308581163888448e-06,
        -1.3388434183525533e-07,
        8.391933192797296e-07,
        8.253260119772676e-08,
        4.871696432928729e-07,
        6.066475179977715e-07,
        0.024899067357182503,
        -0.15015976130962372,
        0.0841701328754425,
        -0.031797368079423904,
        -0.07429395616054535,
        -0.3902515470981598,
        -0.08686760812997818,
        0.13576515018939972,
        0.23746438324451447,
        -0.0866648405790329,
        -0.12487796694040298,
        -0.011713918298482895,
        0.012234773486852646,
        -0.23812235891819,
        -0.8375674486160278,
        0.1069757416844368,
        0.3437407314777374,
        0.4305264353752136,
        0.07297597825527191,
        -0.3573319613933563,
        -0.10014226287603378,
        0.001293002045713365,
        1.8632146120071411,
        0.6999415159225464,
        0.23055237531661987,
        -0.1003502905368805,
        0.25416722893714905,
        0.20371611416339874,
        -0.05682903155684471,
        0.03005143254995346
    ],
    "transl": [
        0.06783071160316467,
        1.6142024993896484,
        -0.07063363492488861
    ],
    "left_hand_pose": [
        -1.0208847522735596,
        0.6168729066848755,
        -0.34161558747291565,
        -0.9441633820533752,
        0.48611995577812195,
        0.5517833232879639,
        0.3389843702316284,
        -0.5643882751464844,
        -1.4948811531066895,
        -1.3905396461486816,
        0.06790684908628464,
        -2.5362958908081055
    ],
    "right_hand_pose": [
        -1.4529203176498413,
        0.49917006492614746,
        0.14226332306861877,
        -0.952674925327301,
        0.7371317148208618,
        0.14617495238780975,
        1.1014790534973145,
        -0.7787548899650574,
        -3.1149485111236572,
        -2.5136966705322266,
        -0.3956748843193054,
        -3.093877077102661
    ],
    "jaw_pose": [
        0.028937378898262978,
        0.02951107546687126,
        -0.04046262055635452
    ],
    "leye_pose": [
        -0.14997102320194244,
        -0.47675320506095886,
        -2.2669999599456787
    ],
    "reye_pose": [
        -0.217061847448349,
        -0.24172641336917877,
        0.09287900477647781
    ],
    "expression": [
        -1.159813404083252,
        -1.1228306293487549,
        -0.16750814020633698,
        -0.2076593041419983,
        -0.3039824962615967,
        -1.008547306060791,
        -0.16742661595344543,
        0.5792344212532043,
        -0.21380124986171722,
        0.375888854265213
    ]
}