{
    "betas": [
        0.7346706390380859,
        -1.3884203433990479,
        0.5921152830123901,
        -2.0383360385894775,
        0.9466447830200195,
        -0.541568398475647,
        2.0594966411590576,
        -1.465659260749817,
        0.21967193484306335,
        -3.4435007572174072
    ],
    "global_orient": [
        -0.0955829843878746,
        -0.3695853352546692,
        -0.018750878050923347
    ],
    "body_pose": [
        0.009331071749329567,
        -0.04959995299577713,
        -0.00410249549895525,
        -0.07686949521303177,
        0.1570608764886856,
        0.013823365792632103,
        0.05288534611463547,
        -0.03939878195524216,
        -0.0424552746117115,
        0.22885574400424957,
        0.0330594927072525,
        0.016484707593917847,
        0.2801400125026703,
        -0.03759927302598953,
        -0.002371199894696474,
        0.11669474095106125,
        -0.021589430049061775,
        0.05720365047454834,
        -0.0189373642206192,
        0.192630797624588,
        -4.957969395036343e-07,
        -0.07690597325563431,
        -0.09028614312410355,
        -9.405263199369074e-07,
        0.005957124289125204,
        -0.004050111398100853,
        0.031094951555132866,
        1.0891366173382266e-06,
        -1.2757783451888827e-07,
        4.313929196086974e-07,
        -8.194459155674849e-08,
        8.610672352915572e-08,
        4.1013237250808743e-07,
        -0.014084944501519203,
        -0.05166652426123619,
        0.0500960610806942,
        -0.03785616531968117,
        -0.046715300530195236,
        -0.44389572739601135,
        0.04074530303478241,
        0.03611747920513153,
        0.2999379336833954,
        -0.06636281311511993,
        -0.03147529065608978,
        -0.00198853830806911,
        0.004994536750018597,
        -0.2106175571680069,
        -0.9717437028884888,
        0.06580393016338348,
        0.14915579557418823,
        0.8116934895515442,
        0.09065431356430054,
        -0.2912874221801758,
        -0.09315548092126846,
        0.07579538226127625,
        1.1970769166946411,
        0.35806626081466675,
        0.24954240024089813,
        -0.008194397203624249,
        0.2127353847026825,
        0.2535230815410614,
        -0.10294099152088165,
        -0.0032020271755754948
    ],
    "transl": [
        0.059375353157520294,
        1.6116584539413452,
        -0.06105850636959076
    ],
    "left_hand_pose": [
        -0.8795075416564941,
        0.6517161130905151,
        -0.4978351593017578,
        -1.0110585689544678,
        0.5434331893920898,
        0.502454400062561,
        0.17740783095359802,
        -0.5349255800247192,
        -1.4026951789855957,
        -1.443774700164795,
        -0.012695550918579102,
        -2.82662296295166
    ],
    "right_hand_pose": [
        -1.0181792974472046,
        0.8564240336418152,
        -0.024642517790198326,
        -0.9441025853157043,
        0.918835461139679,
        0.01693222112953663,
        0.9339669942855835,
        -0.768415629863739,
        -2.3086538314819336,
        -2.240358591079712,
        0.14678652584552765,
        -3.3408429622650146
    ],
    "jaw_pose": [
        0.019653961062431335,
        0.02531077153980732,
        -0.04012759402394295
    ],
    "leye_pose": [
        -0.26460233330726624,
        -0.0708405151963234,
        -1.8444463014602661
    ],
    "reye_pose": [
        -0.30079084634780884,
        -0.4095817804336548,
        0.18815258145332336
    ],
    "expression": [
        -1.296688199043274,
        -0.8220681548118591,
        -0.24274051189422607,
        -0.11833567172288895,
        -0.4127415418624878,
        -0.934839129447937,
        -0.14316526055335999,
        0.5119162201881409,
        -0.1709517538547516,
        0.4428917467594147
    ]
}