{
    "betas": [
        0.7346706390380859,
        -1.3884203433990479,
        0.5921152830123901,
        -2.0383360385894775,
        0.9466447830200195,
        -0.541568398475647,
        2.0594966411590576,
        -1.465659260749817,
        0.21967193484306335,
        -3.4435007572174072
    ],
    "global_orient": [
        -0.13194440305233002,
        -0.4027698040008545,
        -0.03734849393367767
    ],
    "body_pose": [
        0.0003071906394325197,
        -0.08234470337629318,
        0.0472477562725544,
        0.03893190994858742,
        0.2568371593952179,
        0.005303084850311279,
        0.21908831596374512,
        0.005185988266021013,
        0.06837496906518936,
        0.21780741214752197,
        -0.11091224104166031,
        0.02103862352669239,
        0.2158081829547882,
        -0.04754520207643509,
        0.019007861614227295,
        0.007630189415067434,
        0.04327395558357239,
        -0.02451452426612377,
        0.04739125445485115,
        -0.1117173507809639,
        -2.7787848466687137e-06,
        -0.013884029351174831,
        -0.1096377894282341,
        -4.7123549506977724e-07,
        -0.14462269842624664,
        0.0041827242821455,
        -0.03201575204730034,
        7.487900575142703e-07,
        -7.446294034707535e-07,
        -3.0866493716530385e-07,
        1.1580466718896787e-07,
        4.044786692247726e-07,
        1.7123184647971357e-07,
        0.16561338305473328,
        -0.029037950560450554,
        0.04782062768936157,
        -0.17711924016475677,
        -0.4162372648715973,
        0.17439360916614532,
        -0.18648456037044525,
        0.38579052686691284,
        -0.11934447288513184,
        -0.12176937609910965,
        0.014347285032272339,
        0.0024602545890957117,
        0.010633056983351707,
        -0.885291337966919,
        -0.03350066393613815,
        0.026440508663654327,
        0.8466717600822449,
        0.011878253892064095,
        -0.017090944573283195,
        -1.1468076705932617,
        0.523867130279541,
        0.07179699093103409,
        1.3558424711227417,
        -0.1286638230085373,
        0.10810655355453491,
        -0.13059364259243011,
        0.30383992195129395,
        0.21979179978370667,
        0.017300624400377274,
        -0.15803170204162598
    ],
    "transl": [
        0.06564933061599731,
        1.6236752271652222,
        -0.02635212242603302
    ],
    "left_hand_pose": [
        -1.4248615503311157,
        -0.09375174343585968,
        0.9792711734771729,
        -0.1784638613462448,
        0.5483081936836243,
        -0.01686243899166584,
        -1.1724494695663452,
        -0.987958550453186,
        -1.9453709125518799,
        -0.6034576892852783,
        1.9048725366592407,
        -1.6975651979446411
    ],
    "right_hand_pose": [
        -1.8569467067718506,
        0.9606789946556091,
        0.05545538663864136,
        -1.0750600099563599,
        -0.008137102238833904,
        -0.6684747338294983,
        -0.5799660682678223,
        -1.3204363584518433,
        1.3809916973114014,
        -2.4548046588897705,
        0.17463940382003784,
        -3.283545970916748
    ],
    "jaw_pose": [
        0.007314600981771946,
        0.02489471808075905,
        -0.03253873437643051
    ],
    "leye_pose": [
        0.4235370457172394,
        -0.08868163079023361,
        -0.5550245642662048
    ],
    "reye_pose": [
        0.03290506824851036,
        -0.3216026723384857,
        -0.2573038637638092
    ],
    "expression": [
        -0.9004340767860413,
        -0.5844634175300598,
        -0.23853056132793427,
        0.07328806072473526,
        -0.5046685338020325,
        -0.7066609859466553,
        -0.2287382036447525,
        0.5347777009010315,
        -0.14600321650505066,
        0.3091290593147278
    ]
}