{
    "betas": [
        0.7346706390380859,
        -1.3884203433990479,
        0.5921152830123901,
        -2.0383360385894775,
        0.9466447830200195,
        -0.541568398475647,
        2.0594966411590576,
        -1.465659260749817,
        0.21967193484306335,
        -3.4435007572174072
    ],
    "global_orient": [
        -0.046522315591573715,
        -0.3500923812389374,
        0.002757325302809477
    ],
    "body_pose": [
        -0.08639587461948395,
        0.0003613496373873204,
        0.0693950429558754,
        -0.032092805951833725,
        0.18464623391628265,
        0.02198513224720955,
        0.08840589970350266,
        0.013667367398738861,
        0.015737384557724,
        0.3273441791534424,
        -0.01828577183187008,
        -0.016473976895213127,
        0.17371340095996857,
        -0.006815476343035698,
        0.01596785895526409,
        -0.0031729897018522024,
        0.009411696344614029,
        -0.0336773507297039,
        0.07860440015792847,
        0.09973540157079697,
        -4.4533871914609335e-06,
        -0.000715082511305809,
        -0.1331864446401596,
        3.9791882500139764e-07,
        -0.07999829947948456,
        -0.035433344542980194,
        0.03241065517067909,
        5.729384611186106e-07,
        -1.6860147411534854e-07,
        -1.3461058756547573e-07,
        -6.595022341571166e-07,
        4.4023931167203045e-08,
        -2.3948533112161385e-07,
        0.1684396117925644,
        -0.004849183838814497,
        0.05838192254304886,
        -0.11021149158477783,
        -0.13228192925453186,
        0.2861199975013733,
        -0.12468080967664719,
        0.11483389139175415,
        -0.320241242647171,
        -0.12498524785041809,
        0.041337285190820694,
        -0.01475003082305193,
        0.18090808391571045,
        -0.25613561272621155,
        0.6622825860977173,
        -0.032683826982975006,
        0.265105664730072,
        -0.6061428189277649,
        -0.24067167937755585,
        -0.05993884801864624,
        0.056264858692884445,
        -0.17141994833946228,
        0.3861897587776184,
        -0.31842920184135437,
        -0.09812399744987488,
        -0.34473150968551636,
        0.4045429527759552,
        -0.18164348602294922,
        0.1753682941198349,
        -0.20491540431976318
    ],
    "transl": [
        0.02106543257832527,
        1.6301662921905518,
        -0.03443029150366783
    ],
    "left_hand_pose": [
        -1.1572027206420898,
        1.6353527307510376,
        0.027248596772551537,
        -1.279618501663208,
        0.4912148714065552,
        0.8616459965705872,
        1.2176202535629272,
        -1.2295591831207275,
        -2.845165491104126,
        -2.1313843727111816,
        0.28084543347358704,
        -2.3391757011413574
    ],
    "right_hand_pose": [
        -1.3637620210647583,
        1.3110966682434082,
        0.19588087499141693,
        -1.3983741998672485,
        -0.14452679455280304,
        -0.20928587019443512,
        1.5025850534439087,
        -0.7159260511398315,
        -2.972626209259033,
        -1.6468274593353271,
        1.327609658241272,
        -2.048941135406494
    ],
    "jaw_pose": [
        0.023522023111581802,
        0.01622214913368225,
        -0.041457973420619965
    ],
    "leye_pose": [
        0.20743733644485474,
        0.41134336590766907,
        -1.2148377895355225
    ],
    "reye_pose": [
        0.07854515314102173,
        -0.28620395064353943,
        0.2623087167739868
    ],
    "expression": [
        -1.4318280220031738,
        -0.7312169075012207,
        -0.4597208499908447,
        0.09608197957277298,
        -0.5516073703765869,
        -0.8817098140716553,
        -0.11226805299520493,
        0.5104130506515503,
        -0.16411899030208588,
        0.6194568872451782
    ]
}