{
    "betas": [
        0.7346706390380859,
        -1.3884203433990479,
        0.5921152830123901,
        -2.0383360385894775,
        0.9466447830200195,
        -0.541568398475647,
        2.0594966411590576,
        -1.465659260749817,
        0.21967193484306335,
        -3.4435007572174072
    ],
    "global_orient": [
        -0.14180852472782135,
        -0.32013261318206787,
        -0.01822223700582981
    ],
    "body_pose": [
        0.03201935440301895,
        -0.0788649320602417,
        -0.011878197081387043,
        -0.012591760605573654,
        0.18807268142700195,
        0.003339085727930069,
        0.15630561113357544,
        0.10622228682041168,
        -0.024401800706982613,
        0.2263423204421997,
        0.03535889834165573,
        0.0008489161846227944,
        0.22908776998519897,
        -0.04319004714488983,
        0.006581348367035389,
        0.022198716178536415,
        -0.05361152067780495,
        0.018452676013112068,
        0.043745920062065125,
        0.19141143560409546,
        -9.0824966036962e-07,
        -0.021976161748170853,
        -0.1404394656419754,
        -1.569580035720719e-06,
        -0.08580531179904938,
        -0.10362596809864044,
        -0.06475939601659775,
        2.0155935089860577e-06,
        3.865311555273365e-07,
        6.449549800890964e-07,
        2.448248892505944e-07,
        3.492565099350031e-07,
        3.028082460332371e-07,
        0.04671631380915642,
        -0.20076659321784973,
        0.10217081755399704,
        -0.015555310994386673,
        -0.0988558754324913,
        -0.34552568197250366,
        -0.1587894707918167,
        0.1839105784893036,
        -0.06675457954406738,
        -0.08388391137123108,
        -0.18759290874004364,
        -0.01988985575735569,
        0.0437762551009655,
        -0.24506855010986328,
        -0.7749379873275757,
        0.12203636765480042,
        0.5374391078948975,
        -0.18322783708572388,
        0.08076624572277069,
        -0.30116674304008484,
        -0.12270688265562057,
        -0.08586962521076202,
        1.8028446435928345,
        -0.6263629198074341,
        0.20696933567523956,
        -0.034337110817432404,
        0.2435869574546814,
        -0.2438599169254303,
        0.07054166495800018,
        -0.04253922402858734
    ],
    "transl": [
        0.07062693685293198,
        1.6178086996078491,
        -0.0760570615530014
    ],
    "left_hand_pose": [
        -1.0328254699707031,
        0.6045981645584106,
        -0.3090890049934387,
        -0.9056510925292969,
        0.44580692052841187,
        0.39605867862701416,
        0.4976266920566559,
        -0.5414587259292603,
        -1.7447011470794678,
        -1.5019556283950806,
        0.012329568155109882,
        -2.612643241882324
    ],
    "right_hand_pose": [
        -1.4787113666534424,
        0.18915891647338867,
        -0.5090288519859314,
        -0.24965567886829376,
        1.4595580101013184,
        -0.7272448539733887,
        0.05985163524746895,
        1.3063634634017944,
        -1.6087536811828613,
        -2.3797147274017334,
        -0.16029700636863708,
        -4.186892032623291
    ],
    "jaw_pose": [
        0.027641035616397858,
        0.040090277791023254,
        -0.047665927559137344
    ],
    "leye_pose": [
        -0.18158233165740967,
        0.036522045731544495,
        -2.235367774963379
    ],
    "reye_pose": [
        -0.12485481053590775,
        -0.27988123893737793,
        0.20345555245876312
    ],
    "expression": [
        -1.0926270484924316,
        -1.1890732049942017,
        -0.21060866117477417,
        -0.09749775379896164,
        -0.4339347183704376,
        -0.9921621084213257,
        -0.17894573509693146,
        0.5597794055938721,
        -0.24887464940547943,
        0.29432493448257446
    ]
}