{
    "betas": [
        0.7346706390380859,
        -1.3884203433990479,
        0.5921152830123901,
        -2.0383360385894775,
        0.9466447830200195,
        -0.541568398475647,
        2.0594966411590576,
        -1.465659260749817,
        0.21967193484306335,
        -3.4435007572174072
    ],
    "global_orient": [
        -0.1448933482170105,
        -0.3514847457408905,
        -0.02209465391933918
    ],
    "body_pose": [
        0.026462867856025696,
        -0.06353805214166641,
        -0.021944759413599968,
        -0.030239639803767204,
        0.2064647525548935,
        -0.003219155129045248,
        0.14848512411117554,
        -0.017149891704320908,
        -0.027206873521208763,
        0.253933310508728,
        0.034436438232660294,
        0.022093165665864944,
        0.2610808312892914,
        -0.054594337940216064,
        0.02555663324892521,
        0.07755587249994278,
        -0.020020950585603714,
        -0.019520118832588196,
        0.008503328077495098,
        0.18068139255046844,
        -7.940286650409689e-07,
        -0.03804435953497887,
        -0.12728182971477509,
        -1.9412723304412793e-06,
        -0.0892125740647316,
        -0.04233990237116814,
        -0.0076392292976379395,
        2.465150600983179e-06,
        1.36741618916858e-07,
        9.842879080679268e-07,
        3.434108748479048e-07,
        2.1064312250018702e-07,
        3.4043455343635287e-07,
        0.036813851445913315,
        -0.1927463412284851,
        0.10026956349611282,
        -0.027919506654143333,
        -0.08052337169647217,
        -0.3556163012981415,
        -0.15615157783031464,
        0.19884172081947327,
        0.15428179502487183,
        -0.07974672317504883,
        -0.13399344682693481,
        -0.01856902427971363,
        0.002905054483562708,
        -0.2468947470188141,
        -0.8120043277740479,
        0.12695975601673126,
        0.497093141078949,
        0.23539483547210693,
        0.07479804754257202,
        -0.325016051530838,
        -0.08864995092153549,
        -0.06203418970108032,
        2.0812618732452393,
        0.2854051887989044,
        0.22238001227378845,
        -0.05591454729437828,
        0.2797972559928894,
        0.15182143449783325,
        0.05807386338710785,
        0.10647368431091309
    ],
    "transl": [
        0.07071167230606079,
        1.615456223487854,
        -0.07592686265707016
    ],
    "left_hand_pose": [
        -1.0484600067138672,
        0.6968767046928406,
        -0.274812787771225,
        -1.0465736389160156,
        0.5649286508560181,
        0.36532267928123474,
        0.427733451128006,
        -0.5877289175987244,
        -2.0261917114257812,
        -1.7954270839691162,
        -0.14891168475151062,
        -2.992536783218384
    ],
    "right_hand_pose": [
        -1.5168019533157349,
        0.43763208389282227,
        -0.1690688580274582,
        -0.4657732844352722,
        0.8498193025588989,
        -0.5040827393531799,
        1.2320683002471924,
        0.35020652413368225,
        -2.6903624534606934,
        -2.2737300395965576,
        -0.2178887277841568,
        -2.817282199859619
    ],
    "jaw_pose": [
        0.03305666893720627,
        0.03180605173110962,
        -0.041196297854185104
    ],
    "leye_pose": [
        -0.633082926273346,
        0.1769983023405075,
        -2.0389699935913086
    ],
    "reye_pose": [
        -0.22436782717704773,
        -0.30269378423690796,
        0.10557791590690613
    ],
    "expression": [
        -1.0508426427841187,
        -1.1232343912124634,
        -0.0877535417675972,
        -0.20541782677173615,
        -0.2484300285577774,
        -1.0438446998596191,
        -0.14315307140350342,
        0.5504273176193237,
        -0.19835789501667023,
        0.35996532440185547
    ]
}