{
    "betas": [
        0.7346706390380859,
        -1.3884203433990479,
        0.5921152830123901,
        -2.0383360385894775,
        0.9466447830200195,
        -0.541568398475647,
        2.0594966411590576,
        -1.465659260749817,
        0.21967193484306335,
        -3.4435007572174072
    ],
    "global_orient": [
        -0.03635523095726967,
        -0.3550504744052887,
        -0.0015674890018999577
    ],
    "body_pose": [
        -0.07224906980991364,
        -0.019301962107419968,
        0.06131153553724289,
        -0.042790379375219345,
        0.18577368557453156,
        0.03337128832936287,
        0.08179055899381638,
        0.006905850488692522,
        0.0153093496337533,
        0.2943747043609619,
        -0.037251558154821396,
        -0.017250660806894302,
        0.17479878664016724,
        -0.005670721177011728,
        0.009843744337558746,
        0.000949906010646373,
        0.0026542029809206724,
        -0.014809327200055122,
        0.05648030340671539,
        0.06998305022716522,
        -5.121901722304756e-06,
        0.008889343589544296,
        -0.13691936433315277,
        6.890666668368794e-07,
        -0.0760282427072525,
        -0.034691378474235535,
        0.039643365889787674,
        4.7927599666763854e-08,
        -3.752408019863651e-07,
        -4.0248946220344806e-07,
        -3.9602821289008716e-07,
        6.576031807981053e-08,
        -2.9134278634046495e-07,
        0.16323645412921906,
        0.01020336989313364,
        0.024680249392986298,
        -0.14193299412727356,
        -0.09443815052509308,
        0.23784072697162628,
        -0.14289864897727966,
        0.07336259633302689,
        -0.31095024943351746,
        -0.12587907910346985,
        0.04440685361623764,
        -0.003552018664777279,
        -0.07251902669668198,
        -0.2911549508571625,
        0.6955171227455139,
        -0.05125030130147934,
        0.26264992356300354,
        -0.6498376727104187,
        -0.10054890811443329,
        0.10984596610069275,
        -0.11158347874879837,
        -0.39017727971076965,
        0.19211174547672272,
        -0.16067178547382355,
        -0.10761553049087524,
        -0.3070965111255646,
        0.375819593667984,
        -0.08163843303918839,
        0.07511060684919357,
        -0.1872883290052414
    ],
    "transl": [
        0.01988605223596096,
        1.6307357549667358,
        -0.03514979034662247
    ],
    "left_hand_pose": [
        -1.090794324874878,
        1.4955620765686035,
        -0.1944398283958435,
        -1.4215091466903687,
        0.7344800233840942,
        0.9735242128372192,
        0.9872002005577087,
        -1.273462176322937,
        -2.933426856994629,
        -2.7163257598876953,
        -0.3795335590839386,
        -3.6695146560668945
    ],
    "right_hand_pose": [
        -1.315563678741455,
        1.2925500869750977,
        0.23724989593029022,
        -1.3478456735610962,
        0.12248055636882782,
        -0.16798464953899384,
        1.5271072387695312,
        -0.8682787418365479,
        -3.015138626098633,
        -2.134187698364258,
        0.4507518410682678,
        -2.6049211025238037
    ],
    "jaw_pose": [
        0.023615624755620956,
        0.014917879365384579,
        -0.03943527117371559
    ],
    "leye_pose": [
        0.24586087465286255,
        0.5055689811706543,
        -1.1203582286834717
    ],
    "reye_pose": [
        -0.059682250022888184,
        -0.4150325357913971,
        0.12521055340766907
    ],
    "expression": [
        -1.4733725786209106,
        -0.7212687730789185,
        -0.371739000082016,
        0.0700579509139061,
        -0.4773438572883606,
        -0.8677931427955627,
        -0.12956328690052032,
        0.5030720829963684,
        -0.1704055815935135,
        0.5751714706420898
    ]
}