{
    "betas": [
        0.7346706390380859,
        -1.3884203433990479,
        0.5921152830123901,
        -2.0383360385894775,
        0.9466447830200195,
        -0.541568398475647,
        2.0594966411590576,
        -1.465659260749817,
        0.21967193484306335,
        -3.4435007572174072
    ],
    "global_orient": [
        -0.12501120567321777,
        -0.32486632466316223,
        -0.042662519961595535
    ],
    "body_pose": [
        -0.0384623147547245,
        -0.02884691394865513,
        0.08715702593326569,
        0.06835795938968658,
        0.17549815773963928,
        0.029657287523150444,
        0.2330404371023178,
        -0.042723506689071655,
        0.06817987561225891,
        0.25884589552879333,
        0.0075062657706439495,
        0.04378437250852585,
        0.15962767601013184,
        -0.03928069397807121,
        0.017775172367691994,
        -0.056907061487436295,
        0.010459999553859234,
        -0.00984572060406208,
        0.08375238627195358,
        0.09782150387763977,
        -2.23972529056482e-06,
        -0.009525764733552933,
        -0.11192130297422409,
        -4.254647478774132e-07,
        -0.12294507026672363,
        -0.005559660494327545,
        -0.02629717066884041,
        1.0538549304328626e-06,
        -1.6948543191119825e-07,
        -8.330261636046998e-08,
        -3.2602990529539966e-08,
        3.339409033742413e-07,
        3.384561750863213e-07,
        0.18442034721374512,
        0.0038857320323586464,
        0.06126473844051361,
        -0.16573917865753174,
        -0.3530614972114563,
        0.21833084523677826,
        -0.16442610323429108,
        0.37368330359458923,
        -0.20370006561279297,
        -0.14692820608615875,
        0.009754415601491928,
        -0.01950032263994217,
        -0.02373102679848671,
        -0.7396068572998047,
        0.30365413427352905,
        0.006596508901566267,
        0.812581479549408,
        -0.30433863401412964,
        -0.12782008945941925,
        -0.9974938035011292,
        0.5038626790046692,
        0.04806825518608093,
        1.163376808166504,
        -0.32177266478538513,
        -0.11579115688800812,
        -0.1821681559085846,
        0.4610358774662018,
        0.2520533800125122,
        0.2151176780462265,
        -0.24301686882972717
    ],
    "transl": [
        0.04855678603053093,
        1.6254470348358154,
        -0.03248024359345436
    ],
    "left_hand_pose": [
        -1.5369508266448975,
        0.7270671129226685,
        0.4196208417415619,
        -0.9154362082481384,
        -0.029506977647542953,
        0.40183961391448975,
        0.9043692946434021,
        -1.3718600273132324,
        -1.688636302947998,
        -1.5339223146438599,
        0.8469298481941223,
        -2.8740406036376953
    ],
    "right_hand_pose": [
        -1.7144203186035156,
        1.3673044443130493,
        0.10594797134399414,
        -1.1670656204223633,
        -0.5377009510993958,
        0.5050662755966187,
        0.736102283000946,
        -0.9018865823745728,
        -0.958168625831604,
        -0.9753727912902832,
        0.7168976664543152,
        -2.9188666343688965
    ],
    "jaw_pose": [
        0.012370397336781025,
        0.028827115893363953,
        -0.03271237015724182
    ],
    "leye_pose": [
        -0.055247463285923004,
        -0.45786604285240173,
        -0.8097456097602844
    ],
    "reye_pose": [
        -0.10503479838371277,
        -0.2764582633972168,
        -0.39273712038993835
    ],
    "expression": [
        -0.7737470865249634,
        -0.5145523548126221,
        -0.06452123820781708,
        0.13619790971279144,
        -0.4287601709365845,
        -0.5717471837997437,
        -0.14407941699028015,
        0.406105637550354,
        -0.13754895329475403,
        0.26591193675994873
    ]
}