{
    "betas": [
        0.7346706390380859,
        -1.3884203433990479,
        0.5921152830123901,
        -2.0383360385894775,
        0.9466447830200195,
        -0.541568398475647,
        2.0594966411590576,
        -1.465659260749817,
        0.21967193484306335,
        -3.4435007572174072
    ],
    "global_orient": [
        -0.1207108125090599,
        -0.5674344301223755,
        -0.04812685027718544
    ],
    "body_pose": [
        -0.025392869487404823,
        -0.031994305551052094,
        -0.015747010707855225,
        -0.05261528119444847,
        0.3034881055355072,
        -0.03398469090461731,
        0.17916236817836761,
        0.02401449717581272,
        0.054407402873039246,
        0.28137731552124023,
        -0.27112892270088196,
        -0.014856606721878052,
        0.3545180857181549,
        -0.0024437059182673693,
        -0.013488545082509518,
        0.11147051304578781,
        0.06917084753513336,
        -0.045443251729011536,
        -0.08785682916641235,
        -0.2923758029937744,
        -2.66862866737938e-06,
        -0.019587425515055656,
        -0.06435181945562363,
        -9.123316324632924e-09,
        -0.07677650451660156,
        0.03221765160560608,
        -0.024242181330919266,
        -7.365112537627283e-07,
        -1.1560642860786174e-06,
        -2.7326933604854275e-07,
        -4.2734154703794047e-07,
        8.127900059662352e-07,
        6.961644771763531e-07,
        0.024493753910064697,
        -0.04059133678674698,
        0.012311737984418869,
        -0.10280381143093109,
        -0.3804751932621002,
        -0.11697299778461456,
        -0.07189252972602844,
        0.3808841407299042,
        0.20307643711566925,
        -0.12979355454444885,
        0.02871628850698471,
        0.02269761823117733,
        0.10820306837558746,
        -0.8044790625572205,
        -0.7248117327690125,
        0.1314619779586792,
        0.664215624332428,
        0.5244532227516174,
        0.12270625680685043,
        -1.0921180248260498,
        -0.10695265978574753,
        0.3526986837387085,
        1.196596622467041,
        0.24038399755954742,
        0.3719828426837921,
        -0.19621078670024872,
        0.258253812789917,
        0.6365221738815308,
        0.13240164518356323,
        0.03127475827932358
    ],
    "transl": [
        0.11662355810403824,
        1.6075984239578247,
        0.005192612763494253
    ],
    "left_hand_pose": [
        -1.207796335220337,
        0.8681882619857788,
        0.6520091891288757,
        -1.1252065896987915,
        0.8497625589370728,
        0.3836267590522766,
        0.879578173160553,
        -1.2455065250396729,
        -2.3473763465881348,
        -2.140336513519287,
        0.39847448468208313,
        -1.9072906970977783
    ],
    "right_hand_pose": [
        -1.2620488405227661,
        1.0418224334716797,
        0.16176259517669678,
        -1.6046082973480225,
        0.5577139258384705,
        0.6798988580703735,
        0.03425456956028938,
        -1.4916493892669678,
        -1.314084768295288,
        -1.3262763023376465,
        0.5198067426681519,
        -1.492140293121338
    ],
    "jaw_pose": [
        0.01067283097654581,
        0.027349745854735374,
        -0.03732745721936226
    ],
    "leye_pose": [
        0.059966348111629486,
        -0.14360395073890686,
        0.00832289643585682
    ],
    "reye_pose": [
        0.03690604493021965,
        -0.29122668504714966,
        -0.22916580736637115
    ],
    "expression": [
        -1.0013383626937866,
        -0.7451968789100647,
        -0.3043689429759979,
        -0.1040395200252533,
        -0.4076487421989441,
        -0.8579850196838379,
        -0.1399630755186081,
        0.5030627250671387,
        -0.13975001871585846,
        0.4589824080467224
    ]
}