{
    "betas": [
        0.7346706390380859,
        -1.3884203433990479,
        0.5921152830123901,
        -2.0383360385894775,
        0.9466447830200195,
        -0.541568398475647,
        2.0594966411590576,
        -1.465659260749817,
        0.21967193484306335,
        -3.4435007572174072
    ],
    "global_orient": [
        -0.09798040986061096,
        -0.315403550863266,
        -0.02097431942820549
    ],
    "body_pose": [
        -0.07822327315807343,
        0.004417585674673319,
        0.10901962220668793,
        0.03953688591718674,
        0.14977797865867615,
        0.024858001619577408,
        0.1763126403093338,
        -0.035817939788103104,
        0.020393138751387596,
        0.32755979895591736,
        0.02855338156223297,
        -0.006738670635968447,
        0.15027695894241333,
        -0.027844727039337158,
        0.023881103843450546,
        -0.008809533901512623,
        0.015751376748085022,
        0.014164327643811703,
        0.1646057814359665,
        0.17732471227645874,
        -3.9086598917492665e-06,
        0.018344730138778687,
        -0.10643173009157181,
        1.3546545574172342e-07,
        -0.1437799483537674,
        -0.007237990386784077,
        -0.01375974714756012,
        7.807360589140444e-07,
        6.22684765971826e-08,
        -2.5323234353891166e-07,
        -4.30602455026019e-07,
        2.4668284481776936e-07,
        -4.4848153635257404e-08,
        0.18668042123317719,
        -0.013743571937084198,
        0.08105312287807465,
        -0.13995113968849182,
        -0.25485238432884216,
        0.29155388474464417,
        -0.16069427132606506,
        0.237321674823761,
        -0.2984161078929901,
        -0.12631158530712128,
        0.04389764741063118,
        -0.03501284494996071,
        -0.035458046942949295,
        -0.48998475074768066,
        0.5514606237411499,
        -0.010221809148788452,
        0.5443231463432312,
        -0.5040675401687622,
        -0.12631922960281372,
        -0.6039619445800781,
        0.33112701773643494,
        -0.039872411638498306,
        0.9077956676483154,
        -0.46771061420440674,
        -0.03947502747178078,
        -0.3650539219379425,
        0.5558315515518188,
        -0.029989099130034447,
        0.26119691133499146,
        -0.3290144205093384
    ],
    "transl": [
        0.0307536032050848,
        1.630082607269287,
        -0.035747308284044266
    ],
    "left_hand_pose": [
        -1.7053405046463013,
        1.807931661605835,
        -0.007439449429512024,
        -1.7266932725906372,
        -0.1433238536119461,
        0.6286547780036926,
        1.8206955194473267,
        -1.0622180700302124,
        -2.970289468765259,
        -1.6759228706359863,
        0.13827596604824066,
        -1.8124300241470337
    ],
    "right_hand_pose": [
        -1.491050362586975,
        1.1621472835540771,
        0.1209111362695694,
        -1.1666098833084106,
        0.04347570240497589,
        0.29973670840263367,
        0.8795961737632751,
        -0.568560779094696,
        -1.9240597486495972,
        -1.0390738248825073,
        1.2497305870056152,
        -1.579656958580017
    ],
    "jaw_pose": [
        0.023699384182691574,
        0.016178369522094727,
        -0.03881855309009552
    ],
    "leye_pose": [
        0.44440358877182007,
        0.4096106290817261,
        -1.2352068424224854
    ],
    "reye_pose": [
        0.12941840291023254,
        -0.5246909856796265,
        0.09208738803863525
    ],
    "expression": [
        -1.0745494365692139,
        -0.6483116149902344,
        -0.3247549831867218,
        0.12223906069993973,
        -0.4731443524360657,
        -0.6282957792282104,
        -0.06800831109285355,
        0.4130418598651886,
        -0.23826047778129578,
        0.38983261585235596
    ]
}