{
    "betas": [
        0.7346706390380859,
        -1.3884203433990479,
        0.5921152830123901,
        -2.0383360385894775,
        0.9466447830200195,
        -0.541568398475647,
        2.0594966411590576,
        -1.465659260749817,
        0.21967193484306335,
        -3.4435007572174072
    ],
    "global_orient": [
        -0.10626605153083801,
        -0.28695717453956604,
        0.008638939820230007
    ],
    "body_pose": [
        -0.004143246449530125,
        -0.06481878459453583,
        -0.02184198796749115,
        -0.030461234971880913,
        0.26760903000831604,
        -0.012497889809310436,
        0.14402078092098236,
        0.06087653711438179,
        0.04368441179394722,
        0.2043273001909256,
        0.020578717812895775,
        -0.009876708500087261,
        0.20432311296463013,
        -0.04968522861599922,
        0.003555868286639452,
        -0.03484693169593811,
        0.01752626709640026,
        -0.10150139778852463,
        0.056774236261844635,
        0.12896692752838135,
        -6.092593594075879e-07,
        -0.0013835664140060544,
        -0.23288246989250183,
        -2.0305953967181267e-06,
        -0.10573083162307739,
        -0.09490028768777847,
        -0.1495314985513687,
        1.4069210010347888e-06,
        4.1895214053511154e-07,
        2.3815232452761848e-07,
        -2.604955966489797e-07,
        3.3014001132869453e-07,
        2.3392890113882459e-07,
        0.09876295179128647,
        -0.28468605875968933,
        0.19053956866264343,
        0.028954776003956795,
        0.01911204494535923,
        -0.2661776542663574,
        -0.18678942322731018,
        0.13411372900009155,
        -0.2748895585536957,
        -0.12077081948518753,
        -0.23160460591316223,
        -0.05733213946223259,
        0.08165748417377472,
        -0.14742888510227203,
        -0.7276806235313416,
        -0.07182653248310089,
        0.41078874468803406,
        -0.5333661437034607,
        0.28910204768180847,
        -0.34328269958496094,
        -0.17500750720500946,
        -0.22408826649188995,
        0.8829367756843567,
        -0.5238722562789917,
        0.3042899966239929,
        -0.1793038696050644,
        0.17721912264823914,
        -0.21971260011196136,
        -0.0007493462762795389,
        -0.09285511821508408
    ],
    "transl": [
        0.07235118001699448,
        1.6229825019836426,
        -0.07352489978075027
    ],
    "left_hand_pose": [
        -1.032288670539856,
        0.5069990754127502,
        -0.16340743005275726,
        -0.9563539624214172,
        0.5410246849060059,
        0.450785368680954,
        0.41328883171081543,
        -0.48727163672447205,
        -1.4598519802093506,
        -1.345394253730774,
        -0.03396410122513771,
        -2.353656768798828
    ],
    "right_hand_pose": [
        -1.5057692527770996,
        -0.014953265897929668,
        -0.7334496974945068,
        0.1417514830827713,
        1.0378291606903076,
        -0.6625126600265503,
        0.04452015832066536,
        1.5423331260681152,
        -1.4262115955352783,
        -2.407701015472412,
        -0.16936753690242767,
        -5.436502456665039
    ],
    "jaw_pose": [
        0.029460102319717407,
        0.03458147868514061,
        -0.05022044852375984
    ],
    "leye_pose": [
        -0.16492977738380432,
        -0.18233288824558258,
        -2.2265734672546387
    ],
    "reye_pose": [
        -0.519553005695343,
        -0.5563194155693054,
        0.37367889285087585
    ],
    "expression": [
        -0.8067924976348877,
        -1.3812572956085205,
        -0.1689189225435257,
        0.017540303990244865,
        -0.4908458888530731,
        -0.8982386589050293,
        -0.11880536377429962,
        0.5639331936836243,
        -0.369272917509079,
        0.43758195638656616
    ]
}