{
    "betas": [
        0.7346706390380859,
        -1.3884203433990479,
        0.5921152830123901,
        -2.0383360385894775,
        0.9466447830200195,
        -0.541568398475647,
        2.0594966411590576,
        -1.465659260749817,
        0.21967193484306335,
        -3.4435007572174072
    ],
    "global_orient": [
        -0.15052877366542816,
        -0.3528960943222046,
        -0.01938573084771633
    ],
    "body_pose": [
        0.03724897652864456,
        -0.04758593812584877,
        -0.02505117654800415,
        -0.022846857085824013,
        0.18775981664657593,
        -0.002696878742426634,
        0.14674749970436096,
        -0.01777440309524536,
        -0.03704546019434929,
        0.24464891850948334,
        0.028608985245227814,
        0.0262548066675663,
        0.2651326358318329,
        -0.045362040400505066,
        0.01564052142202854,
        0.09077244997024536,
        -0.021495753899216652,
        0.011458567343652248,
        0.02305724285542965,
        0.18202944099903107,
        -1.469986841584614e-06,
        -0.044644296169281006,
        -0.11568232625722885,
        -1.4793312175243045e-06,
        -0.06801590323448181,
        -0.03818869963288307,
        -0.031410109251737595,
        2.0339616639830638e-06,
        6.448045297702265e-08,
        8.619543905297178e-07,
        1.421248612132331e-07,
        2.3088627187917155e-07,
        4.63512492387963e-07,
        0.012944113463163376,
        -0.16821344196796417,
        0.11775251477956772,
        -0.03933556750416756,
        -0.08441697806119919,
        -0.3523600101470947,
        -0.15498900413513184,
        0.18160322308540344,
        0.22841569781303406,
        -0.06928194314241409,
        -0.13962244987487793,
        -0.02298869378864765,
        -0.003431594930589199,
        -0.24521136283874512,
        -0.8218654990196228,
        0.1614152491092682,
        0.41194412112236023,
        0.34467771649360657,
        0.08189735561609268,
        -0.34142422676086426,
        -0.10400541126728058,
        -0.07380833476781845,
        2.0038864612579346,
        0.5513795614242554,
        0.2431083768606186,
        -0.07159687578678131,
        0.28949397802352905,
        0.2878309190273285,
        -0.02387826517224312,
        0.08050992339849472
    ],
    "transl": [
        0.06956341117620468,
        1.615458369255066,
        -0.07396112382411957
    ],
    "left_hand_pose": [
        -1.03856360912323,
        0.6709409356117249,
        -0.27661874890327454,
        -1.0489329099655151,
        0.6295537948608398,
        0.473748117685318,
        0.4584766924381256,
        -0.6730372905731201,
        -1.914233684539795,
        -1.7475450038909912,
        -0.19963428378105164,
        -2.955730676651001
    ],
    "right_hand_pose": [
        -1.426175832748413,
        0.5982561111450195,
        0.06189410388469696,
        -0.8070430159568787,
        0.6788780689239502,
        -0.37081462144851685,
        1.5525763034820557,
        -0.19626200199127197,
        -2.8156185150146484,
        -2.308938980102539,
        -0.20913653075695038,
        -2.5087196826934814
    ],
    "jaw_pose": [
        0.030071254819631577,
        0.030455926433205605,
        -0.04035305976867676
    ],
    "leye_pose": [
        -0.41940078139305115,
        -0.1653076410293579,
        -2.0431177616119385
    ],
    "reye_pose": [
        -0.20138275623321533,
        -0.2742433547973633,
        0.11779926717281342
    ],
    "expression": [
        -1.2459678649902344,
        -1.1640067100524902,
        -0.2502821385860443,
        -0.20949189364910126,
        -0.3233274817466736,
        -1.0703990459442139,
        -0.15555615723133087,
        0.5800424814224243,
        -0.2295493632555008,
        0.40867072343826294
    ]
}