{
    "betas": [
        0.7346706390380859,
        -1.3884203433990479,
        0.5921152830123901,
        -2.0383360385894775,
        0.9466447830200195,
        -0.541568398475647,
        2.0594966411590576,
        -1.465659260749817,
        0.21967193484306335,
        -3.4435007572174072
    ],
    "global_orient": [
        -0.035706549882888794,
        -0.3473649024963379,
        -0.014752048067748547
    ],
    "body_pose": [
        -0.04762793332338333,
        -0.06394871324300766,
        0.026561571285128593,
        -0.13048329949378967,
        0.2339361011981964,
        0.020956775173544884,
        0.06685151904821396,
        -0.050061821937561035,
        0.009668282233178616,
        0.22195616364479065,
        0.048276882618665695,
        0.009669859893620014,
        0.27760425209999084,
        -0.07267583161592484,
        0.03159822151064873,
        0.09201836585998535,
        -0.038005582988262177,
        0.004241430200636387,
        -0.015444167889654636,
        0.14235173165798187,
        -1.2482641977840103e-06,
        -0.04393795132637024,
        -0.15197107195854187,
        -1.4071476925892057e-06,
        -0.0770072191953659,
        -0.02356073074042797,
        0.04277774319052696,
        2.054462356682052e-06,
        2.0318979920830316e-07,
        7.784780677866365e-07,
        7.134028123800817e-07,
        2.752008469997236e-07,
        5.536591984878214e-08,
        0.1309025138616562,
        0.035691771656274796,
        0.07282870262861252,
        -0.020974894985556602,
        0.17268837988376617,
        -0.28826454281806946,
        -0.024826277047395706,
        -0.13454775512218475,
        0.33115798234939575,
        -0.13929729163646698,
        0.08511372655630112,
        -0.04917970299720764,
        0.0064157890155911446,
        0.007332599721848965,
        -0.6468502283096313,
        -0.034203652292490005,
        -0.03603284806013107,
        0.6975467801094055,
        -0.041554126888513565,
        -0.24535468220710754,
        -0.18906787037849426,
        -0.03608497977256775,
        0.2827608585357666,
        0.07553045451641083,
        0.004398236516863108,
        -0.009187392890453339,
        -0.03314310312271118,
        -0.012287367135286331,
        -0.19160503149032593,
        0.11411262303590775
    ],
    "transl": [
        0.04627131670713425,
        1.6152358055114746,
        -0.057991575449705124
    ],
    "left_hand_pose": [
        -0.7254742383956909,
        0.48559829592704773,
        -0.2446611225605011,
        -0.7196940183639526,
        1.151178002357483,
        0.7126491665840149,
        -0.30755099654197693,
        -0.7338873744010925,
        -1.1683192253112793,
        -1.7080904245376587,
        -0.6952279210090637,
        -2.669553279876709
    ],
    "right_hand_pose": [
        -0.910651683807373,
        0.16837716102600098,
        -0.5345314145088196,
        -0.3432702124118805,
        0.4723778963088989,
        0.1707039177417755,
        0.20141659677028656,
        -0.23744285106658936,
        -0.749799370765686,
        -1.7370667457580566,
        0.04311094060540199,
        -4.138444900512695
    ],
    "jaw_pose": [
        0.013089657761156559,
        0.026479698717594147,
        -0.033530592918395996
    ],
    "leye_pose": [
        -0.2284131795167923,
        -0.31661736965179443,
        -2.0720086097717285
    ],
    "reye_pose": [
        -0.20027585327625275,
        -0.2631349265575409,
        -0.027291934937238693
    ],
    "expression": [
        -0.9245202541351318,
        -0.5888614058494568,
        -0.23312923312187195,
        -0.04883203282952309,
        -0.41495901346206665,
        -0.7075169086456299,
        -0.09671955555677414,
        0.4531775116920471,
        -0.18092532455921173,
        0.3219754993915558
    ]
}