{
    "global_orient": [
        -0.3694532513618469,
        0.21599914133548737,
        0.03723399341106415
    ],
    "body_pose": [
        -0.2087559849023819,
        0.796109676361084,
        0.3043208718299866,
        -0.10387077927589417,
        0.1751558780670166,
        0.31524592638015747,
        0.5554170608520508,
        -0.38731786608695984,
        -0.15122319757938385,
        0.957402229309082,
        -0.13676756620407104,
        -0.044798947870731354,
        0.9518339037895203,
        -0.00894082896411419,
        -0.3271613121032715,
        0.0004502863739617169,
        -0.12250283360481262,
        0.07322900742292404,
        -0.3932216465473175,
        -0.04951152950525284,
        2.4522448711650213e-06,
        -0.3874439001083374,
        -0.1498899608850479,
        -2.918981181210256e-06,
        -0.2513030469417572,
        -0.13063563406467438,
        0.09662558138370514,
        -1.6107327382997028e-06,
        -4.6400367637033924e-07,
        -1.4425690864072749e-08,
        -1.487885811002343e-06,
        8.683222745275998e-07,
        1.9165693174727494e-06,
        0.15416473150253296,
        0.06158329173922539,
        -0.10372491925954819,
        -0.1949848234653473,
        -0.42839181423187256,
        -0.24399949610233307,
        -0.18277809023857117,
        0.006388180889189243,
        0.2543884515762329,
        -0.05460634082555771,
        0.06392259895801544,
        0.01681610941886902,
        -0.0909624993801117,
        -1.2118064165115356,
        -0.8942577242851257,
        -0.15785330533981323,
        0.34863951802253723,
        0.5213876366615295,
        -0.3766048550605774,
        -1.316294550895691,
        0.07946322113275528,
        -0.5681862235069275,
        1.355170726776123,
        -0.866831362247467,
        -1.1222347021102905,
        -0.25652456283569336,
        0.0415099561214447,
        -1.874207615852356,
        0.08551949262619019,
        -0.11055788397789001
    ],
    "transl": [
        0.07709338515996933,
        1.5085569620132446,
        -0.1008332222700119
    ],
    "left_hand_pose": [
        -1.4654816389083862,
        1.0403028726577759,
        0.9796920418739319,
        -1.0762238502502441,
        -0.686810314655304,
        -1.6202378273010254,
        2.775498151779175,
        -0.48343321681022644,
        -4.452096462249756,
        -2.676844596862793,
        -0.13056205213069916,
        -2.4135913848876953
    ],
    "right_hand_pose": [
        -1.4139519929885864,
        1.5825307369232178,
        1.2859833240509033,
        -1.2802196741104126,
        -0.49794334173202515,
        -1.6049829721450806,
        3.131004810333252,
        -0.8758573532104492,
        -4.903257369995117,
        -1.9584665298461914,
        2.42795991897583,
        -0.6535912752151489
    ],
    "jaw_pose": [
        0.03548809885978699,
        0.012952408753335476,
        -0.04640694335103035
    ],
    "leye_pose": [
        0.2832656502723694,
        0.09886186569929123,
        -1.1523064374923706
    ],
    "reye_pose": [
        0.3555990755558014,
        -0.5492280721664429,
        -0.6217039227485657
    ],
    "expression": [
        -1.8401224613189697,
        -0.5949825048446655,
        -0.4844083786010742,
        0.2288777232170105,
        -0.6078879833221436,
        -0.9465159773826599,
        -0.039160892367362976,
        0.4572962522506714,
        -0.19195501506328583,
        0.6467927694320679
    ],
    "betas": [
        0.7346706390380859,
        -1.3884203433990479,
        0.5921152830123901,
        -2.0383360385894775,
        0.9466447830200195,
        -0.541568398475647,
        2.0594966411590576,
        -1.465659260749817,
        0.21967193484306335,
        -3.4435007572174072
    ]
}