{
    "global_orient": [
        -0.29570019245147705,
        -0.31383493542671204,
        -0.06496047973632812
    ],
    "body_pose": [
        -0.13618481159210205,
        0.18734155595302582,
        0.017370307818055153,
        -0.19208206236362457,
        -0.10930294543504715,
        0.025372983887791634,
        0.45847293734550476,
        -0.054365914314985275,
        0.0556601956486702,
        0.6879340410232544,
        0.011111116968095303,
        -0.019887151196599007,
        0.6858461499214172,
        -0.044757094234228134,
        -0.11236225813627243,
        -0.0017550166230648756,
        0.01961996965110302,
        -0.012641003355383873,
        -0.1755073368549347,
        0.14670735597610474,
        1.8351943253946956e-07,
        -0.1508721113204956,
        -0.08958928287029266,
        -1.266102458430396e-06,
        -0.16242508590221405,
        0.0150917274877429,
        -0.03099917620420456,
        -9.635448350309161e-07,
        -4.810105451724667e-07,
        -8.727019462639873e-07,
        -1.933319708768977e-06,
        6.291500653787807e-07,
        1.2959626474184915e-06,
        0.08229513466358185,
        0.006014620885252953,
        0.0740034282207489,
        -0.2308543622493744,
        -0.3338378369808197,
        -0.1976422369480133,
        -0.2317758947610855,
        0.3537274897098541,
        0.17884011566638947,
        -0.0800287052989006,
        0.03041333518922329,
        -0.05231264978647232,
        -0.14668524265289307,
        -0.9283836483955383,
        -0.6331034302711487,
        -0.045064955949783325,
        0.8989076614379883,
        0.5114349126815796,
        -0.42300960421562195,
        -1.4330005645751953,
        0.7443994879722595,
        -0.49499720335006714,
        1.4840872287750244,
        -0.7911171317100525,
        -1.583726406097412,
        -0.28729763627052307,
        0.03746828809380531,
        -1.6316301822662354,
        0.12154977023601532,
        -0.17138327658176422
    ],
    "transl": [
        0.06478755921125412,
        1.5733976364135742,
        -0.12661540508270264
    ],
    "left_hand_pose": [
        -1.5926176309585571,
        0.9468326568603516,
        1.0047698020935059,
        -1.2765592336654663,
        -0.3256430923938751,
        -1.471666932106018,
        2.399331569671631,
        -0.3832476735115051,
        -4.208767414093018,
        -2.124260663986206,
        0.3155650794506073,
        -1.6214416027069092
    ],
    "right_hand_pose": [
        -1.4561294317245483,
        1.5924218893051147,
        1.468930959701538,
        -1.3912631273269653,
        -0.2259403020143509,
        -1.2237913608551025,
        3.136251449584961,
        -1.3671900033950806,
        -5.976602554321289,
        -2.304080009460449,
        2.557826042175293,
        -0.37746715545654297
    ],
    "jaw_pose": [
        0.02750287763774395,
        0.012905413284897804,
        -0.03855161368846893
    ],
    "leye_pose": [
        0.23725047707557678,
        -0.030956555157899857,
        -1.4678210020065308
    ],
    "reye_pose": [
        0.3003508746623993,
        -0.2654837667942047,
        -0.6974204778671265
    ],
    "expression": [
        -1.6519274711608887,
        -0.31962814927101135,
        -0.34922951459884644,
        0.3186609745025635,
        -0.5727229714393616,
        -0.746869683265686,
        -0.015528189949691296,
        0.42185768485069275,
        -0.21776330471038818,
        0.5219323039054871
    ],
    "betas": [
        0.7346706390380859,
        -1.3884203433990479,
        0.5921152830123901,
        -2.0383360385894775,
        0.9466447830200195,
        -0.541568398475647,
        2.0594966411590576,
        -1.465659260749817,
        0.21967193484306335,
        -3.4435007572174072
    ]
}