{
    "global_orient": [
        -0.37831199169158936,
        -0.17269401252269745,
        -0.00536720734089613
    ],
    "body_pose": [
        -0.24205876886844635,
        0.37489381432533264,
        -0.08153794705867767,
        -0.28939107060432434,
        -0.14652308821678162,
        0.09119153767824173,
        0.8463363647460938,
        -0.07937204837799072,
        -0.0061054229736328125,
        0.967267632484436,
        -0.13056252896785736,
        0.1879585087299347,
        0.9709346294403076,
        0.03348763659596443,
        -0.28590336441993713,
        -0.09468904137611389,
        0.08472113311290741,
        0.044270407408475876,
        -0.40877020359039307,
        0.05919183790683746,
        3.3560613701411057e-06,
        -0.39471831917762756,
        -0.0949699729681015,
        -3.2404441299149767e-06,
        -0.16005221009254456,
        -0.043554384261369705,
        -0.059436485171318054,
        -1.8284354155184701e-06,
        2.0485953200477525e-07,
        -6.985845146800784e-08,
        -2.2347171579895075e-06,
        6.047295073585701e-07,
        1.8542370980867418e-06,
        0.025124510750174522,
        -0.010821103118360043,
        0.07443521916866302,
        -0.18107040226459503,
        -0.4168252646923065,
        -0.10302755981683731,
        -0.18701887130737305,
        0.33631518483161926,
        0.12443406134843826,
        -0.14332567155361176,
        -0.03694508224725723,
        -0.04907485097646713,
        -0.08611788600683212,
        -0.9841500520706177,
        -0.7028350830078125,
        -0.01502127107232809,
        0.7832916378974915,
        0.4570685625076294,
        -0.42192381620407104,
        -1.462166666984558,
        0.6505902409553528,
        -0.5459405183792114,
        1.4123713970184326,
        -0.9745480418205261,
        -1.4115214347839355,
        -0.26864615082740784,
        0.023501494899392128,
        -1.646869421005249,
        0.19931621849536896,
        -0.12226597964763641
    ],
    "transl": [
        0.07323014736175537,
        1.5033601522445679,
        -0.15996153652668
    ],
    "left_hand_pose": [
        -1.6139286756515503,
        1.005198359489441,
        1.0247939825057983,
        -1.3749147653579712,
        -0.2648065984249115,
        -1.5516265630722046,
        2.441737651824951,
        -0.6023304462432861,
        -4.6557087898254395,
        -2.6238880157470703,
        -0.2946186363697052,
        -2.540703058242798
    ],
    "right_hand_pose": [
        -1.4418394565582275,
        1.6471781730651855,
        1.2216897010803223,
        -1.3973246812820435,
        -0.5098395347595215,
        -1.383619785308838,
        3.224497079849243,
        -1.025148868560791,
        -5.614211082458496,
        -2.385646343231201,
        2.148017406463623,
        -1.1423213481903076
    ],
    "jaw_pose": [
        0.01731247827410698,
        0.004425988998264074,
        -0.021550286561250687
    ],
    "leye_pose": [
        0.32802507281303406,
        0.34871906042099,
        -1.348117709159851
    ],
    "reye_pose": [
        0.03476480767130852,
        -0.34557440876960754,
        -0.7870216965675354
    ],
    "expression": [
        -1.4412838220596313,
        -0.1671667844057083,
        -0.08077463507652283,
        0.35831230878829956,
        -0.5220077037811279,
        -0.6645616292953491,
        -0.03329033777117729,
        0.40454909205436707,
        -0.16488848626613617,
        0.39067280292510986
    ],
    "betas": [
        0.7346706390380859,
        -1.3884203433990479,
        0.5921152830123901,
        -2.0383360385894775,
        0.9466447830200195,
        -0.541568398475647,
        2.0594966411590576,
        -1.465659260749817,
        0.21967193484306335,
        -3.4435007572174072
    ]
}