{
    "global_orient": [
        -0.35218584537506104,
        0.024666374549269676,
        -0.04728463292121887
    ],
    "body_pose": [
        -0.22424864768981934,
        0.5252359509468079,
        0.23577262461185455,
        -0.15627801418304443,
        -0.05528023838996887,
        0.2697758078575134,
        0.5211051106452942,
        -0.3352363109588623,
        -0.1110699400305748,
        0.9244365692138672,
        0.04022198170423508,
        0.02963247336447239,
        0.8956732749938965,
        0.0822172462940216,
        -0.31824010610580444,
        0.05322631448507309,
        -0.08994421362876892,
        0.08034846186637878,
        -0.3680175840854645,
        0.21987399458885193,
        2.4400055735895876e-06,
        -0.3370310664176941,
        -0.06667429208755493,
        -2.5439583168918034e-06,
        -0.15805086493492126,
        -0.06532639265060425,
        0.14927223324775696,
        -1.7682716588751646e-06,
        -7.251714606582027e-08,
        -3.7284428344719345e-07,
        -1.1039097671527998e-06,
        9.487256420470658e-07,
        1.6955461887846468e-06,
        0.06040739268064499,
        0.05394129827618599,
        -0.06500980257987976,
        -0.22114837169647217,
        -0.43264681100845337,
        -0.19659586250782013,
        -0.18515272438526154,
        0.09574861079454422,
        0.28992825746536255,
        -0.011537624523043633,
        0.07166077196598053,
        -0.007254456169903278,
        -0.08722002059221268,
        -1.0994917154312134,
        -0.7554752826690674,
        -0.10918685048818588,
        0.5613390803337097,
        0.5508868098258972,
        -0.4073440730571747,
        -1.410355567932129,
        0.2710220515727997,
        -0.5087308883666992,
        1.4192363023757935,
        -0.8690467476844788,
        -1.2848008871078491,
        -0.21960406005382538,
        0.029971785843372345,
        -1.7474113702774048,
        0.16112209856510162,
        -0.11106770485639572
    ],
    "transl": [
        0.07303980737924576,
        1.519387125968933,
        -0.1111980676651001
    ],
    "left_hand_pose": [
        -1.5680756568908691,
        0.8340914845466614,
        1.0182535648345947,
        -1.1195008754730225,
        -0.4231501519680023,
        -1.356644868850708,
        2.5263092517852783,
        -0.7593773007392883,
        -4.807412624359131,
        -3.015155553817749,
        -0.685627281665802,
        -3.231167793273926
    ],
    "right_hand_pose": [
        -1.4768587350845337,
        1.6841373443603516,
        1.2126569747924805,
        -1.2543386220932007,
        -0.4868766665458679,
        -1.3751314878463745,
        2.9710681438446045,
        -0.8906487822532654,
        -4.741028308868408,
        -1.8170806169509888,
        2.3539652824401855,
        -0.5775754451751709
    ],
    "jaw_pose": [
        0.03585256263613701,
        0.01744198054075241,
        -0.046839214861392975
    ],
    "leye_pose": [
        0.46779701113700867,
        0.10205190628767014,
        -1.341661810874939
    ],
    "reye_pose": [
        0.5024232268333435,
        -0.4713650941848755,
        -0.3076927959918976
    ],
    "expression": [
        -1.973200798034668,
        -0.7429599165916443,
        -0.6069979667663574,
        0.2388559728860855,
        -0.5970675349235535,
        -1.0606402158737183,
        -0.08605863898992538,
        0.53032386302948,
        -0.24958732724189758,
        0.7201544046401978
    ],
    "betas": [
        0.7346706390380859,
        -1.3884203433990479,
        0.5921152830123901,
        -2.0383360385894775,
        0.9466447830200195,
        -0.541568398475647,
        2.0594966411590576,
        -1.465659260749817,
        0.21967193484306335,
        -3.4435007572174072
    ]
}