{
    "global_orient": [
        -0.3058457374572754,
        -0.8540669679641724,
        -0.13980621099472046
    ],
    "body_pose": [
        -0.10020766407251358,
        0.07783608138561249,
        -0.10966495424509048,
        -0.25783973932266235,
        -0.4753347337245941,
        -0.14943110942840576,
        0.48461440205574036,
        0.06912823021411896,
        0.10544545948505402,
        0.7640588283538818,
        -0.030568573623895645,
        0.08235345780849457,
        0.7658183574676514,
        -0.016192849725484848,
        -0.059491775929927826,
        -0.006198173854500055,
        0.17475612461566925,
        0.05431388318538666,
        -0.21804147958755493,
        0.13586285710334778,
        1.2687804655797663e-06,
        -0.12049444019794464,
        -0.05943810194730759,
        -2.059264943454764e-06,
        -0.19721007347106934,
        0.15118233859539032,
        -0.08139290660619736,
        -1.0376104455644963e-06,
        -7.283827017090516e-07,
        -9.995728760259226e-07,
        -3.2001671570469625e-06,
        1.0739852314145537e-06,
        9.453063967157505e-07,
        0.10244297236204147,
        0.018234867602586746,
        0.04588444158434868,
        -0.30239102244377136,
        -0.2411443293094635,
        -0.21525514125823975,
        -0.2879340350627899,
        0.5585108995437622,
        0.18226328492164612,
        -0.12880830466747284,
        0.015830887481570244,
        -0.013711699284613132,
        -0.2461932748556137,
        -0.6161879897117615,
        -0.3782236576080322,
        -0.1285354495048523,
        1.2671542167663574,
        0.8141021132469177,
        -0.5931333303451538,
        -1.343300700187683,
        0.8889818787574768,
        -0.34088724851608276,
        1.422263264656067,
        -0.28796589374542236,
        -1.854474663734436,
        -0.23054693639278412,
        0.09384098649024963,
        -1.223624348640442,
        0.2276766300201416,
        -0.16340593993663788
    ],
    "transl": [
        0.04586796090006828,
        1.5583559274673462,
        -0.10921598970890045
    ],
    "left_hand_pose": [
        -1.6175239086151123,
        0.9519967436790466,
        1.0820385217666626,
        -1.215912103652954,
        -0.40433087944984436,
        -1.513930082321167,
        2.7169790267944336,
        -0.5134454369544983,
        -4.9341840744018555,
        -2.2359161376953125,
        0.07105067372322083,
        -1.6833282709121704
    ],
    "right_hand_pose": [
        -1.5189892053604126,
        1.590807318687439,
        0.942435622215271,
        -1.155099630355835,
        -1.055830717086792,
        -1.1754206418991089,
        3.0442960262298584,
        -0.9096034169197083,
        -4.997226238250732,
        -1.8664268255233765,
        2.34293532371521,
        -0.9556996822357178
    ],
    "jaw_pose": [
        0.032003458589315414,
        -0.0037340710405260324,
        -0.015213853679597378
    ],
    "leye_pose": [
        0.2589106857776642,
        0.4139541983604431,
        -0.8965528607368469
    ],
    "reye_pose": [
        0.10005772113800049,
        -0.06605997681617737,
        -0.6262946724891663
    ],
    "expression": [
        -1.4813588857650757,
        -0.17181052267551422,
        -0.1288527399301529,
        0.26222121715545654,
        -0.49232494831085205,
        -0.7957017421722412,
        -0.06608931720256805,
        0.39405354857444763,
        -0.032807789742946625,
        0.42246294021606445
    ],
    "betas": [
        0.7346706390380859,
        -1.3884203433990479,
        0.5921152830123901,
        -2.0383360385894775,
        0.9466447830200195,
        -0.541568398475647,
        2.0594966411590576,
        -1.465659260749817,
        0.21967193484306335,
        -3.4435007572174072
    ]
}