{
    "global_orient": [
        -0.38034799695014954,
        0.14962400496006012,
        0.06541026383638382
    ],
    "body_pose": [
        -0.3047170341014862,
        0.7713226675987244,
        0.14372529089450836,
        -0.1950635313987732,
        0.1765967160463333,
        0.3785291314125061,
        0.8388445973396301,
        -0.36655479669570923,
        -0.16469141840934753,
        1.1036477088928223,
        -0.1816534847021103,
        0.08908924460411072,
        1.0969513654708862,
        0.0010016291635110974,
        -0.48679274320602417,
        -0.16170790791511536,
        0.09493683278560638,
        0.05450337380170822,
        -0.5171934962272644,
        -0.1454884558916092,
        3.604474386520451e-06,
        -0.41184473037719727,
        -0.19605499505996704,
        -3.2764335173851578e-06,
        -0.2025708705186844,
        -0.10088038444519043,
        0.06283523142337799,
        -1.0810126696014777e-06,
        2.128017371205715e-07,
        2.3206558807942201e-07,
        -1.2174713219792466e-06,
        6.383031632140046e-07,
        2.8666654543485492e-06,
        0.0736871212720871,
        -0.007163722068071365,
        -0.04267001152038574,
        -0.2228393405675888,
        -0.5572261214256287,
        -0.02254985086619854,
        -0.184707909822464,
        0.051382385194301605,
        0.2726069390773773,
        -0.1249469742178917,
        0.018677126616239548,
        0.007475150283426046,
        -0.13358137011528015,
        -1.3677430152893066,
        -0.7599291801452637,
        -0.1968943327665329,
        0.3737695515155792,
        0.5243927240371704,
        -0.38659143447875977,
        -1.2445474863052368,
        0.2311486005783081,
        -0.5888655781745911,
        1.3089796304702759,
        -0.977757453918457,
        -1.077222466468811,
        -0.2551206350326538,
        0.0754004493355751,
        -1.8718771934509277,
        0.1406625509262085,
        -0.11205140501260757
    ],
    "transl": [
        0.0731671154499054,
        1.4708794355392456,
        -0.13611049950122833
    ],
    "left_hand_pose": [
        -1.6400203704833984,
        0.8876526355743408,
        0.8999359011650085,
        -0.9704701900482178,
        -0.7689456343650818,
        -1.348188042640686,
        2.3364126682281494,
        -0.5001013875007629,
        -4.1346964836120605,
        -2.261091709136963,
        -0.006700429599732161,
        -2.2758026123046875
    ],
    "right_hand_pose": [
        -1.5041519403457642,
        1.6580784320831299,
        1.268221378326416,
        -1.3791238069534302,
        -0.6493504643440247,
        -1.7903282642364502,
        3.3958749771118164,
        -0.8106000423431396,
        -5.47445821762085,
        -2.254565477371216,
        1.888871192932129,
        -0.981082022190094
    ],
    "jaw_pose": [
        0.02514663338661194,
        0.011529214680194855,
        -0.032800354063510895
    ],
    "leye_pose": [
        -0.018289418891072273,
        0.20020487904548645,
        -1.2155286073684692
    ],
    "reye_pose": [
        0.1255945861339569,
        -0.6169612407684326,
        -0.658478856086731
    ],
    "expression": [
        -1.5322766304016113,
        -0.36352312564849854,
        -0.1386556774377823,
        0.34674403071403503,
        -0.5989267826080322,
        -0.7249186038970947,
        -0.007325394544750452,
        0.35397326946258545,
        -0.2150447815656662,
        0.44968876242637634
    ],
    "betas": [
        0.7346706390380859,
        -1.3884203433990479,
        0.5921152830123901,
        -2.0383360385894775,
        0.9466447830200195,
        -0.541568398475647,
        2.0594966411590576,
        -1.465659260749817,
        0.21967193484306335,
        -3.4435007572174072
    ]
}