{
    "global_orient": [
        -0.1934618055820465,
        -0.2627023160457611,
        0.01074389461427927
    ],
    "body_pose": [
        -0.17947831749916077,
        0.17094145715236664,
        -0.12435107678174973,
        -0.2149081826210022,
        0.058487579226493835,
        0.03748244047164917,
        0.45614513754844666,
        0.037657447159290314,
        0.07855472713708878,
        0.468698650598526,
        -0.097934789955616,
        0.1330859363079071,
        0.5627523064613342,
        -0.05405626446008682,
        -0.02566405013203621,
        -0.05852204188704491,
        0.05061394348740578,
        0.003250501351431012,
        -0.002644782420247793,
        0.03065567836165428,
        -6.855337346678425e-07,
        -0.13227394223213196,
        -0.1207507848739624,
        -6.826825824646221e-07,
        -0.1417214423418045,
        -0.05647524446249008,
        -0.04186064004898071,
        -6.34823607015278e-07,
        -5.718387683373294e-07,
        -5.373967724153772e-07,
        -1.6181662658709683e-06,
        -1.3532704201679735e-07,
        1.3210618590164813e-06,
        0.042669784277677536,
        -0.005940228700637817,
        0.049120597541332245,
        -0.2695312798023224,
        -0.4784312844276428,
        -0.09752379357814789,
        -0.27269446849823,
        0.36456429958343506,
        -0.06303740292787552,
        -0.14861269295215607,
        0.025595029816031456,
        -0.07067342102527618,
        -0.24359671771526337,
        -0.9406829476356506,
        -0.5578073263168335,
        -0.1905326545238495,
        0.9195792078971863,
        0.3905443549156189,
        -0.4306175708770752,
        -1.2836953401565552,
        0.7661028504371643,
        -0.4519243836402893,
        1.3349230289459229,
        -0.7657151222229004,
        -1.5265203714370728,
        -0.2822726368904114,
        0.12579050660133362,
        -1.590691089630127,
        0.06848028302192688,
        -0.1317204385995865
    ],
    "transl": [
        0.041138261556625366,
        1.5957143306732178,
        -0.14642521739006042
    ],
    "left_hand_pose": [
        -1.6205430030822754,
        0.9981937408447266,
        0.9900670051574707,
        -1.3848975896835327,
        -0.5651490688323975,
        -1.6546638011932373,
        2.74951434135437,
        -0.3983403146266937,
        -4.494999408721924,
        -2.1662659645080566,
        0.624193549156189,
        -1.867217779159546
    ],
    "right_hand_pose": [
        -1.5762488842010498,
        1.569374442100525,
        1.2588107585906982,
        -1.2464921474456787,
        -0.7509348392486572,
        -1.4182043075561523,
        2.7102646827697754,
        -0.7774037718772888,
        -4.486155986785889,
        -1.9201929569244385,
        1.6610604524612427,
        -0.9871898889541626
    ],
    "jaw_pose": [
        0.030236197635531425,
        0.012516544200479984,
        -0.024434328079223633
    ],
    "leye_pose": [
        0.11144320666790009,
        0.17334283888339996,
        -1.4903515577316284
    ],
    "reye_pose": [
        -0.034750379621982574,
        -0.5696650147438049,
        -0.7580530047416687
    ],
    "expression": [
        -1.1600046157836914,
        -0.27254536747932434,
        -0.07636325806379318,
        0.46863168478012085,
        -0.5465362071990967,
        -0.5198848843574524,
        -0.005617838818579912,
        0.36970847845077515,
        -0.18047404289245605,
        0.2513641119003296
    ],
    "betas": [
        0.7346706390380859,
        -1.3884203433990479,
        0.5921152830123901,
        -2.0383360385894775,
        0.9466447830200195,
        -0.541568398475647,
        2.0594966411590576,
        -1.465659260749817,
        0.21967193484306335,
        -3.4435007572174072
    ]
}