{
    "global_orient": [
        -0.34833166003227234,
        -0.023630833253264427,
        -0.012145339511334896
    ],
    "body_pose": [
        -0.304425984621048,
        0.5195766687393188,
        0.15263459086418152,
        -0.2562430500984192,
        0.1092282384634018,
        0.2792429029941559,
        0.7444304823875427,
        -0.3841748535633087,
        -0.1737091988325119,
        1.0115091800689697,
        -0.06564772129058838,
        0.0184060987085104,
        1.0273445844650269,
        0.0477883443236351,
        -0.23950035870075226,
        -0.07323745638132095,
        0.07800313085317612,
        0.05890600010752678,
        -0.4160471260547638,
        0.0814003050327301,
        3.688416427394259e-06,
        -0.3964332938194275,
        -0.14719213545322418,
        -3.801214916165918e-06,
        -0.16385681927204132,
        -0.020205454900860786,
        0.09468206018209457,
        -1.654383709137619e-06,
        2.2536627852787205e-07,
        1.6830705362735898e-07,
        -8.665434734211885e-07,
        7.922436680019018e-07,
        2.0719701296911808e-06,
        0.00813823938369751,
        0.015639694407582283,
        0.004195444751530886,
        -0.24760118126869202,
        -0.49026811122894287,
        0.03761599585413933,
        -0.1786217987537384,
        0.1528581976890564,
        0.27301207184791565,
        -0.11441751569509506,
        0.07873775064945221,
        -0.024887917563319206,
        -0.1436317414045334,
        -1.2396682500839233,
        -0.6306397318840027,
        -0.19078955054283142,
        0.538638174533844,
        0.5158404111862183,
        -0.4131585955619812,
        -1.322875738143921,
        0.4640499949455261,
        -0.5445812940597534,
        1.3323577642440796,
        -0.9002283811569214,
        -1.2745630741119385,
        -0.20945361256599426,
        0.07783905416727066,
        -1.7498615980148315,
        0.1413097381591797,
        -0.0922178253531456
    ],
    "transl": [
        0.06533955037593842,
        1.4950222969055176,
        -0.1428155153989792
    ],
    "left_hand_pose": [
        -1.581527590751648,
        1.004576563835144,
        1.0075364112854004,
        -1.0675278902053833,
        -0.5510863661766052,
        -1.3690590858459473,
        2.3920915126800537,
        -0.5136911273002625,
        -4.034170627593994,
        -2.326488494873047,
        -0.09963369369506836,
        -2.2264950275421143
    ],
    "right_hand_pose": [
        -1.5243854522705078,
        1.6435350179672241,
        1.3144456148147583,
        -1.4367104768753052,
        -0.5869931578636169,
        -1.799713134765625,
        3.2921268939971924,
        -0.7785650491714478,
        -5.010823726654053,
        -2.0504605770111084,
        2.4600300788879395,
        -0.832444429397583
    ],
    "jaw_pose": [
        0.030682092532515526,
        0.02225102111697197,
        -0.039327945560216904
    ],
    "leye_pose": [
        0.3124975264072418,
        0.10124870389699936,
        -1.555512547492981
    ],
    "reye_pose": [
        0.21902723610401154,
        -0.7381259799003601,
        -0.5497259497642517
    ],
    "expression": [
        -1.597294569015503,
        -0.6243706345558167,
        -0.2769465148448944,
        0.11562571674585342,
        -0.5602653622627258,
        -0.953583300113678,
        -0.08203143626451492,
        0.44061407446861267,
        -0.24799759685993195,
        0.4900437891483307
    ],
    "betas": [
        0.7346706390380859,
        -1.3884203433990479,
        0.5921152830123901,
        -2.0383360385894775,
        0.9466447830200195,
        -0.541568398475647,
        2.0594966411590576,
        -1.465659260749817,
        0.21967193484306335,
        -3.4435007572174072
    ]
}