{
    "global_orient": [
        -0.41926810145378113,
        -0.6501284837722778,
        -0.13094542920589447
    ],
    "body_pose": [
        -0.2197827696800232,
        0.208899587392807,
        -0.21911916136741638,
        -0.3902203440666199,
        -0.45003584027290344,
        -0.02326769009232521,
        0.9718385934829712,
        0.14588837325572968,
        0.07522988319396973,
        1.1639972925186157,
        -0.11159683018922806,
        0.3884407579898834,
        1.1505701541900635,
        -0.019465748220682144,
        -0.3113524913787842,
        -0.1090516671538353,
        0.1873878836631775,
        -0.001722697983495891,
        -0.511035680770874,
        0.20475050806999207,
        4.0830477701092605e-06,
        -0.4814087450504303,
        -0.06457758694887161,
        -4.957083547196817e-06,
        -0.19673149287700653,
        -0.020107150077819824,
        -0.11534999310970306,
        -4.142403327023203e-07,
        -4.511273914431513e-07,
        -1.0535339924899745e-06,
        -1.167193659057375e-06,
        9.226319548361062e-07,
        1.8241108818983776e-06,
        -0.013225574977695942,
        0.0003555215080268681,
        0.15937145054340363,
        -0.19321659207344055,
        -0.1986706256866455,
        -0.17635498940944672,
        -0.2621793746948242,
        0.4095500409603119,
        0.16974352300167084,
        -0.13827109336853027,
        -0.024009549990296364,
        -0.10765441507101059,
        -0.2254330962896347,
        -0.4912422001361847,
        -0.6038736701011658,
        0.037000518292188644,
        1.2725169658660889,
        0.6468546390533447,
        -0.539781391620636,
        -1.4464786052703857,
        0.9667893648147583,
        -0.35982322692871094,
        1.49655020236969,
        -0.37338903546333313,
        -1.8097784519195557,
        -0.29807549715042114,
        0.0747160017490387,
        -1.2347166538238525,
        0.2709171772003174,
        -0.13431760668754578
    ],
    "transl": [
        0.05988776311278343,
        1.454950213432312,
        -0.15387693047523499
    ],
    "left_hand_pose": [
        -1.5400012731552124,
        0.9862199425697327,
        1.0086575746536255,
        -1.2942614555358887,
        -0.1621014028787613,
        -1.3867636919021606,
        2.4805824756622314,
        -0.6283050179481506,
        -4.430377960205078,
        -2.3329834938049316,
        0.1883952021598816,
        -1.7577389478683472
    ],
    "right_hand_pose": [
        -1.4101182222366333,
        1.6148488521575928,
        1.1122013330459595,
        -1.2989070415496826,
        -0.617591917514801,
        -1.1709213256835938,
        3.0513627529144287,
        -0.9185647368431091,
        -4.470265865325928,
        -1.9760898351669312,
        2.6661899089813232,
        -0.8886373043060303
    ],
    "jaw_pose": [
        0.011469450779259205,
        0.014272074215114117,
        -0.025758210569620132
    ],
    "leye_pose": [
        0.34322652220726013,
        0.2797665596008301,
        -1.410178780555725
    ],
    "reye_pose": [
        0.1484876126050949,
        -0.29051557183265686,
        -0.6922234892845154
    ],
    "expression": [
        -1.426587462425232,
        -0.20340529084205627,
        -0.14798735082149506,
        0.3111000657081604,
        -0.49721759557724,
        -0.7885642647743225,
        -0.1602279245853424,
        0.5382156372070312,
        -0.15728649497032166,
        0.3374372720718384
    ],
    "betas": [
        0.7346706390380859,
        -1.3884203433990479,
        0.5921152830123901,
        -2.0383360385894775,
        0.9466447830200195,
        -0.541568398475647,
        2.0594966411590576,
        -1.465659260749817,
        0.21967193484306335,
        -3.4435007572174072
    ]
}