{
    "global_orient": [
        -0.2604069709777832,
        -0.547886073589325,
        -0.09777647256851196
    ],
    "body_pose": [
        -0.2282162606716156,
        0.24130962789058685,
        0.039120741188526154,
        -0.26449063420295715,
        -0.21551206707954407,
        0.12293179333209991,
        0.5769851207733154,
        0.006567299831658602,
        -0.05247414484620094,
        0.7678326964378357,
        0.045673999935388565,
        0.12128083407878876,
        0.7359360456466675,
        -0.035986967384815216,
        -0.1628299206495285,
        -0.01575273461639881,
        0.04502914100885391,
        0.11584822088479996,
        -0.18216468393802643,
        0.23288826644420624,
        1.3895603387936717e-06,
        -0.24265313148498535,
        -0.09403927624225616,
        -3.1051879432197893e-06,
        -0.18015913665294647,
        -0.010923427529633045,
        0.005755317863076925,
        -9.87520593298541e-07,
        -2.452405567510141e-07,
        -4.3799920490528166e-07,
        -2.099979610648006e-06,
        6.801154199820303e-07,
        1.9377339413040318e-06,
        0.05731967091560364,
        0.13060377538204193,
        0.013875224627554417,
        -0.22176972031593323,
        -0.28831589221954346,
        -0.11729537695646286,
        -0.2076157033443451,
        0.36343857645988464,
        0.1258232146501541,
        -0.1030624732375145,
        0.06414657831192017,
        -0.0759054496884346,
        -0.1460377424955368,
        -0.7920762300491333,
        -0.5097514390945435,
        -0.10112886130809784,
        1.0798330307006836,
        0.623604953289032,
        -0.5114356875419617,
        -1.4196594953536987,
        0.8314051628112793,
        -0.4330819547176361,
        1.4129730463027954,
        -0.5661881566047668,
        -1.590618371963501,
        -0.24147941172122955,
        0.09854419529438019,
        -1.3384182453155518,
        0.1858818680047989,
        -0.08135230839252472
    ],
    "transl": [
        0.0421302504837513,
        1.5543161630630493,
        -0.14719316363334656
    ],
    "left_hand_pose": [
        -1.5889664888381958,
        0.990403950214386,
        1.0929268598556519,
        -1.2647414207458496,
        -0.48961901664733887,
        -1.6754814386367798,
        2.6905572414398193,
        -0.4776144027709961,
        -4.917089939117432,
        -2.442723512649536,
        0.022945405915379524,
        -2.010770559310913
    ],
    "right_hand_pose": [
        -1.5048495531082153,
        1.5643680095672607,
        1.2771050930023193,
        -1.2765475511550903,
        -0.7810890078544617,
        -1.2986007928848267,
        2.7803869247436523,
        -0.9319100379943848,
        -4.688955307006836,
        -1.9379966259002686,
        1.4819694757461548,
        -1.05894136428833
    ],
    "jaw_pose": [
        0.03595295548439026,
        0.020786257460713387,
        -0.03541261702775955
    ],
    "leye_pose": [
        0.16749341785907745,
        0.2361670881509781,
        -1.129634141921997
    ],
    "reye_pose": [
        0.14905840158462524,
        -0.5112418532371521,
        -0.3921852707862854
    ],
    "expression": [
        -1.2827893495559692,
        -0.4472959339618683,
        -0.21452106535434723,
        0.1986517310142517,
        -0.41293764114379883,
        -0.7334967851638794,
        -0.10145647078752518,
        0.4660049080848694,
        -0.24362844228744507,
        0.36393943428993225
    ],
    "betas": [
        0.7346706390380859,
        -1.3884203433990479,
        0.5921152830123901,
        -2.0383360385894775,
        0.9466447830200195,
        -0.541568398475647,
        2.0594966411590576,
        -1.465659260749817,
        0.21967193484306335,
        -3.4435007572174072
    ]
}