{
    "global_orient": [
        -0.3161299228668213,
        -0.4586452841758728,
        -0.07371421158313751
    ],
    "body_pose": [
        -0.11936099082231522,
        0.17690815031528473,
        -0.02292838878929615,
        -0.20917148888111115,
        -0.1991184502840042,
        -0.019062921404838562,
        0.5014249682426453,
        0.002652664901688695,
        0.059996068477630615,
        0.7205561399459839,
        -0.04728153347969055,
        -0.007039081770926714,
        0.7121526002883911,
        -0.06224922835826874,
        -0.13255907595157623,
        -0.012619230896234512,
        0.08568302541971207,
        -0.005798714235424995,
        -0.11165376752614975,
        0.08075574040412903,
        1.3945434602646856e-06,
        -0.15636184811592102,
        -0.1139478012919426,
        -2.102576218021568e-06,
        -0.18317091464996338,
        0.037864405661821365,
        -0.055723268538713455,
        -6.01544172695867e-07,
        -5.078156846138882e-07,
        -9.19167291613121e-07,
        -2.2136532606964465e-06,
        8.745040531721315e-07,
        1.448638272449898e-06,
        0.09327799081802368,
        0.016850272193551064,
        0.08401814848184586,
        -0.24706041812896729,
        -0.3291463851928711,
        -0.20693594217300415,
        -0.23005178570747375,
        0.3718580901622772,
        0.17949023842811584,
        -0.09801151603460312,
        -0.0028080688789486885,
        -0.038936760276556015,
        -0.1362588256597519,
        -0.8405661582946777,
        -0.5582401752471924,
        -0.042221799492836,
        1.0251481533050537,
        0.532642126083374,
        -0.4716684818267822,
        -1.3921051025390625,
        0.8653852343559265,
        -0.4419862926006317,
        1.4735051393508911,
        -0.7018666863441467,
        -1.6563677787780762,
        -0.31002989411354065,
        0.057899706065654755,
        -1.586634635925293,
        0.14371849596500397,
        -0.16708272695541382
    ],
    "transl": [
        0.061040207743644714,
        1.5674502849578857,
        -0.1263793557882309
    ],
    "left_hand_pose": [
        -1.6570897102355957,
        0.8612491488456726,
        1.0605895519256592,
        -1.2371187210083008,
        -0.28284332156181335,
        -1.2095359563827515,
        2.479379177093506,
        -0.7136119604110718,
        -4.833545207977295,
        -2.442904472351074,
        -0.42968985438346863,
        -1.930031180381775
    ],
    "right_hand_pose": [
        -1.539742112159729,
        1.4790544509887695,
        1.4079232215881348,
        -1.340657114982605,
        -0.4316134452819824,
        -1.268137812614441,
        2.8383114337921143,
        -1.1566500663757324,
        -5.217789173126221,
        -1.9430174827575684,
        2.1983489990234375,
        -0.30948421359062195
    ],
    "jaw_pose": [
        0.021681036800146103,
        0.013039061799645424,
        -0.03615628182888031
    ],
    "leye_pose": [
        0.22119905054569244,
        0.1717255711555481,
        -1.270146131515503
    ],
    "reye_pose": [
        0.19407150149345398,
        -0.46063488721847534,
        -0.8431294560432434
    ],
    "expression": [
        -1.7717536687850952,
        -0.2240164428949356,
        -0.34867268800735474,
        0.26890987157821655,
        -0.5900294780731201,
        -0.7880862951278687,
        -0.0442158505320549,
        0.42982110381126404,
        -0.17486242949962616,
        0.5094164609909058
    ],
    "betas": [
        0.7346706390380859,
        -1.3884203433990479,
        0.5921152830123901,
        -2.0383360385894775,
        0.9466447830200195,
        -0.541568398475647,
        2.0594966411590576,
        -1.465659260749817,
        0.21967193484306335,
        -3.4435007572174072
    ]
}