{
    "global_orient": [
        -0.19753381609916687,
        -0.4544597268104553,
        -0.0693688839673996
    ],
    "body_pose": [
        -0.147968590259552,
        0.08914123475551605,
        -0.023676211014389992,
        -0.13081367313861847,
        -0.027008043602108955,
        0.05499449372291565,
        0.3208514153957367,
        0.0003085644275415689,
        0.031230982393026352,
        0.5541025996208191,
        0.008278911001980305,
        0.04605213552713394,
        0.4722328782081604,
        -0.011567982845008373,
        -0.00379289872944355,
        0.03401573747396469,
        0.046128589659929276,
        0.025720302015542984,
        -0.05602865293622017,
        0.18649660050868988,
        3.393612644231325e-07,
        -0.1092313751578331,
        -0.017618391662836075,
        -4.399891793127608e-07,
        -0.14783775806427002,
        0.004651354625821114,
        -0.014484775252640247,
        -3.683568934320647e-07,
        -4.916778948427236e-07,
        -5.992238243379688e-07,
        -1.0547158808549284e-06,
        2.5681029569568636e-07,
        8.305560754706676e-07,
        0.07089683413505554,
        0.03885509446263313,
        0.006222016643732786,
        -0.2632245719432831,
        -0.4633045792579651,
        -0.19698411226272583,
        -0.2730351686477661,
        0.5014088153839111,
        0.13102056086063385,
        -0.14183948934078217,
        0.0117861432954669,
        -0.022749604657292366,
        -0.21217447519302368,
        -0.865095317363739,
        -0.48375892639160156,
        -0.08812513947486877,
        1.1424152851104736,
        0.5591270923614502,
        -0.49268367886543274,
        -1.403104543685913,
        0.8198301792144775,
        -0.3649018108844757,
        1.4264373779296875,
        -0.6466245055198669,
        -1.5407158136367798,
        -0.2476043552160263,
        0.038709744811058044,
        -1.3570879697799683,
        0.13822658360004425,
        -0.24054831266403198
    ],
    "transl": [
        0.02062935382127762,
        1.5918102264404297,
        -0.10254093259572983
    ],
    "left_hand_pose": [
        -1.5680842399597168,
        0.8635141849517822,
        0.9508176445960999,
        -1.2733798027038574,
        -0.2117464244365692,
        -1.1325912475585938,
        2.240875720977783,
        -0.32118457555770874,
        -3.7161591053009033,
        -1.7873647212982178,
        -0.018570801243185997,
        -0.9922627806663513
    ],
    "right_hand_pose": [
        -1.5135648250579834,
        1.431528091430664,
        1.3732318878173828,
        -1.351597547531128,
        -0.5688967704772949,
        -1.5132161378860474,
        3.4771368503570557,
        -1.0787593126296997,
        -5.879246711730957,
        -2.4679062366485596,
        1.8629108667373657,
        -1.2764918804168701
    ],
    "jaw_pose": [
        0.043014105409383774,
        0.013458309695124626,
        -0.033735476434230804
    ],
    "leye_pose": [
        0.2705974280834198,
        -0.027821579948067665,
        0.10937990248203278
    ],
    "reye_pose": [
        0.17892007529735565,
        -0.03941349685192108,
        -0.27732783555984497
    ],
    "expression": [
        -1.4105658531188965,
        -0.4323595464229584,
        -0.0851605236530304,
        0.2846268117427826,
        -0.3623763918876648,
        -0.6540704369544983,
        0.061924707144498825,
        0.4235116243362427,
        -0.1124780923128128,
        0.34902310371398926
    ],
    "betas": [
        0.7346706390380859,
        -1.3884203433990479,
        0.5921152830123901,
        -2.0383360385894775,
        0.9466447830200195,
        -0.541568398475647,
        2.0594966411590576,
        -1.465659260749817,
        0.21967193484306335,
        -3.4435007572174072
    ]
}