{
    "global_orient": [
        -0.24043859541416168,
        -0.6779590845108032,
        -0.09651195257902145
    ],
    "body_pose": [
        -0.08361964672803879,
        0.04369358718395233,
        0.011217714287340641,
        -0.18399225175380707,
        -0.17570650577545166,
        -0.050677500665187836,
        0.38772672414779663,
        0.0129729975014925,
        0.024678368121385574,
        0.5638035535812378,
        0.007795816753059626,
        -0.10334945470094681,
        0.5591467618942261,
        -0.11745874583721161,
        -0.028727225959300995,
        -0.0751224085688591,
        0.08775405585765839,
        0.08271873742341995,
        -0.029870066791772842,
        0.13142530620098114,
        -2.0676536678365665e-06,
        -0.03441258892416954,
        -0.2969783544540405,
        -2.736623400778626e-06,
        -0.1690310835838318,
        0.03818904981017113,
        0.014484592713415623,
        -7.633908012394386e-07,
        -7.621002851010417e-07,
        -6.228771667338151e-07,
        -1.959293513209559e-06,
        1.1516353879414964e-06,
        6.215677217369375e-07,
        0.11933859437704086,
        0.06437724828720093,
        0.0024090579245239496,
        -0.25788766145706177,
        -0.3117736577987671,
        -0.08508257567882538,
        -0.27102622389793396,
        0.4424794316291809,
        0.07285549491643906,
        -0.12805843353271484,
        0.08034558594226837,
        -0.05802728980779648,
        -0.18602347373962402,
        -0.7673853039741516,
        -0.4156419336795807,
        -0.13433751463890076,
        1.2186665534973145,
        0.6818839311599731,
        -0.556781530380249,
        -1.3850228786468506,
        0.7807326912879944,
        -0.42630326747894287,
        1.4539165496826172,
        -0.49995362758636475,
        -1.7461069822311401,
        -0.20674894750118256,
        0.09083833545446396,
        -1.4321272373199463,
        0.19550666213035583,
        -0.21813660860061646
    ],
    "transl": [
        0.050869170576334,
        1.5984251499176025,
        -0.10982830822467804
    ],
    "left_hand_pose": [
        -1.5750629901885986,
        0.8751237988471985,
        1.1480603218078613,
        -1.2528880834579468,
        -0.14538748562335968,
        -1.2643558979034424,
        2.207658052444458,
        -0.5400925874710083,
        -4.128834247589111,
        -2.042182207107544,
        -0.02890872023999691,
        -1.174331784248352
    ],
    "right_hand_pose": [
        -1.5237772464752197,
        1.242124080657959,
        1.3615233898162842,
        -1.4728668928146362,
        0.06347089260816574,
        -0.7535302042961121,
        2.7332637310028076,
        -1.5805814266204834,
        -5.334928035736084,
        -2.078266143798828,
        2.948103904724121,
        -0.4603705406188965
    ],
    "jaw_pose": [
        0.027768122032284737,
        0.027128202840685844,
        -0.031922243535518646
    ],
    "leye_pose": [
        -0.0756339281797409,
        -0.2464107722043991,
        -1.1145954132080078
    ],
    "reye_pose": [
        -0.16602039337158203,
        -0.23651602864265442,
        -0.8950543999671936
    ],
    "expression": [
        -1.3675209283828735,
        -0.6148456931114197,
        -0.21547266840934753,
        0.00728177186101675,
        -0.4027095437049866,
        -0.8363076448440552,
        -0.07452426105737686,
        0.4620102047920227,
        -0.1787835955619812,
        0.3609796464443207
    ],
    "betas": [
        0.7346706390380859,
        -1.3884203433990479,
        0.5921152830123901,
        -2.0383360385894775,
        0.9466447830200195,
        -0.541568398475647,
        2.0594966411590576,
        -1.465659260749817,
        0.21967193484306335,
        -3.4435007572174072
    ]
}