{
    "global_orient": [
        -0.21631506085395813,
        -0.42576226592063904,
        -0.09940158575773239
    ],
    "body_pose": [
        -0.07421373575925827,
        0.11872683465480804,
        0.09118298441171646,
        -0.13818690180778503,
        -0.0649442970752716,
        0.0321330688893795,
        0.389419823884964,
        -0.09596715867519379,
        0.05116584897041321,
        0.4624536633491516,
        0.05918160080909729,
        -0.11065588891506195,
        0.47885239124298096,
        -0.11487171798944473,
        -0.024409733712673187,
        -0.11854404211044312,
        0.03317217156291008,
        0.02254415675997734,
        -0.021466556936502457,
        0.15148217976093292,
        -1.0128386520591448e-06,
        -0.040427763015031815,
        -0.26081666350364685,
        -2.156461277991184e-06,
        -0.1509072631597519,
        -0.035758599638938904,
        0.04521682485938072,
        -5.394323920882016e-07,
        -1.5710193679296935e-07,
        -6.78640148521481e-08,
        -1.6311558965753647e-06,
        6.135235253168503e-07,
        5.980588184684166e-07,
        0.11375387012958527,
        0.033504728227853775,
        -0.0025611091405153275,
        -0.281835675239563,
        -0.437365859746933,
        0.03237466886639595,
        -0.2714328467845917,
        0.37998321652412415,
        0.04809695482254028,
        -0.1477004438638687,
        0.0965627059340477,
        -0.05905690789222717,
        -0.24001342058181763,
        -0.9181385040283203,
        -0.4684737026691437,
        -0.1736670881509781,
        1.0630837678909302,
        0.5788711309432983,
        -0.4911665916442871,
        -1.3096861839294434,
        0.6652041077613831,
        -0.503273606300354,
        1.4116919040679932,
        -0.8141348958015442,
        -1.661064624786377,
        -0.15946143865585327,
        0.08548063039779663,
        -1.5802485942840576,
        0.1042940691113472,
        -0.15029078722000122
    ],
    "transl": [
        0.060191698372364044,
        1.610892653465271,
        -0.10986003279685974
    ],
    "left_hand_pose": [
        -1.6130335330963135,
        0.8092098832130432,
        1.0926902294158936,
        -1.210081934928894,
        -0.38187557458877563,
        -1.463800311088562,
        2.131586790084839,
        -0.47861966490745544,
        -4.179610729217529,
        -2.301429271697998,
        -0.2708911895751953,
        -2.0062026977539062
    ],
    "right_hand_pose": [
        -1.5746179819107056,
        1.5447759628295898,
        1.563045859336853,
        -1.431343674659729,
        -0.5086276531219482,
        -1.4175505638122559,
        3.0067074298858643,
        -1.2888473272323608,
        -5.921202659606934,
        -2.3147523403167725,
        2.0402114391326904,
        -1.068328619003296
    ],
    "jaw_pose": [
        0.019770564511418343,
        0.012112106196582317,
        -0.024155952036380768
    ],
    "leye_pose": [
        -0.035511475056409836,
        -0.32011649012565613,
        -1.138193964958191
    ],
    "reye_pose": [
        -0.0033255743328481913,
        -0.4719877243041992,
        -0.7141782641410828
    ],
    "expression": [
        -1.0891584157943726,
        -0.4500614404678345,
        -0.24361276626586914,
        0.1502751111984253,
        -0.4169803261756897,
        -0.6213756203651428,
        -0.06112667918205261,
        0.3803485631942749,
        -0.2007717341184616,
        0.30213552713394165
    ],
    "betas": [
        0.7346706390380859,
        -1.3884203433990479,
        0.5921152830123901,
        -2.0383360385894775,
        0.9466447830200195,
        -0.541568398475647,
        2.0594966411590576,
        -1.465659260749817,
        0.21967193484306335,
        -3.4435007572174072
    ]
}