{
    "global_orient": [
        -0.3025359511375427,
        -0.17008541524410248,
        -0.05587790161371231
    ],
    "body_pose": [
        -0.13274699449539185,
        0.2038559913635254,
        0.06378228217363358,
        -0.15338343381881714,
        -0.017340242862701416,
        0.0729316771030426,
        0.48960447311401367,
        -0.15334486961364746,
        0.025108635425567627,
        0.6813997030258179,
        0.02976328134536743,
        -0.054909393191337585,
        0.6660129427909851,
        -0.015513662248849869,
        -0.09649670124053955,
        -0.045909419655799866,
        -0.005430056247860193,
        -0.015958355739712715,
        -0.18745246529579163,
        0.14156053960323334,
        -3.2799503113523087e-09,
        -0.1946694403886795,
        -0.06577002257108688,
        -1.204411887556489e-06,
        -0.15713074803352356,
        -0.008976791985332966,
        -0.001865897560492158,
        -1.459493091715558e-06,
        -4.370899659988936e-07,
        -4.1884914026013575e-07,
        -2.099385028486722e-06,
        3.2832556939865754e-07,
        1.0732424016168807e-06,
        0.10151853412389755,
        0.003048230428248644,
        0.06475210189819336,
        -0.21607337892055511,
        -0.3586640954017639,
        -0.17659197747707367,
        -0.21609099209308624,
        0.31031474471092224,
        0.19085654616355896,
        -0.08272944390773773,
        0.0369773730635643,
        -0.034319985657930374,
        -0.09294477105140686,
        -1.0159610509872437,
        -0.7030541896820068,
        -0.03882879763841629,
        0.7896543145179749,
        0.4921034276485443,
        -0.4150635302066803,
        -1.4361895322799683,
        0.647402286529541,
        -0.5401568412780762,
        1.4611828327178955,
        -0.8540788292884827,
        -1.5017640590667725,
        -0.28078606724739075,
        0.038360197097063065,
        -1.6994290351867676,
        0.14571978151798248,
        -0.1630050539970398
    ],
    "transl": [
        0.06755679845809937,
        1.5772488117218018,
        -0.12792301177978516
    ],
    "left_hand_pose": [
        -1.605114221572876,
        0.9529768824577332,
        1.040574550628662,
        -1.220811367034912,
        -0.2528044581413269,
        -1.5785685777664185,
        2.3649818897247314,
        -0.4593200087547302,
        -4.339803695678711,
        -2.2211854457855225,
        0.17105965316295624,
        -1.754710078239441
    ],
    "right_hand_pose": [
        -1.4964841604232788,
        1.559404730796814,
        1.3922117948532104,
        -1.218528389930725,
        -0.3974299728870392,
        -1.2054531574249268,
        2.8161780834198,
        -1.239398717880249,
        -5.453985691070557,
        -2.0897216796875,
        2.2444405555725098,
        -0.6478965282440186
    ],
    "jaw_pose": [
        0.028211398050189018,
        0.007739975582808256,
        -0.027103709056973457
    ],
    "leye_pose": [
        0.3004569709300995,
        0.17780950665473938,
        -1.2588982582092285
    ],
    "reye_pose": [
        0.18638737499713898,
        -0.343456506729126,
        -0.8113114833831787
    ],
    "expression": [
        -1.650408387184143,
        -0.2548261284828186,
        -0.3119329512119293,
        0.269942969083786,
        -0.5077417492866516,
        -0.7766671180725098,
        -0.004158270079642534,
        0.4150960147380829,
        -0.13555756211280823,
        0.5002859830856323
    ],
    "betas": [
        0.7346706390380859,
        -1.3884203433990479,
        0.5921152830123901,
        -2.0383360385894775,
        0.9466447830200195,
        -0.541568398475647,
        2.0594966411590576,
        -1.465659260749817,
        0.21967193484306335,
        -3.4435007572174072
    ]
}