{
    "global_orient": [
        -0.2683805823326111,
        -0.7888636589050293,
        -0.1037130281329155
    ],
    "body_pose": [
        -0.09064918011426926,
        0.10092639178037643,
        -0.03857973590493202,
        -0.21150553226470947,
        -0.2600550651550293,
        -0.10208271443843842,
        0.41291898488998413,
        0.01321149617433548,
        0.0012688860297203064,
        0.6447821855545044,
        -0.05227189511060715,
        -0.04388686642050743,
        0.6285162568092346,
        -0.10019651800394058,
        -0.025504974648356438,
        -0.051935628056526184,
        0.14727512001991272,
        0.1133585274219513,
        -0.07457089424133301,
        0.0598091259598732,
        -2.560313703270367e-07,
        -0.0247728880494833,
        -0.25942090153694153,
        -2.42921100834792e-06,
        -0.17627806961536407,
        0.10544679313898087,
        0.007829193957149982,
        -6.128224185886211e-07,
        -9.897197514874279e-07,
        -7.59082638523978e-07,
        -2.3666377728659427e-06,
        7.913951094451477e-07,
        8.592792823947093e-07,
        0.12445786595344543,
        0.05607285723090172,
        -0.001016093767248094,
        -0.2738235294818878,
        -0.27463358640670776,
        -0.14183834195137024,
        -0.27488261461257935,
        0.47614482045173645,
        0.08367376029491425,
        -0.14060990512371063,
        0.06584281474351883,
        -0.08001656830310822,
        -0.200998455286026,
        -0.6721698045730591,
        -0.4269767999649048,
        -0.16387607157230377,
        1.2450170516967773,
        0.7791798710823059,
        -0.5649821758270264,
        -1.3945780992507935,
        0.8368558287620544,
        -0.40555402636528015,
        1.4609791040420532,
        -0.3172897398471832,
        -1.8320317268371582,
        -0.20277881622314453,
        0.09744003415107727,
        -1.2947120666503906,
        0.18603968620300293,
        -0.21181239187717438
    ],
    "transl": [
        0.04773344844579697,
        1.5854183435440063,
        -0.10851144045591354
    ],
    "left_hand_pose": [
        -1.602770447731018,
        0.8504024744033813,
        1.0448024272918701,
        -1.2153929471969604,
        -0.23709915578365326,
        -1.4198492765426636,
        2.579638719558716,
        -0.5575535893440247,
        -5.1119818687438965,
        -2.4617810249328613,
        -0.1519896537065506,
        -1.7761203050613403
    ],
    "right_hand_pose": [
        -1.5126349925994873,
        1.3595315217971802,
        1.3437564373016357,
        -1.266679286956787,
        -0.47174882888793945,
        -1.1287814378738403,
        2.8803551197052,
        -1.155439853668213,
        -5.670364856719971,
        -2.1055383682250977,
        2.3660290241241455,
        -0.9661479592323303
    ],
    "jaw_pose": [
        0.02962161973118782,
        0.020904971286654472,
        -0.03253939002752304
    ],
    "leye_pose": [
        -0.17239771783351898,
        -0.2273666113615036,
        -1.0219658613204956
    ],
    "reye_pose": [
        0.028378553688526154,
        -0.27439191937446594,
        -0.701124906539917
    ],
    "expression": [
        -1.2567262649536133,
        -0.5960982441902161,
        -0.22742962837219238,
        -0.060361023992300034,
        -0.3930673599243164,
        -0.8518850207328796,
        -0.10992899537086487,
        0.45661526918411255,
        -0.16119177639484406,
        0.3435836136341095
    ],
    "betas": [
        0.7346706390380859,
        -1.3884203433990479,
        0.5921152830123901,
        -2.0383360385894775,
        0.9466447830200195,
        -0.541568398475647,
        2.0594966411590576,
        -1.465659260749817,
        0.21967193484306335,
        -3.4435007572174072
    ]
}