{
    "global_orient": [
        -0.3653903007507324,
        -0.7158710956573486,
        -0.12922243773937225
    ],
    "body_pose": [
        -0.15268835425376892,
        0.187381774187088,
        -0.07555462419986725,
        -0.32246020436286926,
        -0.5309951901435852,
        -0.061896730214357376,
        0.7475773692131042,
        -0.059172146022319794,
        -0.010058700107038021,
        0.9432103037834167,
        -0.02450718730688095,
        0.14265643060207367,
        0.9277146458625793,
        0.01481432095170021,
        -0.229402557015419,
        -0.03523584455251694,
        0.21077387034893036,
        0.0627058893442154,
        -0.3893774151802063,
        0.14863871037960052,
        2.282129571540281e-06,
        -0.3232172727584839,
        0.028417056426405907,
        -3.3676672046567546e-06,
        -0.18615084886550903,
        0.0862044170498848,
        -0.09133709222078323,
        -1.0845917586266296e-06,
        -3.9743460433783184e-07,
        -8.674469427205622e-07,
        -2.5296931198681705e-06,
        7.892982694102102e-07,
        2.0719339772767853e-06,
        0.016206081956624985,
        0.09922633320093155,
        0.13424107432365417,
        -0.17667260766029358,
        -0.12657928466796875,
        -0.2056514024734497,
        -0.21802127361297607,
        0.39369282126426697,
        0.27081236243247986,
        -0.03691335394978523,
        -0.011369665153324604,
        -0.1193154975771904,
        -0.06315106153488159,
        -0.6480934023857117,
        -0.527888834476471,
        0.014618740417063236,
        1.148519515991211,
        0.7807275056838989,
        -0.5337470769882202,
        -1.5001909732818604,
        0.827068567276001,
        -0.3301593065261841,
        1.5363562107086182,
        -0.1502171903848648,
        -1.707946538925171,
        -0.2352776676416397,
        0.08803315460681915,
        -1.1993180513381958,
        0.2739368677139282,
        -0.10109664499759674
    ],
    "transl": [
        0.05901799350976944,
        1.5141894817352295,
        -0.13611261546611786
    ],
    "left_hand_pose": [
        -1.439785361289978,
        1.0652310848236084,
        1.0705944299697876,
        -1.3220936059951782,
        -0.3682457506656647,
        -1.4785476922988892,
        2.6526918411254883,
        -0.37494271993637085,
        -3.9913363456726074,
        -2.201075792312622,
        -0.16886600852012634,
        -1.3090559244155884
    ],
    "right_hand_pose": [
        -1.3869552612304688,
        1.5341756343841553,
        1.2519640922546387,
        -1.104513168334961,
        -0.9577819108963013,
        -1.6768908500671387,
        3.213979959487915,
        -0.6737255454063416,
        -4.174214839935303,
        -1.7462271451950073,
        2.423953056335449,
        -0.7450211644172668
    ],
    "jaw_pose": [
        0.024942975491285324,
        0.008935677818953991,
        -0.03271450474858284
    ],
    "leye_pose": [
        0.371376633644104,
        0.28177741169929504,
        -1.2377700805664062
    ],
    "reye_pose": [
        0.26537951827049255,
        -0.33293041586875916,
        -0.5673181414604187
    ],
    "expression": [
        -1.6019818782806396,
        -0.426801860332489,
        -0.44252511858940125,
        0.08729220926761627,
        -0.4988694489002228,
        -0.8846025466918945,
        -0.10680513828992844,
        0.4832845628261566,
        -0.19680936634540558,
        0.4796539843082428
    ],
    "betas": [
        0.7346706390380859,
        -1.3884203433990479,
        0.5921152830123901,
        -2.0383360385894775,
        0.9466447830200195,
        -0.541568398475647,
        2.0594966411590576,
        -1.465659260749817,
        0.21967193484306335,
        -3.4435007572174072
    ]
}