{
    "global_orient": [
        -0.127805694937706,
        0.2313622236251831,
        0.04464593902230263
    ],
    "body_pose": [
        -0.1420668512582779,
        0.19315105676651,
        -0.020299391821026802,
        -0.13657589256763458,
        0.33716973662376404,
        0.10279087722301483,
        0.2973078489303589,
        -0.14728091657161713,
        0.11547580361366272,
        0.27898675203323364,
        0.035477232187986374,
        -0.047838710248470306,
        0.4401477873325348,
        -0.027723578736186028,
        -0.011754416860640049,
        -0.0747428759932518,
        -0.11885751038789749,
        -0.01171936746686697,
        0.0304081030189991,
        0.06814778596162796,
        6.009725694866574e-08,
        0.015350588597357273,
        -0.09733500331640244,
        -8.112544946925482e-07,
        -0.1639171987771988,
        -0.2185642570257187,
        0.006052867509424686,
        -1.1727785249604494e-06,
        -3.0270658157860453e-07,
        6.587104195432403e-10,
        -7.427058221765037e-07,
        3.067989382543601e-07,
        9.129542490882159e-07,
        0.10898833721876144,
        0.021466048434376717,
        -0.033772796392440796,
        -0.2856196165084839,
        -0.6829305291175842,
        0.050688471645116806,
        -0.295471727848053,
        0.2676047086715698,
        0.028638208284974098,
        -0.14044001698493958,
        0.055152446031570435,
        -0.08370991051197052,
        -0.3378271758556366,
        -1.3072197437286377,
        -0.5475142002105713,
        -0.3117566704750061,
        0.6701597571372986,
        0.2172086238861084,
        -0.44388169050216675,
        -1.1021782159805298,
        0.4743935465812683,
        -0.5919471383094788,
        1.1671983003616333,
        -0.9170383810997009,
        -1.181166410446167,
        -0.21208935976028442,
        0.1119554415345192,
        -1.8975621461868286,
        0.019843434914946556,
        -0.19570524990558624
    ],
    "transl": [
        0.06041692569851875,
        1.6165509223937988,
        -0.1321507841348648
    ],
    "left_hand_pose": [
        -1.6365926265716553,
        0.7683236598968506,
        1.0025742053985596,
        -1.1918977499008179,
        -0.363280326128006,
        -1.3485721349716187,
        2.340123414993286,
        -0.41084232926368713,
        -3.8811254501342773,
        -2.0595314502716064,
        0.17654070258140564,
        -1.883133888244629
    ],
    "right_hand_pose": [
        -1.5402427911758423,
        1.4285799264907837,
        1.2910187244415283,
        -1.3808221817016602,
        -0.6248743534088135,
        -1.3008384704589844,
        2.6082403659820557,
        -0.9076153635978699,
        -5.071552276611328,
        -1.8855361938476562,
        1.506905436515808,
        -0.7557647228240967
    ],
    "jaw_pose": [
        0.03437243402004242,
        0.019976003095507622,
        -0.03516266122460365
    ],
    "leye_pose": [
        -0.05293583869934082,
        -0.142790749669075,
        -1.8463025093078613
    ],
    "reye_pose": [
        -0.10377728193998337,
        -0.6310278177261353,
        -0.7329580187797546
    ],
    "expression": [
        -1.096611738204956,
        -0.33410903811454773,
        -0.010980607010424137,
        0.388942152261734,
        -0.5568215847015381,
        -0.5535466074943542,
        0.03862691670656204,
        0.36838075518608093,
        -0.26228639483451843,
        0.23964285850524902
    ],
    "betas": [
        0.7346706390380859,
        -1.3884203433990479,
        0.5921152830123901,
        -2.0383360385894775,
        0.9466447830200195,
        -0.541568398475647,
        2.0594966411590576,
        -1.465659260749817,
        0.21967193484306335,
        -3.4435007572174072
    ]
}