{
    "global_orient": [
        -0.34746238589286804,
        -0.650904655456543,
        -0.11162970215082169
    ],
    "body_pose": [
        -0.16307243704795837,
        0.23569490015506744,
        -0.01595761440694332,
        -0.30742520093917847,
        -0.40044987201690674,
        -0.016568224877119064,
        0.7093968391418457,
        -0.048006221652030945,
        0.007914012297987938,
        0.8964625000953674,
        0.002222580136731267,
        0.09050951898097992,
        0.8806230425834656,
        -0.03374430164694786,
        -0.21935440599918365,
        -0.07421551644802094,
        0.15201298892498016,
        0.030004996806383133,
        -0.3012653589248657,
        0.17957273125648499,
        1.4626693882746622e-06,
        -0.2524421513080597,
        -0.04206794127821922,
        -3.0797402814641828e-06,
        -0.1591891646385193,
        0.02630230411887169,
        -0.0332442969083786,
        -8.215809543798969e-07,
        -4.344066155681503e-07,
        -9.048338824868551e-07,
        -2.27613986680808e-06,
        1.189113163491129e-06,
        1.9495823835313786e-06,
        0.036334339529275894,
        0.11402654647827148,
        0.11542157083749771,
        -0.14680945873260498,
        -0.15369078516960144,
        -0.18768462538719177,
        -0.16318386793136597,
        0.35899999737739563,
        0.27386361360549927,
        -0.0367705337703228,
        -0.0013078608317300677,
        -0.11610053479671478,
        -0.06745941191911697,
        -0.69512939453125,
        -0.5254568457603455,
        -0.0033240793272852898,
        1.0954469442367554,
        0.8070470690727234,
        -0.47515207529067993,
        -1.5211185216903687,
        0.7721298933029175,
        -0.34401723742485046,
        1.5960720777511597,
        -0.2965822219848633,
        -1.7051247358322144,
        -0.2571210563182831,
        0.04431382194161415,
        -1.2403250932693481,
        0.1619143933057785,
        -0.06841069459915161
    ],
    "transl": [
        0.06320113688707352,
        1.528335452079773,
        -0.13608501851558685
    ],
    "left_hand_pose": [
        -1.5609248876571655,
        1.0395087003707886,
        1.222542643547058,
        -1.2912870645523071,
        0.004272155929356813,
        -1.6317527294158936,
        2.41321063041687,
        -0.5895673632621765,
        -4.439387321472168,
        -2.708972692489624,
        -0.19116884469985962,
        -1.8885029554367065
    ],
    "right_hand_pose": [
        -1.457775354385376,
        1.6909091472625732,
        1.3711585998535156,
        -1.2752569913864136,
        -0.9645969271659851,
        -1.6056302785873413,
        3.30763578414917,
        -0.8830172419548035,
        -5.024364471435547,
        -1.9049173593521118,
        1.9133837223052979,
        -0.5679360032081604
    ],
    "jaw_pose": [
        0.03095098026096821,
        0.015932239592075348,
        -0.036833684891462326
    ],
    "leye_pose": [
        0.2682376801967621,
        0.1670222133398056,
        -1.1587117910385132
    ],
    "reye_pose": [
        0.3745046555995941,
        -0.4998149871826172,
        -0.7688952684402466
    ],
    "expression": [
        -1.5534982681274414,
        -0.47698691487312317,
        -0.4184742569923401,
        -0.06675101816654205,
        -0.4452449381351471,
        -0.8389769196510315,
        -0.10535076260566711,
        0.49674397706985474,
        -0.20805762708187103,
        0.45971593260765076
    ],
    "betas": [
        0.7346706390380859,
        -1.3884203433990479,
        0.5921152830123901,
        -2.0383360385894775,
        0.9466447830200195,
        -0.541568398475647,
        2.0594966411590576,
        -1.465659260749817,
        0.21967193484306335,
        -3.4435007572174072
    ]
}