{
    "global_orient": [
        -0.37362998723983765,
        -0.7658644318580627,
        -0.15367475152015686
    ],
    "body_pose": [
        -0.1634994000196457,
        0.12325823307037354,
        -0.11800827831029892,
        -0.3442445993423462,
        -0.5772663950920105,
        -0.06621282547712326,
        0.8266282677650452,
        0.04749453067779541,
        0.05371890217065811,
        1.0093259811401367,
        0.017953068017959595,
        0.20960913598537445,
        1.0034384727478027,
        0.06876632571220398,
        -0.2160176932811737,
        -0.1237923800945282,
        0.21133659780025482,
        0.014539746567606926,
        -0.42310282588005066,
        0.23182055354118347,
        2.2233016352402046e-06,
        -0.37298738956451416,
        0.06742870807647705,
        -2.9228681341919582e-06,
        -0.1624351292848587,
        0.05612499266862869,
        -0.09947945922613144,
        -8.115460445878853e-07,
        -5.091784487376572e-07,
        -1.1532091548360768e-06,
        -2.490904762453283e-06,
        1.039119524648413e-06,
        2.063756255665794e-06,
        0.04757387191057205,
        0.06501021981239319,
        0.16002166271209717,
        -0.18674224615097046,
        -0.1321965754032135,
        -0.22724716365337372,
        -0.20737913250923157,
        0.4278084337711334,
        0.29548582434654236,
        -0.06525552272796631,
        -0.014405318535864353,
        -0.11666066944599152,
        -0.08472041040658951,
        -0.5533357858657837,
        -0.510202169418335,
        -0.018695537000894547,
        1.1747231483459473,
        0.8868817687034607,
        -0.5357107520103455,
        -1.4479074478149414,
        0.9106982350349426,
        -0.3038938045501709,
        1.5102144479751587,
        -0.1208985224366188,
        -1.8308720588684082,
        -0.24727517366409302,
        0.07995529472827911,
        -1.0936825275421143,
        0.1906883716583252,
        -0.08487947285175323
    ],
    "transl": [
        0.056664351373910904,
        1.4968076944351196,
        -0.13845577836036682
    ],
    "left_hand_pose": [
        -1.5313677787780762,
        0.9612930417060852,
        1.107966661453247,
        -1.231186866760254,
        -0.3821225166320801,
        -1.6795549392700195,
        2.9470436573028564,
        -0.5411728620529175,
        -5.413392543792725,
        -2.6775336265563965,
        -0.06996167451143265,
        -2.0695860385894775
    ],
    "right_hand_pose": [
        -1.38621187210083,
        1.5002620220184326,
        0.7991853356361389,
        -1.7582571506500244,
        -0.6238170266151428,
        -1.1323049068450928,
        3.4961116313934326,
        -0.9094811081886292,
        -4.689173221588135,
        -1.9529989957809448,
        3.314113140106201,
        -1.3772927522659302
    ],
    "jaw_pose": [
        0.02819705381989479,
        0.004460531752556562,
        -0.028949270024895668
    ],
    "leye_pose": [
        0.4815702736377716,
        0.37901297211647034,
        -1.3559664487838745
    ],
    "reye_pose": [
        0.23647700250148773,
        -0.3178533911705017,
        -0.6012254357337952
    ],
    "expression": [
        -1.5141661167144775,
        -0.3868102431297302,
        -0.2694130539894104,
        0.18316082656383514,
        -0.529634416103363,
        -0.8827521204948425,
        -0.10616288334131241,
        0.48522067070007324,
        -0.1563473790884018,
        0.4595860540866852
    ],
    "betas": [
        0.7346706390380859,
        -1.3884203433990479,
        0.5921152830123901,
        -2.0383360385894775,
        0.9466447830200195,
        -0.541568398475647,
        2.0594966411590576,
        -1.465659260749817,
        0.21967193484306335,
        -3.4435007572174072
    ]
}