{
    "global_orient": [
        -0.1334138810634613,
        0.16452059149742126,
        0.041263140738010406
    ],
    "body_pose": [
        -0.13372376561164856,
        0.21816948056221008,
        -0.016963597387075424,
        -0.13771070539951324,
        0.2824825942516327,
        0.10448703914880753,
        0.2586763799190521,
        -0.19071626663208008,
        0.10963322967290878,
        0.3077837824821472,
        0.04312949255108833,
        -0.04339708387851715,
        0.45960530638694763,
        0.019021879881620407,
        -0.0262962207198143,
        -0.05042169243097305,
        -0.10207948833703995,
        -0.012980595231056213,
        -0.0040442743338644505,
        0.09982086718082428,
        -2.72171917004016e-07,
        -0.018358010798692703,
        -0.05430948734283447,
        3.3061070325857145e-08,
        -0.15241453051567078,
        -0.14748093485832214,
        0.021244915202260017,
        -7.556631658189872e-07,
        -6.63915443510632e-07,
        -2.1898596003211424e-07,
        -1.047125010700256e-06,
        3.9823132169658493e-07,
        7.737244800409826e-07,
        0.14671030640602112,
        0.03975464031100273,
        -0.041793953627347946,
        -0.3014119863510132,
        -0.6922019720077515,
        0.06480871886014938,
        -0.3019406497478485,
        0.25794848799705505,
        0.05896556377410889,
        -0.1711679846048355,
        0.07065660506486893,
        -0.08323659002780914,
        -0.33759692311286926,
        -1.3309348821640015,
        -0.5518350601196289,
        -0.31018340587615967,
        0.609801709651947,
        0.21209698915481567,
        -0.4415411949157715,
        -1.1123557090759277,
        0.4405185580253601,
        -0.5692293047904968,
        1.1872135400772095,
        -0.9569146633148193,
        -1.1845585107803345,
        -0.2176915854215622,
        0.09357277303934097,
        -1.8290605545043945,
        -0.039560556411743164,
        -0.2289663851261139
    ],
    "transl": [
        0.06623125076293945,
        1.6119364500045776,
        -0.12215887010097504
    ],
    "left_hand_pose": [
        -1.5887391567230225,
        1.0992145538330078,
        1.062529444694519,
        -1.072756052017212,
        -0.6081844568252563,
        -1.7216546535491943,
        2.5287251472473145,
        -0.29908719658851624,
        -3.9344468116760254,
        -2.153099298477173,
        -0.07524202018976212,
        -1.798038125038147
    ],
    "right_hand_pose": [
        -1.5329703092575073,
        1.537858009338379,
        1.2777847051620483,
        -1.382216215133667,
        -0.6141831874847412,
        -1.7128138542175293,
        3.7943320274353027,
        -1.0253554582595825,
        -6.387689590454102,
        -2.841170310974121,
        2.1565420627593994,
        -1.3452891111373901
    ],
    "jaw_pose": [
        0.03787698969244957,
        0.02197130024433136,
        -0.04402724653482437
    ],
    "leye_pose": [
        0.1330178827047348,
        -0.13346795737743378,
        -2.025261640548706
    ],
    "reye_pose": [
        -0.2961406707763672,
        -0.9347169399261475,
        -0.3991619050502777
    ],
    "expression": [
        -1.1517359018325806,
        -0.5439831018447876,
        -0.04958627372980118,
        0.4613617956638336,
        -0.6693731546401978,
        -0.5473286509513855,
        0.013445992954075336,
        0.3052480220794678,
        -0.3706091642379761,
        0.3125137388706207
    ],
    "betas": [
        0.7346706390380859,
        -1.3884203433990479,
        0.5921152830123901,
        -2.0383360385894775,
        0.9466447830200195,
        -0.541568398475647,
        2.0594966411590576,
        -1.465659260749817,
        0.21967193484306335,
        -3.4435007572174072
    ]
}