{
    "global_orient": [
        -0.3848860263824463,
        -0.25982531905174255,
        -0.028867291286587715
    ],
    "body_pose": [
        -0.24100659787654877,
        0.29193398356437683,
        -0.11141270399093628,
        -0.3190772533416748,
        -0.2246621549129486,
        0.04426778480410576,
        0.8578293919563293,
        -0.04806619510054588,
        0.02860707975924015,
        1.018143892288208,
        -0.19221878051757812,
        0.15026970207691193,
        1.003180742263794,
        0.029069827869534492,
        -0.25832420587539673,
        -0.07484488189220428,
        0.09698034077882767,
        0.007664848584681749,
        -0.42439064383506775,
        0.05354614928364754,
        3.4337740544287954e-06,
        -0.365307092666626,
        -0.1370210349559784,
        -3.534979214236955e-06,
        -0.163056418299675,
        -0.030122697353363037,
        -0.05841613933444023,
        -1.6954294324023067e-06,
        -1.4093463107656135e-07,
        -3.820973688561935e-07,
        -1.929550307977479e-06,
        9.175416835205397e-07,
        1.6271401364065241e-06,
        0.010863748379051685,
        -0.013931728899478912,
        0.09893980622291565,
        -0.18294134736061096,
        -0.3763027787208557,
        -0.1255214810371399,
        -0.2007790058851242,
        0.3608451187610626,
        0.11522053927183151,
        -0.1461694985628128,
        -0.023559007793664932,
        -0.05920633673667908,
        -0.09276312589645386,
        -0.8926790356636047,
        -0.6729076504707336,
        0.007442017085850239,
        0.8942995667457581,
        0.4513663053512573,
        -0.4399097263813019,
        -1.4648456573486328,
        0.7639932632446289,
        -0.5164629220962524,
        1.4542920589447021,
        -0.8705340027809143,
        -1.5418146848678589,
        -0.31667643785476685,
        0.08507858216762543,
        -1.5516425371170044,
        0.20100882649421692,
        -0.12164947390556335
    ],
    "transl": [
        0.07261636108160019,
        1.4946515560150146,
        -0.1602284461259842
    ],
    "left_hand_pose": [
        -1.5793793201446533,
        0.9908924102783203,
        0.9505040645599365,
        -1.4459635019302368,
        -0.2283153086900711,
        -1.4675495624542236,
        2.7088582515716553,
        -0.5953301787376404,
        -5.161959171295166,
        -2.7901039123535156,
        -0.45760029554367065,
        -2.3553731441497803
    ],
    "right_hand_pose": [
        -1.4022291898727417,
        1.6377931833267212,
        1.1625471115112305,
        -1.5036749839782715,
        -0.4794960916042328,
        -1.3700072765350342,
        3.454713821411133,
        -1.046217679977417,
        -5.6309614181518555,
        -2.4599905014038086,
        2.639847993850708,
        -1.248193383216858
    ],
    "jaw_pose": [
        0.015325219370424747,
        0.012941952794790268,
        -0.026869749650359154
    ],
    "leye_pose": [
        0.2638415992259979,
        0.4401492774486542,
        -1.266707420349121
    ],
    "reye_pose": [
        0.10218698531389236,
        -0.39929500222206116,
        -0.7197607755661011
    ],
    "expression": [
        -1.506757378578186,
        -0.24684955179691315,
        -0.026825331151485443,
        0.3424534201622009,
        -0.5534652471542358,
        -0.748793363571167,
        -0.08260705322027206,
        0.43360841274261475,
        -0.16672615706920624,
        0.39302772283554077
    ],
    "betas": [
        0.7346706390380859,
        -1.3884203433990479,
        0.5921152830123901,
        -2.0383360385894775,
        0.9466447830200195,
        -0.541568398475647,
        2.0594966411590576,
        -1.465659260749817,
        0.21967193484306335,
        -3.4435007572174072
    ]
}