{
    "global_orient": [
        -0.2760006785392761,
        -0.7783401608467102,
        -0.10316523164510727
    ],
    "body_pose": [
        -0.1760937124490738,
        0.14499211311340332,
        -0.08644300699234009,
        -0.2783358097076416,
        -0.40547657012939453,
        -0.006780556403100491,
        0.6353460550308228,
        0.06595863401889801,
        -0.04834689199924469,
        0.7683228850364685,
        -0.00970793329179287,
        0.18515628576278687,
        0.7644984126091003,
        -0.07982344925403595,
        -0.14131247997283936,
        -0.1078534796833992,
        0.15848059952259064,
        0.10539505630731583,
        -0.20102961361408234,
        0.19029825925827026,
        1.3127186093697674e-06,
        -0.2475181221961975,
        -0.06255456805229187,
        -2.718169071158627e-06,
        -0.16994284093379974,
        0.059459444135427475,
        -0.060120321810245514,
        -8.075890036707278e-07,
        -7.109978810149187e-07,
        -7.007805038483639e-07,
        -2.121436864399584e-06,
        9.035585435412941e-07,
        2.357708808631287e-06,
        0.10362012684345245,
        0.13837262988090515,
        0.06698872894048691,
        -0.25854212045669556,
        -0.24771764874458313,
        -0.17243926227092743,
        -0.24428142607212067,
        0.4510752558708191,
        0.09877865016460419,
        -0.123611681163311,
        0.033801816403865814,
        -0.10753656178712845,
        -0.22041766345500946,
        -0.561973512172699,
        -0.5371659398078918,
        -0.10913209617137909,
        1.1902800798416138,
        0.7371188402175903,
        -0.5758706331253052,
        -1.3507546186447144,
        0.9264190793037415,
        -0.3691493570804596,
        1.4234814643859863,
        -0.284103661775589,
        -1.7432425022125244,
        -0.2204887419939041,
        0.13851915299892426,
        -1.112992286682129,
        0.16575618088245392,
        -0.08386391401290894
    ],
    "transl": [
        0.03520487621426582,
        1.5520800352096558,
        -0.14558885991573334
    ],
    "left_hand_pose": [
        -1.6081960201263428,
        1.0174541473388672,
        1.0684735774993896,
        -1.235784888267517,
        -0.3541051149368286,
        -1.5538028478622437,
        2.6719589233398438,
        -0.618802011013031,
        -5.03886604309082,
        -2.4512856006622314,
        -0.10285180807113647,
        -1.8384026288986206
    ],
    "right_hand_pose": [
        -1.528417706489563,
        1.4167879819869995,
        1.2369900941848755,
        -0.9113326668739319,
        -0.8990995287895203,
        -1.5417392253875732,
        2.7507686614990234,
        -0.7248714566230774,
        -4.882530212402344,
        -2.044356346130371,
        1.8617912530899048,
        -1.4437249898910522
    ],
    "jaw_pose": [
        0.03526213392615318,
        0.017468778416514397,
        -0.03475283831357956
    ],
    "leye_pose": [
        0.3674905002117157,
        0.4658159017562866,
        -0.868375837802887
    ],
    "reye_pose": [
        0.05561956390738487,
        -0.43335554003715515,
        -0.4866657853126526
    ],
    "expression": [
        -1.3661247491836548,
        -0.34679558873176575,
        -0.24782119691371918,
        0.048910852521657944,
        -0.4751679301261902,
        -0.9282007813453674,
        -0.12236668169498444,
        0.49913695454597473,
        -0.2034538835287094,
        0.39143991470336914
    ],
    "betas": [
        0.7346706390380859,
        -1.3884203433990479,
        0.5921152830123901,
        -2.0383360385894775,
        0.9466447830200195,
        -0.541568398475647,
        2.0594966411590576,
        -1.465659260749817,
        0.21967193484306335,
        -3.4435007572174072
    ]
}