{
    "global_orient": [
        -0.12904751300811768,
        0.18217676877975464,
        0.0504276305437088
    ],
    "body_pose": [
        -0.1297164261341095,
        0.16103139519691467,
        -0.03412226587533951,
        -0.13368652760982513,
        0.27321961522102356,
        0.11097858101129532,
        0.2902209758758545,
        -0.08080056309700012,
        0.09862886369228363,
        0.260542631149292,
        0.032561831176280975,
        -0.041494160890579224,
        0.43445777893066406,
        0.005074577871710062,
        -0.05406920239329338,
        -0.06295522302389145,
        -0.0992019847035408,
        -0.01679288223385811,
        0.030357804149389267,
        0.083036407828331,
        2.5490206212452904e-07,
        -0.021687865257263184,
        -0.022944362834095955,
        -1.900497181850369e-07,
        -0.13687990605831146,
        -0.23740223050117493,
        0.0126618267968297,
        -1.0274902706441935e-06,
        -1.9316499333399406e-07,
        -1.5484876314530993e-07,
        -9.76316187006887e-07,
        4.617160698217049e-07,
        8.997545819511288e-07,
        0.08132521063089371,
        0.02562689408659935,
        -0.02449420653283596,
        -0.2868614196777344,
        -0.6764644980430603,
        0.02626390941441059,
        -0.2918422222137451,
        0.24888646602630615,
        -0.007766412571072578,
        -0.1204502061009407,
        0.03955281898379326,
        -0.07911287248134613,
        -0.30548518896102905,
        -1.2736955881118774,
        -0.5315728187561035,
        -0.3256763815879822,
        0.7306256294250488,
        0.25378501415252686,
        -0.4619187116622925,
        -1.1207633018493652,
        0.5397977232933044,
        -0.6304775476455688,
        1.2194788455963135,
        -0.8757606148719788,
        -1.1901553869247437,
        -0.20861724019050598,
        0.08517701923847198,
        -1.7362712621688843,
        -0.026788661256432533,
        -0.2054588496685028
    ],
    "transl": [
        0.055858317762613297,
        1.615995168685913,
        -0.13283297419548035
    ],
    "left_hand_pose": [
        -1.5791150331497192,
        1.047013759613037,
        1.1803851127624512,
        -1.178763747215271,
        -0.45239949226379395,
        -1.5574367046356201,
        2.4725606441497803,
        -0.42300158739089966,
        -4.122550964355469,
        -2.1233596801757812,
        -0.18648146092891693,
        -1.3502391576766968
    ],
    "right_hand_pose": [
        -1.276580810546875,
        1.3308804035186768,
        1.3966798782348633,
        -1.011315941810608,
        -0.9237211346626282,
        -1.4799813032150269,
        2.820004940032959,
        -0.5105476975440979,
        -5.380031108856201,
        -2.170323610305786,
        1.472691297531128,
        -0.8288723230361938
    ],
    "jaw_pose": [
        0.033699747174978256,
        0.015509330667555332,
        -0.030409468337893486
    ],
    "leye_pose": [
        -0.027482209727168083,
        0.2768007516860962,
        -1.4400238990783691
    ],
    "reye_pose": [
        -0.12598252296447754,
        -0.5474039316177368,
        -0.784494161605835
    ],
    "expression": [
        -1.083341121673584,
        -0.43981146812438965,
        -0.10531361401081085,
        0.24916237592697144,
        -0.5293644666671753,
        -0.6221882104873657,
        0.023062095046043396,
        0.3246908485889435,
        -0.33338767290115356,
        0.20075520873069763
    ],
    "betas": [
        0.7346706390380859,
        -1.3884203433990479,
        0.5921152830123901,
        -2.0383360385894775,
        0.9466447830200195,
        -0.541568398475647,
        2.0594966411590576,
        -1.465659260749817,
        0.21967193484306335,
        -3.4435007572174072
    ]
}