{
    "global_orient": [
        -0.40025413036346436,
        -0.37626516819000244,
        -0.03789858520030975
    ],
    "body_pose": [
        -0.2518268823623657,
        0.32246217131614685,
        -0.15051332116127014,
        -0.34943175315856934,
        -0.23591172695159912,
        0.009212418459355831,
        0.8983786702156067,
        0.05203839763998985,
        0.03096640855073929,
        1.0765460729599,
        -0.24136514961719513,
        0.2072608321905136,
        1.0430855751037598,
        -0.011626680381596088,
        -0.25425705313682556,
        -0.07219962775707245,
        0.14532822370529175,
        0.011028517968952656,
        -0.438721239566803,
        -0.0016394925769418478,
        3.115722620350425e-06,
        -0.3940794765949249,
        -0.13018392026424408,
        -4.05628998123575e-06,
        -0.16608721017837524,
        -0.09167037904262543,
        -0.08014623820781708,
        -6.12138819633401e-07,
        -3.4407696603011573e-07,
        -6.439038884309412e-07,
        -1.6643473372823792e-06,
        1.1704416920110816e-06,
        1.6814670971143642e-06,
        -0.01739681512117386,
        -0.0083184614777565,
        0.1166716068983078,
        -0.19073131680488586,
        -0.33232712745666504,
        -0.13323241472244263,
        -0.20670783519744873,
        0.34350454807281494,
        0.12076113373041153,
        -0.14903472363948822,
        -0.028677593916654587,
        -0.07153220474720001,
        -0.1207590326666832,
        -0.7984311580657959,
        -0.6508641839027405,
        -0.029134972020983696,
        1.0463865995407104,
        0.4456857442855835,
        -0.4550795257091522,
        -1.447222352027893,
        0.8834384679794312,
        -0.5027849078178406,
        1.5105242729187012,
        -0.6483654975891113,
        -1.6442146301269531,
        -0.3351224660873413,
        0.10034795850515366,
        -1.399109125137329,
        0.2564278841018677,
        -0.13510707020759583
    ],
    "transl": [
        0.06884919106960297,
        1.4838440418243408,
        -0.1634102463722229
    ],
    "left_hand_pose": [
        -1.5480366945266724,
        0.9967625141143799,
        0.9434458613395691,
        -1.4306817054748535,
        -0.23213541507720947,
        -1.419752836227417,
        2.8064920902252197,
        -0.6146225333213806,
        -4.983267307281494,
        -2.634044885635376,
        -0.1985560655593872,
        -1.9564647674560547
    ],
    "right_hand_pose": [
        -1.4290655851364136,
        1.7039128541946411,
        1.2022395133972168,
        -1.2741881608963013,
        -0.5048670768737793,
        -1.2721613645553589,
        2.7591612339019775,
        -0.8945715427398682,
        -4.661361217498779,
        -2.1510913372039795,
        1.9388130903244019,
        -1.1540106534957886
    ],
    "jaw_pose": [
        0.010484506376087666,
        0.006302683148533106,
        -0.023807445541024208
    ],
    "leye_pose": [
        0.22341294586658478,
        0.14924408495426178,
        -1.5524053573608398
    ],
    "reye_pose": [
        0.08301933109760284,
        -0.24352706968784332,
        -0.7439279556274414
    ],
    "expression": [
        -1.4411585330963135,
        -0.1778300702571869,
        -0.06185932457447052,
        0.3323933780193329,
        -0.4752904176712036,
        -0.771004855632782,
        -0.09995711594820023,
        0.47664526104927063,
        -0.12179476767778397,
        0.37271860241889954
    ],
    "betas": [
        0.7346706390380859,
        -1.3884203433990479,
        0.5921152830123901,
        -2.0383360385894775,
        0.9466447830200195,
        -0.541568398475647,
        2.0594966411590576,
        -1.465659260749817,
        0.21967193484306335,
        -3.4435007572174072
    ]
}