{
    "global_orient": [
        -0.39255669713020325,
        -0.7619945406913757,
        -0.16656824946403503
    ],
    "body_pose": [
        -0.19884620606899261,
        0.10112231969833374,
        -0.20011337101459503,
        -0.3880064785480499,
        -0.5970144271850586,
        -0.04039185494184494,
        0.9133151173591614,
        0.08462826162576675,
        0.04583100602030754,
        1.1338311433792114,
        0.000632604060228914,
        0.3509390354156494,
        1.1218081712722778,
        0.07547421753406525,
        -0.288003146648407,
        -0.10055579245090485,
        0.22013795375823975,
        0.01461989525705576,
        -0.47922393679618835,
        0.2694574296474457,
        3.3458593406976433e-06,
        -0.47159478068351746,
        0.08245968073606491,
        -4.248493041814072e-06,
        -0.21776729822158813,
        0.06903897970914841,
        -0.12042417377233505,
        -8.055713465182635e-07,
        -3.437953637330793e-07,
        -1.0064503612738918e-06,
        -1.437319156138983e-06,
        9.536343554827909e-07,
        2.133098178092041e-06,
        0.02107381820678711,
        0.0018593574641272426,
        0.19792529940605164,
        -0.19697882235050201,
        -0.12424784153699875,
        -0.20596422255039215,
        -0.2352888435125351,
        0.3895886540412903,
        0.275719553232193,
        -0.10071974247694016,
        0.008927106857299805,
        -0.12057718634605408,
        -0.1529158353805542,
        -0.45905449986457825,
        -0.5547993779182434,
        -0.061279527842998505,
        1.2457425594329834,
        0.8886823654174805,
        -0.5537872314453125,
        -1.4270445108413696,
        0.976648211479187,
        -0.3685249984264374,
        1.4850136041641235,
        0.03688136115670204,
        -1.8804821968078613,
        -0.2392577826976776,
        0.11665692180395126,
        -0.9444786906242371,
        0.23718596994876862,
        -0.032287515699863434
    ],
    "transl": [
        0.05509689450263977,
        1.4639605283737183,
        -0.14462704956531525
    ],
    "left_hand_pose": [
        -1.5595104694366455,
        0.9916511178016663,
        0.9613125324249268,
        -1.2263540029525757,
        -0.16098374128341675,
        -1.3742676973342896,
        2.5748159885406494,
        -0.7511422634124756,
        -4.933783054351807,
        -2.5030486583709717,
        0.029424037784337997,
        -2.072596311569214
    ],
    "right_hand_pose": [
        -1.486257791519165,
        1.4824471473693848,
        1.1664090156555176,
        -1.3460557460784912,
        -0.5608901381492615,
        -1.0947749614715576,
        2.908900260925293,
        -1.0266108512878418,
        -4.707623481750488,
        -2.0814874172210693,
        2.371065139770508,
        -1.2919890880584717
    ],
    "jaw_pose": [
        0.02299191616475582,
        0.02065686136484146,
        -0.033270835876464844
    ],
    "leye_pose": [
        0.4634145200252533,
        0.3656739890575409,
        -1.3405059576034546
    ],
    "reye_pose": [
        0.0833432748913765,
        -0.3163926899433136,
        -0.7556422352790833
    ],
    "expression": [
        -1.5495601892471313,
        -0.4303188621997833,
        -0.21829646825790405,
        0.178341343998909,
        -0.49627259373664856,
        -0.9301672577857971,
        -0.11324968934059143,
        0.5290695428848267,
        -0.1648196280002594,
        0.4658060371875763
    ],
    "betas": [
        0.7346706390380859,
        -1.3884203433990479,
        0.5921152830123901,
        -2.0383360385894775,
        0.9466447830200195,
        -0.541568398475647,
        2.0594966411590576,
        -1.465659260749817,
        0.21967193484306335,
        -3.4435007572174072
    ]
}