{
    "global_orient": [
        -0.3131994605064392,
        0.07860392332077026,
        -0.03022840805351734
    ],
    "body_pose": [
        -0.14795246720314026,
        0.3795092701911926,
        0.16041328012943268,
        -0.11768543720245361,
        0.029223963618278503,
        0.17120549082756042,
        0.4608689844608307,
        -0.3140731453895569,
        -0.018934613093733788,
        0.7251423597335815,
        0.057710543274879456,
        -0.05167115852236748,
        0.7205548286437988,
        0.02575010433793068,
        -0.16973580420017242,
        0.0017538235988467932,
        -0.005267975386232138,
        -0.018910102546215057,
        -0.2523426413536072,
        0.16660603880882263,
        9.463636274631426e-07,
        -0.1633014678955078,
        -0.04681907594203949,
        -1.0022395144915208e-06,
        -0.19972887635231018,
        -0.10271453857421875,
        0.0319201834499836,
        -1.7564846075401874e-06,
        -6.150638114377216e-07,
        -2.1910430803018244e-07,
        -2.092228214678471e-06,
        6.77479420119198e-07,
        1.2148008181611658e-06,
        0.15306036174297333,
        0.037634965032339096,
        0.0129568912088871,
        -0.18295203149318695,
        -0.4220988154411316,
        -0.19300678372383118,
        -0.20733198523521423,
        0.19435176253318787,
        0.21541322767734528,
        -0.08375918865203857,
        0.01951250620186329,
        -0.0101754330098629,
        -0.06869817525148392,
        -1.145729422569275,
        -0.8247602581977844,
        -0.09334517270326614,
        0.5445031523704529,
        0.4962652921676636,
        -0.38899993896484375,
        -1.3861581087112427,
        0.37996476888656616,
        -0.5969082713127136,
        1.4750806093215942,
        -0.8112160563468933,
        -1.3021585941314697,
        -0.2295675128698349,
        0.004678579978644848,
        -1.730434775352478,
        0.18362411856651306,
        -0.16495497524738312
    ],
    "transl": [
        0.07198108732700348,
        1.5672074556350708,
        -0.11768804490566254
    ],
    "left_hand_pose": [
        -1.5446608066558838,
        0.9060404300689697,
        1.179940938949585,
        -1.2195568084716797,
        -0.10822934657335281,
        -1.3802036046981812,
        2.1958348751068115,
        -0.7366834282875061,
        -4.073520183563232,
        -2.4896607398986816,
        -0.15934164822101593,
        -2.2002830505371094
    ],
    "right_hand_pose": [
        -1.538207769393921,
        1.5499701499938965,
        1.2400308847427368,
        -1.1648958921432495,
        -0.7120122313499451,
        -1.5716720819473267,
        3.151803493499756,
        -0.8053441643714905,
        -5.0539140701293945,
        -2.06601881980896,
        2.120882272720337,
        -1.0719481706619263
    ],
    "jaw_pose": [
        0.025854676961898804,
        0.016701020300388336,
        -0.04300937056541443
    ],
    "leye_pose": [
        0.3314651548862457,
        -0.09366954863071442,
        -1.6093004941940308
    ],
    "reye_pose": [
        0.45104092359542847,
        -0.7113339900970459,
        -0.6584089398384094
    ],
    "expression": [
        -1.7738518714904785,
        -0.5511425137519836,
        -0.30682188272476196,
        0.3237896263599396,
        -0.6228358149528503,
        -0.9190192222595215,
        0.06713038682937622,
        0.42898449301719666,
        -0.23858968913555145,
        0.5805961489677429
    ],
    "betas": [
        0.7346706390380859,
        -1.3884203433990479,
        0.5921152830123901,
        -2.0383360385894775,
        0.9466447830200195,
        -0.541568398475647,
        2.0594966411590576,
        -1.465659260749817,
        0.21967193484306335,
        -3.4435007572174072
    ]
}