{
    "global_orient": [
        -0.3591111898422241,
        0.10868792235851288,
        -0.015696929767727852
    ],
    "body_pose": [
        -0.22620613873004913,
        0.6206735372543335,
        0.26149415969848633,
        -0.14559996128082275,
        0.023295937106013298,
        0.28475600481033325,
        0.5342937111854553,
        -0.39606183767318726,
        -0.13589605689048767,
        0.945976734161377,
        -0.0238218754529953,
        -0.0030388718005269766,
        0.939465343952179,
        0.0714503824710846,
        -0.3159768879413605,
        0.030442262068390846,
        -0.08622279763221741,
        0.08555817604064941,
        -0.40237635374069214,
        0.11381557583808899,
        2.7371597752789967e-06,
        -0.3704531192779541,
        -0.052568789571523666,
        -2.652221155585721e-06,
        -0.19309833645820618,
        -0.07528433203697205,
        0.11574925482273102,
        -1.747392957440752e-06,
        -2.3852081199038366e-07,
        -5.04740228279843e-07,
        -1.1668455499602715e-06,
        7.683855756113189e-07,
        1.5585403616569238e-06,
        0.10742207616567612,
        0.049429912120103836,
        -0.062254004180431366,
        -0.1975635439157486,
        -0.4548598527908325,
        -0.20025353133678436,
        -0.18774786591529846,
        0.06013994291424751,
        0.2940157651901245,
        -0.026749612763524055,
        0.07345171272754669,
        -0.005805410910397768,
        -0.09433600306510925,
        -1.1554361581802368,
        -0.8222764134407043,
        -0.14546291530132294,
        0.4505252540111542,
        0.5485928654670715,
        -0.3761669099330902,
        -1.3542084693908691,
        0.24091197550296783,
        -0.538415253162384,
        1.40678071975708,
        -0.868882417678833,
        -1.2568964958190918,
        -0.2509669065475464,
        0.025217875838279724,
        -1.8024609088897705,
        0.12290827929973602,
        -0.10915347188711166
    ],
    "transl": [
        0.07565467059612274,
        1.5118049383163452,
        -0.1074562817811966
    ],
    "left_hand_pose": [
        -1.5324116945266724,
        0.9219235777854919,
        0.9735919237136841,
        -1.1320571899414062,
        -0.41574105620384216,
        -1.306709885597229,
        2.4209530353546143,
        -0.6637510657310486,
        -4.337408542633057,
        -2.6232683658599854,
        -0.2949256896972656,
        -2.4948325157165527
    ],
    "right_hand_pose": [
        -1.3755944967269897,
        1.7208621501922607,
        1.2662994861602783,
        -1.282197117805481,
        -0.41640228033065796,
        -1.3870925903320312,
        3.2324280738830566,
        -1.079763650894165,
        -5.176995277404785,
        -1.910742163658142,
        2.872730016708374,
        -0.2989126443862915
    ],
    "jaw_pose": [
        0.03487303480505943,
        0.01450360007584095,
        -0.04804704710841179
    ],
    "leye_pose": [
        0.4868007004261017,
        0.005342733580619097,
        -1.4296703338623047
    ],
    "reye_pose": [
        0.6203009486198425,
        -0.5874285697937012,
        -0.42358940839767456
    ],
    "expression": [
        -1.876734733581543,
        -0.6655498147010803,
        -0.6315242648124695,
        0.2424582839012146,
        -0.6243941187858582,
        -1.0315755605697632,
        -0.08094420284032822,
        0.47535061836242676,
        -0.21962431073188782,
        0.7295653820037842
    ],
    "betas": [
        0.7346706390380859,
        -1.3884203433990479,
        0.5921152830123901,
        -2.0383360385894775,
        0.9466447830200195,
        -0.541568398475647,
        2.0594966411590576,
        -1.465659260749817,
        0.21967193484306335,
        -3.4435007572174072
    ]
}