{
    "global_orient": [
        -0.1437198519706726,
        0.004538918845355511,
        0.03597429394721985
    ],
    "body_pose": [
        -0.1541804075241089,
        0.10186504572629929,
        -0.08371550589799881,
        -0.17040985822677612,
        0.19332543015480042,
        0.10508906096220016,
        0.3506345748901367,
        -0.05034524202346802,
        0.08591790497303009,
        0.31688472628593445,
        -0.01589265652000904,
        0.033706821501255035,
        0.46718496084213257,
        0.007049426436424255,
        -0.06489274650812149,
        -0.07109932601451874,
        -0.020691636949777603,
        -0.006163875572383404,
        0.006946921814233065,
        0.020820878446102142,
        -3.673985915497724e-08,
        -0.08900045603513718,
        0.01312490925192833,
        1.2128153059620672e-07,
        -0.12923595309257507,
        -0.16319158673286438,
        -0.008820740506052971,
        -1.0613890708555118e-06,
        -2.8382942218740936e-07,
        -2.0331046357568994e-07,
        -1.3541850876208628e-06,
        -9.535238376656707e-08,
        1.084875862034096e-06,
        0.06928964704275131,
        0.011333577334880829,
        0.010717751458287239,
        -0.264784574508667,
        -0.5643899440765381,
        -0.026418134570121765,
        -0.2740706503391266,
        0.3203655779361725,
        -0.05152960494160652,
        -0.14561183750629425,
        0.02298545092344284,
        -0.057336561381816864,
        -0.2766231894493103,
        -1.1485157012939453,
        -0.5394140481948853,
        -0.26687949895858765,
        0.7953717708587646,
        0.30737313628196716,
        -0.45171740651130676,
        -1.2142964601516724,
        0.6145679354667664,
        -0.5371692776679993,
        1.242923378944397,
        -0.8749024868011475,
        -1.318703532218933,
        -0.2611967921257019,
        0.10424154996871948,
        -1.7470420598983765,
        0.02811681479215622,
        -0.16710951924324036
    ],
    "transl": [
        0.047362904995679855,
        1.6113277673721313,
        -0.14077621698379517
    ],
    "left_hand_pose": [
        -1.6555538177490234,
        0.9103818535804749,
        1.1473459005355835,
        -1.214257001876831,
        -0.4038842022418976,
        -1.531204104423523,
        2.4344420433044434,
        -0.5620624423027039,
        -4.873969078063965,
        -2.489760398864746,
        -0.50736004114151,
        -2.2355873584747314
    ],
    "right_hand_pose": [
        -1.4839520454406738,
        1.4712045192718506,
        1.370313286781311,
        -1.3766034841537476,
        -0.5315160751342773,
        -1.4802170991897583,
        2.970386505126953,
        -0.9521094560623169,
        -5.5562214851379395,
        -2.5285096168518066,
        2.114943742752075,
        -1.4641953706741333
    ],
    "jaw_pose": [
        0.03133254498243332,
        0.009965191595256329,
        -0.018934492021799088
    ],
    "leye_pose": [
        0.07589250802993774,
        0.08697972446680069,
        -1.585105538368225
    ],
    "reye_pose": [
        -0.12111733108758926,
        -0.39874327182769775,
        -0.8287147879600525
    ],
    "expression": [
        -1.1252870559692383,
        -0.1723170280456543,
        -0.1338830292224884,
        0.2523702085018158,
        -0.4797964096069336,
        -0.5505239963531494,
        -0.034046441316604614,
        0.33799901604652405,
        -0.24365729093551636,
        0.21504376828670502
    ],
    "betas": [
        0.7346706390380859,
        -1.3884203433990479,
        0.5921152830123901,
        -2.0383360385894775,
        0.9466447830200195,
        -0.541568398475647,
        2.0594966411590576,
        -1.465659260749817,
        0.21967193484306335,
        -3.4435007572174072
    ]
}