{
    "global_orient": [
        -0.27290552854537964,
        -0.6552973389625549,
        -0.09589481353759766
    ],
    "body_pose": [
        -0.18940825760364532,
        0.13796313107013702,
        -0.02557484805583954,
        -0.2609255015850067,
        -0.3263724148273468,
        0.04807521030306816,
        0.6133293509483337,
        -0.010241124778985977,
        -0.07753394544124603,
        0.7566871047019958,
        0.03853633254766464,
        0.12115803360939026,
        0.7363937497138977,
        -0.06098465248942375,
        -0.15317009389400482,
        -0.062387797981500626,
        0.1450480967760086,
        0.14870434999465942,
        -0.17606845498085022,
        0.2560860812664032,
        1.5068507082105498e-06,
        -0.264247864484787,
        -0.09513538330793381,
        -2.6671571049519116e-06,
        -0.16912436485290527,
        0.02027384378015995,
        -0.06674013286828995,
        -9.568684617988765e-07,
        -7.592613826545858e-08,
        -5.073785018794297e-07,
        -2.352250021431246e-06,
        7.400383879030414e-07,
        2.1730932076025056e-06,
        0.060932707041502,
        0.12617099285125732,
        0.05269572511315346,
        -0.2408159077167511,
        -0.2774992287158966,
        -0.1236894428730011,
        -0.22744230926036835,
        0.37882518768310547,
        0.11521391570568085,
        -0.10568403452634811,
        0.05399351939558983,
        -0.07807830721139908,
        -0.18139031529426575,
        -0.6684250235557556,
        -0.5273200869560242,
        -0.09976658970117569,
        1.177844762802124,
        0.689969003200531,
        -0.536230742931366,
        -1.3889425992965698,
        0.8909768462181091,
        -0.4275273382663727,
        1.4209617376327515,
        -0.4198593497276306,
        -1.685360312461853,
        -0.27008605003356934,
        0.13349299132823944,
        -1.210858702659607,
        0.179019957780838,
        -0.06630191206932068
    ],
    "transl": [
        0.039541151374578476,
        1.5559412240982056,
        -0.14775720238685608
    ],
    "left_hand_pose": [
        -1.5949656963348389,
        1.0021177530288696,
        1.043434739112854,
        -1.3024914264678955,
        -0.28937074542045593,
        -1.496421217918396,
        2.6908698081970215,
        -0.7007134556770325,
        -5.223134517669678,
        -2.6201171875,
        -0.2353031039237976,
        -1.872018575668335
    ],
    "right_hand_pose": [
        -1.34237802028656,
        1.5337291955947876,
        1.4993127584457397,
        -1.6499146223068237,
        -0.2592584192752838,
        -1.6973577737808228,
        2.6233532428741455,
        -1.1023019552230835,
        -5.856998443603516,
        -2.0964033603668213,
        2.344456195831299,
        -0.26073065400123596
    ],
    "jaw_pose": [
        0.03559485822916031,
        0.0219099260866642,
        -0.0317997969686985
    ],
    "leye_pose": [
        0.21011289954185486,
        0.15216799080371857,
        -1.1994553804397583
    ],
    "reye_pose": [
        0.04934589937329292,
        -0.4408114552497864,
        -0.4923950135707855
    ],
    "expression": [
        -1.2085455656051636,
        -0.409310907125473,
        -0.1538747251033783,
        0.023684177547693253,
        -0.3910316526889801,
        -0.8283299803733826,
        -0.09655389189720154,
        0.49274584650993347,
        -0.1851845532655716,
        0.31539878249168396
    ],
    "betas": [
        0.7346706390380859,
        -1.3884203433990479,
        0.5921152830123901,
        -2.0383360385894775,
        0.9466447830200195,
        -0.541568398475647,
        2.0594966411590576,
        -1.465659260749817,
        0.21967193484306335,
        -3.4435007572174072
    ]
}