{
    "global_orient": [
        -0.14108942449092865,
        0.055405791848897934,
        0.03838465362787247
    ],
    "body_pose": [
        -0.12402030825614929,
        0.19014832377433777,
        -0.032145872712135315,
        -0.12811405956745148,
        0.26296722888946533,
        0.10429923981428146,
        0.24034537374973297,
        -0.18269208073616028,
        0.0806092843413353,
        0.3145604431629181,
        0.058887455612421036,
        -0.015051571652293205,
        0.45341387391090393,
        0.029884938150644302,
        -0.03993918374180794,
        -0.01943971775472164,
        -0.0813765898346901,
        -0.0029554381035268307,
        -0.03246113285422325,
        0.18505457043647766,
        6.9939602553859e-07,
        -0.019846545532345772,
        0.0006621459615416825,
        4.2845741177188756e-07,
        -0.11703149974346161,
        -0.12994468212127686,
        0.04595145583152771,
        -7.598709999001585e-07,
        -4.2201304495392833e-07,
        4.6477246939957695e-08,
        -1.0069813924928894e-06,
        5.899427719668893e-07,
        1.0029807526734658e-06,
        0.09859112650156021,
        0.06113584712147713,
        -0.03954080864787102,
        -0.3097507357597351,
        -0.6089572310447693,
        0.0323825441300869,
        -0.29325684905052185,
        0.21548475325107574,
        0.05356314033269882,
        -0.15090826153755188,
        0.0865885466337204,
        -0.09327319264411926,
        -0.27745676040649414,
        -1.3080888986587524,
        -0.5985508561134338,
        -0.2674461007118225,
        0.6545426845550537,
        0.2694586515426636,
        -0.43810394406318665,
        -1.195320963859558,
        0.5486575365066528,
        -0.520849883556366,
        1.2266894578933716,
        -0.9340918660163879,
        -1.252177119255066,
        -0.21846410632133484,
        0.07753056287765503,
        -1.8225620985031128,
        0.021969115361571312,
        -0.19940625131130219
    ],
    "transl": [
        0.06446631252765656,
        1.6101856231689453,
        -0.11965034902095795
    ],
    "left_hand_pose": [
        -1.6413061618804932,
        0.8228607773780823,
        1.0502276420593262,
        -1.0821051597595215,
        -0.45192426443099976,
        -1.2529780864715576,
        2.370462417602539,
        -0.5710662007331848,
        -4.219768524169922,
        -2.479189395904541,
        -0.6120613813400269,
        -2.352051258087158
    ],
    "right_hand_pose": [
        -1.444549322128296,
        1.5935900211334229,
        1.2414255142211914,
        -1.2350819110870361,
        -0.46209830045700073,
        -1.4189590215682983,
        2.8722083568573,
        -0.822452962398529,
        -5.205235481262207,
        -2.0693719387054443,
        1.9544874429702759,
        -0.6524222493171692
    ],
    "jaw_pose": [
        0.03984575346112251,
        0.021504687145352364,
        -0.041307929903268814
    ],
    "leye_pose": [
        0.03214138373732567,
        -0.20317836105823517,
        -1.9866424798965454
    ],
    "reye_pose": [
        -0.2688927948474884,
        -0.8675457239151001,
        -0.4777335226535797
    ],
    "expression": [
        -1.1946048736572266,
        -0.649358868598938,
        -0.10554497689008713,
        0.32125774025917053,
        -0.5320668816566467,
        -0.5628789067268372,
        0.07896871864795685,
        0.3175903856754303,
        -0.29241397976875305,
        0.3106416165828705
    ],
    "betas": [
        0.7346706390380859,
        -1.3884203433990479,
        0.5921152830123901,
        -2.0383360385894775,
        0.9466447830200195,
        -0.541568398475647,
        2.0594966411590576,
        -1.465659260749817,
        0.21967193484306335,
        -3.4435007572174072
    ]
}