{
    "global_orient": [
        -0.16593340039253235,
        0.3288372755050659,
        0.041317716240882874
    ],
    "body_pose": [
        -0.2371567338705063,
        0.8719493746757507,
        0.09028950333595276,
        -0.0984022468328476,
        0.3540206849575043,
        0.2269970327615738,
        0.3266342282295227,
        -0.24533924460411072,
        -0.07205244898796082,
        0.5845209956169128,
        -0.17858941853046417,
        0.01587149314582348,
        0.5646803975105286,
        -0.02248399145901203,
        -0.1972275972366333,
        -0.02605506405234337,
        -0.12248747050762177,
        0.04264121875166893,
        -0.0689530074596405,
        -0.2131318598985672,
        5.555851885219454e-07,
        -0.047334473580121994,
        -0.18876372277736664,
        -5.150318997948489e-07,
        -0.2747526168823242,
        -0.1596853882074356,
        0.0446821004152298,
        -1.7251261397177586e-06,
        -1.0816784197231755e-06,
        1.4599079634081136e-07,
        -1.4771893575016293e-06,
        5.223815264798759e-07,
        8.297670319734607e-07,
        0.20937027037143707,
        0.025849396362900734,
        -0.06451341509819031,
        -0.3670598566532135,
        -0.8277156949043274,
        -0.008750788867473602,
        -0.3175136148929596,
        0.28447288274765015,
        0.006094600539654493,
        -0.16260941326618195,
        0.009875508956611156,
        -0.015457556582987309,
        -0.4075869023799896,
        -1.463754415512085,
        -0.6066163182258606,
        -0.3165551722049713,
        0.5354762077331543,
        0.13394828140735626,
        -0.5550053715705872,
        -0.8986850380897522,
        0.26661229133605957,
        -0.5687462687492371,
        1.0840822458267212,
        -0.9727871417999268,
        -1.2106058597564697,
        -0.19253624975681305,
        0.15014801919460297,
        -1.874882698059082,
        -0.0017840435029938817,
        -0.20461782813072205
    ],
    "transl": [
        0.0734940692782402,
        1.5946346521377563,
        -0.09188099205493927
    ],
    "left_hand_pose": [
        -1.6973910331726074,
        1.4017544984817505,
        1.1412975788116455,
        -1.1290051937103271,
        -0.8531672954559326,
        -2.4619979858398438,
        3.0545358657836914,
        -0.8735059499740601,
        -5.437532901763916,
        -3.8853840827941895,
        -1.5684071779251099,
        -6.247742652893066
    ],
    "right_hand_pose": [
        -1.6066226959228516,
        1.5815163850784302,
        1.2780250310897827,
        -1.064530611038208,
        -0.7323089838027954,
        -1.553749680519104,
        3.3442625999450684,
        -0.8204478621482849,
        -5.925976276397705,
        -2.1108686923980713,
        1.4775550365447998,
        -0.47930610179901123
    ],
    "jaw_pose": [
        0.03909546881914139,
        0.021984364837408066,
        -0.049749985337257385
    ],
    "leye_pose": [
        0.11827997863292694,
        -0.23331524431705475,
        -1.1575567722320557
    ],
    "reye_pose": [
        0.22627043724060059,
        -0.9504687786102295,
        -0.730506956577301
    ],
    "expression": [
        -1.3567659854888916,
        -0.6166762709617615,
        -0.1710541993379593,
        0.4280566871166229,
        -0.7089077234268188,
        -0.6130480170249939,
        0.039571501314640045,
        0.2611384093761444,
        -0.4556382894515991,
        0.4339425563812256
    ],
    "betas": [
        0.7346706390380859,
        -1.3884203433990479,
        0.5921152830123901,
        -2.0383360385894775,
        0.9466447830200195,
        -0.541568398475647,
        2.0594966411590576,
        -1.465659260749817,
        0.21967193484306335,
        -3.4435007572174072
    ]
}