{
    "global_orient": [
        -0.16123288869857788,
        0.04221978783607483,
        0.033085670322179794
    ],
    "body_pose": [
        -0.13248316943645477,
        0.2049395740032196,
        -0.0016135643236339092,
        -0.11348560452461243,
        0.2693437933921814,
        0.13346780836582184,
        0.2654920518398285,
        -0.18028973042964935,
        0.06138942390680313,
        0.36822688579559326,
        0.06332235038280487,
        -0.03351040929555893,
        0.46259206533432007,
        0.051951222121715546,
        -0.0549941211938858,
        -0.008117792196571827,
        -0.09628576040267944,
        0.009549967013299465,
        -0.04743305593729019,
        0.16856373846530914,
        5.526857762561121e-07,
        -0.053993333131074905,
        -0.00864440482109785,
        -4.232611843235645e-07,
        -0.12464533001184464,
        -0.13773100078105927,
        0.056973472237586975,
        -1.098012603506504e-06,
        -4.0571134718447865e-07,
        9.648061904954375e-09,
        -9.803275133890565e-07,
        6.763680175936315e-07,
        7.960054517752724e-07,
        0.09145624190568924,
        0.07509233802556992,
        -0.03811703994870186,
        -0.29933804273605347,
        -0.5806694030761719,
        -0.028783313930034637,
        -0.2864662706851959,
        0.16972990334033966,
        0.10109914839267731,
        -0.15308965742588043,
        0.07471617311239243,
        -0.1008363664150238,
        -0.23842424154281616,
        -1.250469446182251,
        -0.6495271921157837,
        -0.23296797275543213,
        0.7012093663215637,
        0.2659188210964203,
        -0.43456149101257324,
        -1.2677311897277832,
        0.6003487706184387,
        -0.5184293985366821,
        1.2938237190246582,
        -0.8524904847145081,
        -1.3082634210586548,
        -0.19120347499847412,
        0.07095044106245041,
        -1.7168234586715698,
        0.02823326177895069,
        -0.1708534061908722
    ],
    "transl": [
        0.0606100857257843,
        1.6050243377685547,
        -0.12040422856807709
    ],
    "left_hand_pose": [
        -1.6148042678833008,
        0.8438783884048462,
        1.0329018831253052,
        -0.9716001152992249,
        -0.5288226008415222,
        -1.592329978942871,
        2.2394254207611084,
        -0.3473048508167267,
        -3.927187442779541,
        -2.2206709384918213,
        -0.28447359800338745,
        -2.1121294498443604
    ],
    "right_hand_pose": [
        -1.5970759391784668,
        1.2215943336486816,
        1.2119487524032593,
        -1.3040493726730347,
        -0.4075393080711365,
        -1.286268949508667,
        2.6505956649780273,
        -0.9412283301353455,
        -4.440748691558838,
        -2.0006794929504395,
        1.3297806978225708,
        -1.1597177982330322
    ],
    "jaw_pose": [
        0.031490299850702286,
        0.020646337419748306,
        -0.03777997940778732
    ],
    "leye_pose": [
        0.17373612523078918,
        -0.11592558026313782,
        -1.9621472358703613
    ],
    "reye_pose": [
        0.0509181022644043,
        -0.4797814190387726,
        -0.6264370679855347
    ],
    "expression": [
        -0.8787533044815063,
        -0.5977049469947815,
        -0.37781521677970886,
        0.27211761474609375,
        -0.601328432559967,
        -0.4748198390007019,
        0.1297280490398407,
        0.3450767695903778,
        -0.26273059844970703,
        0.3903692066669464
    ],
    "betas": [
        0.7346706390380859,
        -1.3884203433990479,
        0.5921152830123901,
        -2.0383360385894775,
        0.9466447830200195,
        -0.541568398475647,
        2.0594966411590576,
        -1.465659260749817,
        0.21967193484306335,
        -3.4435007572174072
    ]
}