{
    "global_orient": [
        -0.17005395889282227,
        -0.2757693827152252,
        -0.019421691074967384
    ],
    "body_pose": [
        -0.13758820295333862,
        0.16091397404670715,
        -0.026471983641386032,
        -0.1768372654914856,
        0.020365530624985695,
        0.06706834584474564,
        0.29862529039382935,
        -0.03309240564703941,
        0.06469304114580154,
        0.42788082361221313,
        -0.05431017652153969,
        -0.04234020784497261,
        0.4797913134098053,
        -0.05523780733346939,
        -0.12550124526023865,
        0.017926163971424103,
        -0.002341881860047579,
        -0.02315428853034973,
        -0.040096454322338104,
        -0.0044023445807397366,
        -8.869933481037151e-07,
        -0.06212693452835083,
        -0.1542259156703949,
        -9.214772376253677e-07,
        -0.13830848038196564,
        -0.018196750432252884,
        -0.04669341444969177,
        -3.749386507934105e-07,
        -2.8255246320441074e-07,
        -4.6432870703938534e-07,
        -1.3094859241391532e-06,
        2.392778526427719e-07,
        7.47759429486905e-07,
        0.03668800741434097,
        0.021038929000496864,
        0.052613455802202225,
        -0.3026883602142334,
        -0.582570493221283,
        -0.07591374963521957,
        -0.2984817922115326,
        0.47725042700767517,
        0.0877184197306633,
        -0.14167475700378418,
        0.021060654893517494,
        -0.05865254998207092,
        -0.289789080619812,
        -0.9866088032722473,
        -0.40855860710144043,
        -0.11571790277957916,
        1.0484838485717773,
        0.28848129510879517,
        -0.535137951374054,
        -1.2157503366470337,
        0.7476582527160645,
        -0.48132064938545227,
        1.294121503829956,
        -0.7829263806343079,
        -1.5946381092071533,
        -0.23677587509155273,
        0.05486910790205002,
        -1.5264265537261963,
        0.11150728911161423,
        -0.2468409538269043
    ],
    "transl": [
        0.04487122222781181,
        1.5981897115707397,
        -0.10736718773841858
    ],
    "left_hand_pose": [
        -1.512438178062439,
        1.0204137563705444,
        1.1051089763641357,
        -1.2667075395584106,
        -0.3000498414039612,
        -1.2462941408157349,
        2.4782354831695557,
        -0.4915771186351776,
        -4.498260974884033,
        -2.2195448875427246,
        -0.15737713873386383,
        -1.6001884937286377
    ],
    "right_hand_pose": [
        -1.6026540994644165,
        1.408677577972412,
        1.353601098060608,
        -1.318406343460083,
        -0.7141925096511841,
        -1.5557926893234253,
        3.0711324214935303,
        -0.9736925363540649,
        -5.4015021324157715,
        -2.1968038082122803,
        1.757501482963562,
        -1.3451062440872192
    ],
    "jaw_pose": [
        0.018655354157090187,
        0.0115884467959404,
        -0.022709397599101067
    ],
    "leye_pose": [
        0.35221466422080994,
        -0.2005881667137146,
        -0.020227869972586632
    ],
    "reye_pose": [
        0.04400336369872093,
        -0.0657256543636322,
        -0.390992671251297
    ],
    "expression": [
        -1.244377851486206,
        -0.37348422408103943,
        -0.1256055235862732,
        0.6376588344573975,
        -0.46324360370635986,
        -0.4320685863494873,
        0.03200921416282654,
        0.3831668496131897,
        -0.18043874204158783,
        0.2914852499961853
    ],
    "betas": [
        0.7346706390380859,
        -1.3884203433990479,
        0.5921152830123901,
        -2.0383360385894775,
        0.9466447830200195,
        -0.541568398475647,
        2.0594966411590576,
        -1.465659260749817,
        0.21967193484306335,
        -3.4435007572174072
    ]
}