{
    "global_orient": [
        -0.16968443989753723,
        -0.45342206954956055,
        -0.07244353741407394
    ],
    "body_pose": [
        -0.14136981964111328,
        0.03473423793911934,
        -0.013321847654879093,
        -0.11906886845827103,
        0.03656361624598503,
        0.07769356667995453,
        0.2762893736362457,
        0.0038812467828392982,
        0.031692467629909515,
        0.500735342502594,
        0.030643725767731667,
        0.03077595680952072,
        0.40322014689445496,
        -0.02046561799943447,
        -0.0021247451659291983,
        0.02884858101606369,
        0.026527350768446922,
        0.024458130821585655,
        -0.03793160617351532,
        0.1883622109889984,
        -6.063087880647799e-07,
        -0.08374476432800293,
        -0.058148812502622604,
        -3.5878375115316885e-07,
        -0.12945595383644104,
        -0.0032802519854158163,
        0.002851261058822274,
        -2.1869681177122402e-07,
        -3.9252867622963095e-07,
        -6.996789920776791e-07,
        -1.0283355322826537e-06,
        1.5169513289947645e-07,
        5.771765927420347e-07,
        0.07525336742401123,
        0.03888311982154846,
        -0.008107591420412064,
        -0.2530781030654907,
        -0.44976383447647095,
        -0.20157408714294434,
        -0.26803797483444214,
        0.5187391042709351,
        0.1278655081987381,
        -0.13527674973011017,
        0.03113260306417942,
        -0.010203778743743896,
        -0.18600837886333466,
        -0.870012104511261,
        -0.48024803400039673,
        -0.05496877804398537,
        1.1402770280838013,
        0.5766630172729492,
        -0.47988513112068176,
        -1.4225796461105347,
        0.8449543118476868,
        -0.4006783366203308,
        1.4472315311431885,
        -0.6836867332458496,
        -1.5432935953140259,
        -0.23464448750019073,
        0.024614449590444565,
        -1.369402289390564,
        0.10964939743280411,
        -0.24646030366420746
    ],
    "transl": [
        0.01778184436261654,
        1.5990885496139526,
        -0.10131215304136276
    ],
    "left_hand_pose": [
        -1.647801399230957,
        0.8202183842658997,
        0.8826318383216858,
        -1.1649127006530762,
        -0.3765401542186737,
        -1.250278115272522,
        2.250753879547119,
        -0.4144913852214813,
        -4.349832057952881,
        -2.1285157203674316,
        -0.04605211690068245,
        -1.7706228494644165
    ],
    "right_hand_pose": [
        -1.5331072807312012,
        1.3119109869003296,
        1.4077916145324707,
        -1.3997812271118164,
        -0.6160370707511902,
        -1.5986056327819824,
        3.446434259414673,
        -1.0140236616134644,
        -5.8567728996276855,
        -2.5161402225494385,
        1.6456689834594727,
        -1.343451738357544
    ],
    "jaw_pose": [
        0.04601632431149483,
        0.019144941121339798,
        -0.030486518517136574
    ],
    "leye_pose": [
        0.1779942810535431,
        -0.28752756118774414,
        -0.16020567715168
    ],
    "reye_pose": [
        0.02499973401427269,
        -0.23566198348999023,
        -0.4503740072250366
    ],
    "expression": [
        -1.34665048122406,
        -0.43849918246269226,
        -0.0956587865948677,
        0.27251604199409485,
        -0.3675033152103424,
        -0.6783818602561951,
        0.06802358478307724,
        0.43509340286254883,
        -0.13886936008930206,
        0.3482942581176758
    ],
    "betas": [
        0.7346706390380859,
        -1.3884203433990479,
        0.5921152830123901,
        -2.0383360385894775,
        0.9466447830200195,
        -0.541568398475647,
        2.0594966411590576,
        -1.465659260749817,
        0.21967193484306335,
        -3.4435007572174072
    ]
}