{
    "global_orient": [
        -0.26927730441093445,
        -0.8639177680015564,
        -0.13798770308494568
    ],
    "body_pose": [
        -0.17975270748138428,
        0.013688793405890465,
        -0.18345218896865845,
        -0.3072083294391632,
        -0.5958231091499329,
        -0.06391777843236923,
        0.6267482042312622,
        0.12464293092489243,
        0.002601972548291087,
        0.8617523908615112,
        0.05190390348434448,
        0.34982776641845703,
        0.8788852095603943,
        0.007671772036701441,
        -0.10679905116558075,
        -0.03924240544438362,
        0.1768817901611328,
        0.11078955978155136,
        -0.3052409291267395,
        0.29329603910446167,
        2.7644671263260534e-06,
        -0.3660430312156677,
        0.08458371460437775,
        -2.123332933479105e-06,
        -0.23640578985214233,
        0.1338309794664383,
        -0.07239649444818497,
        -1.032607542583719e-06,
        -7.121576004465169e-07,
        -1.1145612006657757e-06,
        -2.4599219159426866e-06,
        1.0948173212455004e-06,
        2.317455482625519e-06,
        0.1115218847990036,
        0.10106872022151947,
        0.0652683675289154,
        -0.31260624527931213,
        -0.1623467653989792,
        -0.2456251084804535,
        -0.26321718096733093,
        0.5290666818618774,
        0.08180414885282516,
        -0.1183510348200798,
        0.0012600109912455082,
        -0.06133093312382698,
        -0.3112814426422119,
        -0.36775150895118713,
        -0.5451967120170593,
        -0.11669755727052689,
        1.2823892831802368,
        0.8311781287193298,
        -0.6044566035270691,
        -1.2587651014328003,
        0.9617971777915955,
        -0.3249238133430481,
        1.3756955862045288,
        -0.10224705934524536,
        -1.9379305839538574,
        -0.2545663118362427,
        0.17039673030376434,
        -0.9491091370582581,
        0.1634296029806137,
        -0.09465105831623077
    ],
    "transl": [
        0.02082817815244198,
        1.5257015228271484,
        -0.1408906877040863
    ],
    "left_hand_pose": [
        -1.655656099319458,
        1.1191753149032593,
        0.8822060823440552,
        -1.3064045906066895,
        -0.20669764280319214,
        -1.4088964462280273,
        2.4463746547698975,
        -0.47712957859039307,
        -4.634800434112549,
        -2.062612771987915,
        0.46827900409698486,
        -1.6351263523101807
    ],
    "right_hand_pose": [
        -1.49790358543396,
        1.465721607208252,
        0.9018985629081726,
        -0.9936550855636597,
        -0.8097236752510071,
        -0.769727349281311,
        2.4991707801818848,
        -0.7872487902641296,
        -3.3490047454833984,
        -1.6039745807647705,
        2.4143362045288086,
        -1.1101969480514526
    ],
    "jaw_pose": [
        0.039359066635370255,
        0.011680223979055882,
        -0.029398076236248016
    ],
    "leye_pose": [
        0.43608683347702026,
        0.4016472399234772,
        -1.0695688724517822
    ],
    "reye_pose": [
        0.1556439995765686,
        -0.2643897235393524,
        -0.516191303730011
    ],
    "expression": [
        -1.4706695079803467,
        -0.17556719481945038,
        -0.11107662320137024,
        0.30937865376472473,
        -0.5512220859527588,
        -0.8560279011726379,
        -0.051721926778554916,
        0.52323979139328,
        -0.09939135611057281,
        0.4074331521987915
    ],
    "betas": [
        0.7346706390380859,
        -1.3884203433990479,
        0.5921152830123901,
        -2.0383360385894775,
        0.9466447830200195,
        -0.541568398475647,
        2.0594966411590576,
        -1.465659260749817,
        0.21967193484306335,
        -3.4435007572174072
    ]
}