{
    "global_orient": [
        -0.1315261572599411,
        0.12006276845932007,
        0.037250958383083344
    ],
    "body_pose": [
        -0.12857510149478912,
        0.17195864021778107,
        -0.028147634118795395,
        -0.13547304272651672,
        0.2515522241592407,
        0.10811512172222137,
        0.2329041063785553,
        -0.19316790997982025,
        0.11726114153862,
        0.29972416162490845,
        0.060861192643642426,
        -0.026174163445830345,
        0.45437562465667725,
        0.032407570630311966,
        -0.04420166835188866,
        -0.03187482804059982,
        -0.09491883963346481,
        -0.022072257474064827,
        -0.03089989721775055,
        0.16325345635414124,
        7.027139758974954e-07,
        -0.033671438694000244,
        -0.009812578558921814,
        6.420848421839764e-07,
        -0.13728711009025574,
        -0.1241358071565628,
        0.014820951968431473,
        -6.543987183249556e-07,
        -3.5710101542463235e-07,
        -1.6565857663408678e-07,
        -1.0132663419426535e-06,
        4.4150337430437503e-07,
        6.905004283908056e-07,
        0.13419342041015625,
        0.048971861600875854,
        -0.02746710181236267,
        -0.3152962028980255,
        -0.6729086637496948,
        0.06457764655351639,
        -0.312836617231369,
        0.2384946644306183,
        0.0710451528429985,
        -0.152738556265831,
        0.06899424642324448,
        -0.09512593597173691,
        -0.3054448068141937,
        -1.3261469602584839,
        -0.5680321455001831,
        -0.3005935251712799,
        0.6216913461685181,
        0.23439429700374603,
        -0.4454226493835449,
        -1.1378865242004395,
        0.45760226249694824,
        -0.5761778354644775,
        1.2285971641540527,
        -0.9231250882148743,
        -1.1930334568023682,
        -0.24377214908599854,
        0.11913437396287918,
        -1.796034812927246,
        -0.014678467065095901,
        -0.23336739838123322
    ],
    "transl": [
        0.06690863519906998,
        1.6114059686660767,
        -0.11893080919981003
    ],
    "left_hand_pose": [
        -1.612693428993225,
        0.9466032981872559,
        0.9311320781707764,
        -1.034521460533142,
        -0.6456514000892639,
        -1.5560219287872314,
        2.6223487854003906,
        -0.3710513710975647,
        -4.2762532234191895,
        -2.3395984172821045,
        -0.2689415216445923,
        -2.063448429107666
    ],
    "right_hand_pose": [
        -1.4996498823165894,
        1.5454668998718262,
        1.1950738430023193,
        -1.1737312078475952,
        -0.5907121896743774,
        -1.4031041860580444,
        2.8152313232421875,
        -0.730903685092926,
        -5.008735656738281,
        -2.005394458770752,
        1.910037636756897,
        -0.8365433812141418
    ],
    "jaw_pose": [
        0.038151610642671585,
        0.021793942898511887,
        -0.04194144532084465
    ],
    "leye_pose": [
        0.07187322527170181,
        -0.16221025586128235,
        -2.003662586212158
    ],
    "reye_pose": [
        -0.2875153422355652,
        -0.8406406044960022,
        -0.48526254296302795
    ],
    "expression": [
        -1.1895710229873657,
        -0.551427960395813,
        -0.058017197996377945,
        0.4185359477996826,
        -0.6395140886306763,
        -0.5420213937759399,
        0.04040304198861122,
        0.2815907299518585,
        -0.33908915519714355,
        0.30084657669067383
    ],
    "betas": [
        0.7346706390380859,
        -1.3884203433990479,
        0.5921152830123901,
        -2.0383360385894775,
        0.9466447830200195,
        -0.541568398475647,
        2.0594966411590576,
        -1.465659260749817,
        0.21967193484306335,
        -3.4435007572174072
    ]
}