{
    "global_orient": [
        -0.17497386038303375,
        0.2639485001564026,
        0.03591214865446091
    ],
    "body_pose": [
        -0.24476566910743713,
        0.894395112991333,
        0.12217617779970169,
        -0.11529760807752609,
        0.3279682993888855,
        0.23792894184589386,
        0.3265916109085083,
        -0.2299317568540573,
        -0.11073846369981766,
        0.6101230978965759,
        -0.1617794930934906,
        0.006352372467517853,
        0.6074579954147339,
        0.00960703007876873,
        -0.20657551288604736,
        -0.008625144138932228,
        -0.10366667062044144,
        0.06712700426578522,
        -0.09602684527635574,
        -0.19222837686538696,
        -4.522470931078715e-08,
        -0.04545319825410843,
        -0.17187178134918213,
        -5.395568223320879e-07,
        -0.27720481157302856,
        -0.15323595702648163,
        0.06365229934453964,
        -1.7460087065046537e-06,
        -1.1664470775940572e-06,
        -1.8806865398346417e-07,
        -1.4510903838527156e-06,
        5.667585014634824e-07,
        8.176448886842991e-07,
        0.2117282897233963,
        0.043073393404483795,
        -0.08400169759988785,
        -0.3835543394088745,
        -0.7833893299102783,
        -0.004711167421191931,
        -0.34564223885536194,
        0.2779918611049652,
        0.029761364683508873,
        -0.15949273109436035,
        -0.0017429289873689413,
        -0.001835764735005796,
        -0.42738935351371765,
        -1.412237524986267,
        -0.7298684120178223,
        -0.322495698928833,
        0.537100613117218,
        0.1605670154094696,
        -0.45538729429244995,
        -0.9427328705787659,
        0.26696693897247314,
        -0.6318968534469604,
        1.1406038999557495,
        -0.9355409741401672,
        -1.2073678970336914,
        -0.19606544077396393,
        0.05830972641706467,
        -1.7894995212554932,
        -0.034987855702638626,
        -0.19071127474308014
    ],
    "transl": [
        0.0697290375828743,
        1.5887078046798706,
        -0.09095437079668045
    ],
    "left_hand_pose": [
        -1.5074188709259033,
        1.1209897994995117,
        0.8477504253387451,
        -1.2519539594650269,
        -0.25459417700767517,
        -1.444362759590149,
        2.4372339248657227,
        -0.3698025047779083,
        -3.8459463119506836,
        -2.5630409717559814,
        -0.38782307505607605,
        -2.352851152420044
    ],
    "right_hand_pose": [
        -1.6792659759521484,
        1.3721321821212769,
        1.4077403545379639,
        -1.1213687658309937,
        -0.8647069334983826,
        -1.6150634288787842,
        3.302006721496582,
        -0.8082135319709778,
        -6.355937480926514,
        -2.4966325759887695,
        0.6471385359764099,
        -1.3082191944122314
    ],
    "jaw_pose": [
        0.04145028442144394,
        0.020590541884303093,
        -0.05267168581485748
    ],
    "leye_pose": [
        0.2685699760913849,
        -0.10302460938692093,
        -1.341592788696289
    ],
    "reye_pose": [
        0.4072583019733429,
        -1.2417899370193481,
        -0.6593899726867676
    ],
    "expression": [
        -1.5180226564407349,
        -0.6426061391830444,
        -0.1513417363166809,
        0.48710915446281433,
        -0.7479651570320129,
        -0.6660686135292053,
        0.046627387404441833,
        0.2767341434955597,
        -0.37174201011657715,
        0.5009355545043945
    ],
    "betas": [
        0.7346706390380859,
        -1.3884203433990479,
        0.5921152830123901,
        -2.0383360385894775,
        0.9466447830200195,
        -0.541568398475647,
        2.0594966411590576,
        -1.465659260749817,
        0.21967193484306335,
        -3.4435007572174072
    ]
}