{
    "global_orient": [
        -0.3714579641819,
        0.13183604180812836,
        0.058992329984903336
    ],
    "body_pose": [
        -0.321416437625885,
        0.7665135264396667,
        0.15123260021209717,
        -0.2151404619216919,
        0.15400883555412292,
        0.3668991029262543,
        0.8234917521476746,
        -0.40533050894737244,
        -0.18348506093025208,
        1.1187654733657837,
        -0.1802537888288498,
        0.07504913955926895,
        1.1170624494552612,
        0.030542073771357536,
        -0.46359044313430786,
        -0.16231462359428406,
        0.07304443418979645,
        0.06801815330982208,
        -0.5117316842079163,
        -0.14519508183002472,
        4.168807663518237e-06,
        -0.4253040552139282,
        -0.19544614851474762,
        -3.1640763609175337e-06,
        -0.18837659060955048,
        -0.06953245401382446,
        0.06395227462053299,
        -1.1595481055337586e-06,
        1.7121755035987007e-07,
        3.54572250671481e-07,
        -7.595357374157174e-07,
        9.221325285579951e-07,
        2.4820717499096645e-06,
        0.06441099941730499,
        -0.0014341481728479266,
        -0.028708085417747498,
        -0.23634706437587738,
        -0.536869466304779,
        0.007997282780706882,
        -0.17054420709609985,
        0.08003823459148407,
        0.2743312120437622,
        -0.12985122203826904,
        0.062454886734485626,
        -0.007493156008422375,
        -0.15773388743400574,
        -1.3563412427902222,
        -0.79109126329422,
        -0.2056700587272644,
        0.35983240604400635,
        0.5350279211997986,
        -0.39603206515312195,
        -1.2672195434570312,
        0.27351880073547363,
        -0.5758262872695923,
        1.3029175996780396,
        -0.9537649154663086,
        -1.0652050971984863,
        -0.19577710330486298,
        0.0921434611082077,
        -1.8383430242538452,
        0.1919562965631485,
        -0.12646722793579102
    ],
    "transl": [
        0.07317326962947845,
        1.467708706855774,
        -0.1358342319726944
    ],
    "left_hand_pose": [
        -1.5448604822158813,
        0.9995855689048767,
        1.065793752670288,
        -1.0977067947387695,
        -0.5052330493927002,
        -1.250401496887207,
        2.4831395149230957,
        -0.5995040535926819,
        -3.9729576110839844,
        -2.4015142917633057,
        -0.1721583604812622,
        -2.0609965324401855
    ],
    "right_hand_pose": [
        -1.4324824810028076,
        1.8319624662399292,
        1.1781461238861084,
        -1.268888235092163,
        -0.7317581176757812,
        -1.7198830842971802,
        3.4669506549835205,
        -0.7310076951980591,
        -5.27532958984375,
        -1.9565491676330566,
        2.6212427616119385,
        -0.3960937261581421
    ],
    "jaw_pose": [
        0.027783112600445747,
        0.011005657725036144,
        -0.03524785488843918
    ],
    "leye_pose": [
        0.008516869507730007,
        0.12363720685243607,
        -1.2737438678741455
    ],
    "reye_pose": [
        0.07916222512722015,
        -0.4089062809944153,
        -0.7451621890068054
    ],
    "expression": [
        -1.4669615030288696,
        -0.46233075857162476,
        -0.1241108700633049,
        0.30875933170318604,
        -0.6030005812644958,
        -0.7092294692993164,
        -0.002989130560308695,
        0.35987934470176697,
        -0.2261744737625122,
        0.4235435128211975
    ],
    "betas": [
        0.7346706390380859,
        -1.3884203433990479,
        0.5921152830123901,
        -2.0383360385894775,
        0.9466447830200195,
        -0.541568398475647,
        2.0594966411590576,
        -1.465659260749817,
        0.21967193484306335,
        -3.4435007572174072
    ]
}