{
    "global_orient": [
        -0.28097885847091675,
        -0.7753483057022095,
        -0.11727140098810196
    ],
    "body_pose": [
        -0.18544882535934448,
        0.134591743350029,
        -0.1997016966342926,
        -0.31297680735588074,
        -0.4787324368953705,
        -0.0465691052377224,
        0.6290245056152344,
        0.14150644838809967,
        0.04291294515132904,
        0.8473496437072754,
        -0.05992000177502632,
        0.40220096707344055,
        0.8929049968719482,
        -0.05656278878450394,
        -0.11866134405136108,
        -0.03268570452928543,
        0.15243998169898987,
        0.09364287555217743,
        -0.28725555539131165,
        0.24400028586387634,
        2.9906684630987e-06,
        -0.34581804275512695,
        -0.06161581352353096,
        -3.1592376217304263e-06,
        -0.2132888287305832,
        0.10700364410877228,
        -0.10886479169130325,
        -2.824568809955963e-07,
        -7.806234521012811e-07,
        -1.2545754088932881e-06,
        -1.7709629673845484e-06,
        1.1206608405700536e-06,
        2.0181746549496893e-06,
        0.07448149472475052,
        0.05620906129479408,
        0.07210228592157364,
        -0.29124948382377625,
        -0.22500093281269073,
        -0.23059919476509094,
        -0.289454847574234,
        0.510172963142395,
        0.0481015183031559,
        -0.13734982907772064,
        -0.004234065301716328,
        -0.036566589027643204,
        -0.28963276743888855,
        -0.4243936538696289,
        -0.517715334892273,
        -0.1261126697063446,
        1.2454854249954224,
        0.7634702920913696,
        -0.6149015426635742,
        -1.2783336639404297,
        0.9908139109611511,
        -0.35576003789901733,
        1.412705898284912,
        -0.18876339495182037,
        -1.8729650974273682,
        -0.28263774514198303,
        0.16273047029972076,
        -1.0397851467132568,
        0.1798284351825714,
        -0.08700239658355713
    ],
    "transl": [
        0.021279945969581604,
        1.525132656097412,
        -0.14161047339439392
    ],
    "left_hand_pose": [
        -1.6425820589065552,
        1.0909209251403809,
        0.8541987538337708,
        -1.3502808809280396,
        -0.245382621884346,
        -1.4867757558822632,
        2.513819456100464,
        -0.4760962426662445,
        -4.617725849151611,
        -2.2009623050689697,
        0.445319265127182,
        -1.7572475671768188
    ],
    "right_hand_pose": [
        -1.4768017530441284,
        1.528357982635498,
        1.1133999824523926,
        -1.1651968955993652,
        -0.8416576385498047,
        -1.2001850605010986,
        2.7320117950439453,
        -0.7829514145851135,
        -4.445881366729736,
        -1.8769609928131104,
        1.8653813600540161,
        -0.9260595440864563
    ],
    "jaw_pose": [
        0.03976371884346008,
        0.011350712738931179,
        -0.025458885356783867
    ],
    "leye_pose": [
        0.7476680278778076,
        0.7722643613815308,
        -0.828083872795105
    ],
    "reye_pose": [
        0.041235100477933884,
        -0.19398581981658936,
        -0.6237338781356812
    ],
    "expression": [
        -1.4394099712371826,
        -0.15252602100372314,
        -0.06703326851129532,
        0.43455320596694946,
        -0.5157731175422668,
        -0.8182783722877502,
        -0.056876737624406815,
        0.5254101157188416,
        -0.09586852788925171,
        0.4104035198688507
    ],
    "betas": [
        0.7346706390380859,
        -1.3884203433990479,
        0.5921152830123901,
        -2.0383360385894775,
        0.9466447830200195,
        -0.541568398475647,
        2.0594966411590576,
        -1.465659260749817,
        0.21967193484306335,
        -3.4435007572174072
    ]
}