{
    "global_orient": [
        -0.20921804010868073,
        -0.31618282198905945,
        -0.07952680438756943
    ],
    "body_pose": [
        -0.07803461700677872,
        0.22738097608089447,
        0.10575269907712936,
        -0.12650826573371887,
        0.011028384789824486,
        0.0562928132712841,
        0.3664070665836334,
        -0.13076579570770264,
        0.020567750558257103,
        0.4345562756061554,
        0.05602491647005081,
        -0.10235872119665146,
        0.4641719162464142,
        -0.09039948880672455,
        -0.026971695944666862,
        -0.09016729146242142,
        -0.010209241881966591,
        0.03786400333046913,
        -0.03020397201180458,
        0.1732233762741089,
        -1.2896598491352051e-06,
        -0.03944280743598938,
        -0.24703742563724518,
        -1.8792795799527084e-06,
        -0.1655142903327942,
        -0.06449698656797409,
        0.039603669196367264,
        -4.038707857034751e-07,
        -4.354743623480317e-07,
        9.065525574669664e-08,
        -1.5701054962846683e-06,
        2.6724143253886723e-07,
        7.75907096794981e-07,
        0.11431542038917542,
        0.05186469852924347,
        0.002011289820075035,
        -0.2746616005897522,
        -0.46902599930763245,
        0.07291247695684433,
        -0.26385408639907837,
        0.3645632565021515,
        0.09397047758102417,
        -0.1453283727169037,
        0.09122782945632935,
        -0.052394602447748184,
        -0.26762136816978455,
        -1.0372288227081299,
        -0.4920923113822937,
        -0.23133884370326996,
        0.9677950143814087,
        0.46940863132476807,
        -0.4784272611141205,
        -1.2455650568008423,
        0.6483954191207886,
        -0.5356582999229431,
        1.3982572555541992,
        -0.8264360427856445,
        -1.5990118980407715,
        -0.1264885514974594,
        0.08545196801424026,
        -1.6327978372573853,
        0.12502317130565643,
        -0.15474067628383636
    ],
    "transl": [
        0.06249594688415527,
        1.611810564994812,
        -0.10666210949420929
    ],
    "left_hand_pose": [
        -1.6229403018951416,
        0.8299949169158936,
        1.1365327835083008,
        -1.1958320140838623,
        -0.5142824053764343,
        -1.6850520372390747,
        2.5801331996917725,
        -0.5035940408706665,
        -4.78285026550293,
        -2.5118093490600586,
        -0.34004926681518555,
        -2.1402268409729004
    ],
    "right_hand_pose": [
        -1.536514401435852,
        1.4413402080535889,
        1.4021471738815308,
        -1.179526925086975,
        -0.6502221822738647,
        -1.2748717069625854,
        2.7011852264404297,
        -0.9065368175506592,
        -4.922466278076172,
        -1.7526440620422363,
        2.078296184539795,
        -0.3763427734375
    ],
    "jaw_pose": [
        0.026075255125761032,
        0.013884219340980053,
        -0.031546857208013535
    ],
    "leye_pose": [
        0.19406771659851074,
        0.1074972078204155,
        -0.616269052028656
    ],
    "reye_pose": [
        0.060366977006196976,
        -0.6031993627548218,
        -0.6233365535736084
    ],
    "expression": [
        -1.4194093942642212,
        -0.6637466549873352,
        -0.2582007050514221,
        0.01768750324845314,
        -0.42365124821662903,
        -0.8572403788566589,
        -0.03368602693080902,
        0.4317091405391693,
        -0.24480630457401276,
        0.37557294964790344
    ],
    "betas": [
        0.7346706390380859,
        -1.3884203433990479,
        0.5921152830123901,
        -2.0383360385894775,
        0.9466447830200195,
        -0.541568398475647,
        2.0594966411590576,
        -1.465659260749817,
        0.21967193484306335,
        -3.4435007572174072
    ]
}