{
    "global_orient": [
        -0.3717557191848755,
        -0.06353649497032166,
        0.004112972877919674
    ],
    "body_pose": [
        -0.2504271864891052,
        0.40341174602508545,
        -0.038518741726875305,
        -0.25721365213394165,
        -0.08879388123750687,
        0.1491786390542984,
        0.8298353552818298,
        -0.08780667185783386,
        0.010789252817630768,
        0.947393536567688,
        -0.08583450317382812,
        0.17348745465278625,
        0.9620427489280701,
        0.024116914719343185,
        -0.3184974193572998,
        -0.10240961611270905,
        0.03958858549594879,
        0.05684097856283188,
        -0.4054444134235382,
        0.06453025341033936,
        3.0632870675617596e-06,
        -0.34528011083602905,
        -0.12322022765874863,
        -3.186761887263856e-06,
        -0.16257324814796448,
        -0.10149672627449036,
        -0.05910336598753929,
        -2.290945758431917e-06,
        2.160124097372318e-07,
        -9.078441820520311e-08,
        -2.1832129277754575e-06,
        1.4574169426850858e-07,
        2.159180212402134e-06,
        0.023195376619696617,
        -0.01375548169016838,
        0.06060337275266647,
        -0.1803027242422104,
        -0.4025934934616089,
        -0.06339919567108154,
        -0.17796528339385986,
        0.3176674246788025,
        0.15435314178466797,
        -0.12704184651374817,
        -0.01898123510181904,
        -0.03148810192942619,
        -0.10088464617729187,
        -1.1015315055847168,
        -0.7535314559936523,
        -0.050409115850925446,
        0.680759608745575,
        0.46657794713974,
        -0.4125242233276367,
        -1.4464958906173706,
        0.47817426919937134,
        -0.5974387526512146,
        1.4032926559448242,
        -0.998930811882019,
        -1.2313673496246338,
        -0.26954758167266846,
        0.04404773935675621,
        -1.6946234703063965,
        0.23571722209453583,
        -0.14386166632175446
    ],
    "transl": [
        0.07354120910167694,
        1.5062352418899536,
        -0.15728937089443207
    ],
    "left_hand_pose": [
        -1.578998327255249,
        1.0924503803253174,
        0.9986981749534607,
        -1.3738853931427002,
        -0.2682412266731262,
        -1.5479655265808105,
        2.651001453399658,
        -0.5053805708885193,
        -4.5951738357543945,
        -2.628577709197998,
        -0.34703126549720764,
        -2.3470921516418457
    ],
    "right_hand_pose": [
        -1.452697992324829,
        1.5514187812805176,
        1.0974708795547485,
        -1.372444987297058,
        -0.6898810863494873,
        -1.4963115453720093,
        3.4686057567596436,
        -0.9131160378456116,
        -5.695547580718994,
        -2.333986282348633,
        2.1920554637908936,
        -1.3118295669555664
    ],
    "jaw_pose": [
        0.015419427305459976,
        0.009429889731109142,
        -0.018336428329348564
    ],
    "leye_pose": [
        0.17315123975276947,
        0.2906707227230072,
        -1.1903842687606812
    ],
    "reye_pose": [
        0.1369018256664276,
        -0.5485810041427612,
        -0.6932641267776489
    ],
    "expression": [
        -1.5175869464874268,
        -0.16765473783016205,
        -0.12666764855384827,
        0.2444159984588623,
        -0.5522386431694031,
        -0.702293336391449,
        -0.030137231573462486,
        0.38267427682876587,
        -0.12763242423534393,
        0.4468706548213959
    ],
    "betas": [
        0.7346706390380859,
        -1.3884203433990479,
        0.5921152830123901,
        -2.0383360385894775,
        0.9466447830200195,
        -0.541568398475647,
        2.0594966411590576,
        -1.465659260749817,
        0.21967193484306335,
        -3.4435007572174072
    ]
}