{
    "global_orient": [
        -0.3620421290397644,
        0.12529386579990387,
        0.04754349961876869
    ],
    "body_pose": [
        -0.30481410026550293,
        0.6454289555549622,
        0.08749037235975266,
        -0.2162129431962967,
        0.19537146389484406,
        0.321052223443985,
        0.8022200465202332,
        -0.2822800576686859,
        -0.09118079394102097,
        1.0438817739486694,
        -0.13032220304012299,
        0.10923250019550323,
        1.0593000650405884,
        0.01036333292722702,
        -0.36049017310142517,
        -0.1438736468553543,
        0.0632980540394783,
        0.05104490742087364,
        -0.4915434420108795,
        -0.10886584222316742,
        3.6578933304554084e-06,
        -0.4239884316921234,
        -0.1608632355928421,
        -3.1786528325028485e-06,
        -0.1821867972612381,
        -0.11269214004278183,
        0.019561752676963806,
        -2.298370645803516e-06,
        1.7657293938100338e-07,
        1.7746437208643329e-07,
        -2.0031143321830314e-06,
        5.322256129147718e-07,
        2.4665214368724264e-06,
        0.07898435741662979,
        -0.004416121635586023,
        -0.017031513154506683,
        -0.20227788388729095,
        -0.5048709511756897,
        -0.06234097480773926,
        -0.19488126039505005,
        0.16030246019363403,
        0.23276300728321075,
        -0.12371136993169785,
        -0.0091919070109725,
        0.008583467453718185,
        -0.1262035369873047,
        -1.2981032133102417,
        -0.7692315578460693,
        -0.21517620980739594,
        0.4269554018974304,
        0.5490874648094177,
        -0.37594714760780334,
        -1.2953823804855347,
        0.17043957114219666,
        -0.5784187912940979,
        1.334498643875122,
        -1.0058835744857788,
        -1.0562529563903809,
        -0.26410192251205444,
        0.09843321889638901,
        -1.8659520149230957,
        0.12982989847660065,
        -0.08485929667949677
    ],
    "transl": [
        0.07402151077985764,
        1.4855494499206543,
        -0.14193575084209442
    ],
    "left_hand_pose": [
        -1.5204447507858276,
        0.9948650598526001,
        1.015419602394104,
        -1.124516248703003,
        -0.3262369930744171,
        -1.2266299724578857,
        2.249878168106079,
        -0.5809996724128723,
        -3.9156174659729004,
        -2.3368210792541504,
        -0.04687337949872017,
        -2.0107250213623047
    ],
    "right_hand_pose": [
        -1.5297566652297974,
        1.4592233896255493,
        1.225068211555481,
        -1.5032850503921509,
        -0.3507671356201172,
        -1.4622400999069214,
        3.290168285369873,
        -1.0789283514022827,
        -5.450760364532471,
        -2.292893409729004,
        2.407839059829712,
        -1.307523250579834
    ],
    "jaw_pose": [
        0.021939830854535103,
        0.011676457710564137,
        -0.03352004289627075
    ],
    "leye_pose": [
        0.33789899945259094,
        0.03458425775170326,
        -1.5470044612884521
    ],
    "reye_pose": [
        0.09725408256053925,
        -0.5225440859794617,
        -0.6761427521705627
    ],
    "expression": [
        -1.6938525438308716,
        -0.37877100706100464,
        -0.1290336549282074,
        0.39346832036972046,
        -0.5679970979690552,
        -0.7595836520195007,
        -0.03533957153558731,
        0.37433886528015137,
        -0.20010614395141602,
        0.46830353140830994
    ],
    "betas": [
        0.7346706390380859,
        -1.3884203433990479,
        0.5921152830123901,
        -2.0383360385894775,
        0.9466447830200195,
        -0.541568398475647,
        2.0594966411590576,
        -1.465659260749817,
        0.21967193484306335,
        -3.4435007572174072
    ]
}