{
    "global_orient": [
        -0.3542076051235199,
        0.0883515328168869,
        0.027958309277892113
    ],
    "body_pose": [
        -0.2944154441356659,
        0.508428156375885,
        0.05366840958595276,
        -0.24127823114395142,
        0.13065628707408905,
        0.26886752247810364,
        0.7924383878707886,
        -0.2711660861968994,
        -0.063799649477005,
        0.9945887923240662,
        -0.07378724962472916,
        0.09406159818172455,
        1.0293360948562622,
        0.0303111020475626,
        -0.30608657002449036,
        -0.12265436351299286,
        0.10011189430952072,
        0.04582254961133003,
        -0.47638043761253357,
        -0.014738509431481361,
        3.383767079867539e-06,
        -0.39030393958091736,
        -0.11306484043598175,
        -2.6164391329075443e-06,
        -0.17111285030841827,
        -0.1124856099486351,
        0.0025492371059954166,
        -2.7248884180153254e-06,
        8.111619109740786e-08,
        3.314426351153088e-07,
        -1.7360740685035125e-06,
        2.5068806053241133e-07,
        2.472265578035149e-06,
        0.05451507121324539,
        -0.022672180086374283,
        0.01000405102968216,
        -0.2048858404159546,
        -0.4770081639289856,
        -0.0556710883975029,
        -0.19552846252918243,
        0.21907778084278107,
        0.20567399263381958,
        -0.12132947146892548,
        -0.006843509618192911,
        -0.003921139519661665,
        -0.14158698916435242,
        -1.2247394323349,
        -0.8253542184829712,
        -0.19988642632961273,
        0.4904441833496094,
        0.5442496538162231,
        -0.38933151960372925,
        -1.35476815700531,
        0.2028942108154297,
        -0.5915141105651855,
        1.3664113283157349,
        -1.0072593688964844,
        -1.0663468837738037,
        -0.23596610128879547,
        0.05492415651679039,
        -1.7888206243515015,
        0.14430834352970123,
        -0.07550259679555893
    ],
    "transl": [
        0.07427577674388885,
        1.4948160648345947,
        -0.14850522577762604
    ],
    "left_hand_pose": [
        -1.5149132013320923,
        1.0594905614852905,
        1.1024614572525024,
        -1.1007859706878662,
        -0.5150371789932251,
        -1.4999682903289795,
        2.491755485534668,
        -0.4606323838233948,
        -4.1986517906188965,
        -2.3248658180236816,
        -0.06999284029006958,
        -1.9855653047561646
    ],
    "right_hand_pose": [
        -1.4861233234405518,
        1.561070203781128,
        1.2390954494476318,
        -1.2638719081878662,
        -0.5773882269859314,
        -1.4871034622192383,
        3.174663782119751,
        -0.8901523351669312,
        -5.2406697273254395,
        -2.140498638153076,
        1.867035984992981,
        -1.098787546157837
    ],
    "jaw_pose": [
        0.018280960619449615,
        0.01293166633695364,
        -0.02553795650601387
    ],
    "leye_pose": [
        0.1053493469953537,
        0.12843170762062073,
        -1.3664331436157227
    ],
    "reye_pose": [
        -0.00012505805352702737,
        -0.5129770040512085,
        -0.7730215787887573
    ],
    "expression": [
        -1.5484740734100342,
        -0.26691901683807373,
        -0.1619606912136078,
        0.34562984108924866,
        -0.5532719492912292,
        -0.7467805743217468,
        -0.05689285695552826,
        0.39132440090179443,
        -0.1891976147890091,
        0.47721031308174133
    ],
    "betas": [
        0.7346706390380859,
        -1.3884203433990479,
        0.5921152830123901,
        -2.0383360385894775,
        0.9466447830200195,
        -0.541568398475647,
        2.0594966411590576,
        -1.465659260749817,
        0.21967193484306335,
        -3.4435007572174072
    ]
}