{
    "global_orient": [
        -0.2061598151922226,
        -0.45458728075027466,
        -0.06241298094391823
    ],
    "body_pose": [
        -0.14698903262615204,
        0.09823387116193771,
        -0.022612348198890686,
        -0.14890626072883606,
        -0.012091117911040783,
        0.048535991460084915,
        0.33157745003700256,
        0.017920397222042084,
        0.027340827509760857,
        0.5688158273696899,
        0.011453238315880299,
        0.030916104093194008,
        0.5130741596221924,
        -0.01501291524618864,
        -0.007437734864652157,
        0.04163167625665665,
        0.04333506524562836,
        0.01943986490368843,
        -0.08012194186449051,
        0.17313316464424133,
        -5.727609320160809e-08,
        -0.11429281532764435,
        -0.03326614573597908,
        -7.389855909423204e-07,
        -0.15511661767959595,
        -0.0023244181647896767,
        -0.01825050450861454,
        -3.488393645056931e-07,
        -9.298138792246391e-08,
        -6.191500574459496e-07,
        -1.1852802117573447e-06,
        1.008571715033213e-07,
        9.477162166149355e-07,
        0.06482746452093124,
        0.023807384073734283,
        0.022139545530080795,
        -0.27476197481155396,
        -0.47606906294822693,
        -0.19493015110492706,
        -0.2802303433418274,
        0.4866456389427185,
        0.15391886234283447,
        -0.1469009816646576,
        0.02481435239315033,
        -0.020125914365053177,
        -0.20173346996307373,
        -0.8745379447937012,
        -0.44822797179222107,
        -0.06967641413211823,
        1.164799451828003,
        0.47931230068206787,
        -0.5164854526519775,
        -1.372990608215332,
        0.8224570751190186,
        -0.42527109384536743,
        1.4047523736953735,
        -0.6047767400741577,
        -1.6003714799880981,
        -0.2188306301832199,
        0.04821784049272537,
        -1.3322601318359375,
        0.149282768368721,
        -0.23357804119586945
    ],
    "transl": [
        0.022655101493000984,
        1.5877331495285034,
        -0.10354450345039368
    ],
    "left_hand_pose": [
        -1.6105445623397827,
        0.8554552793502808,
        0.9599353671073914,
        -1.3057206869125366,
        -0.1058664321899414,
        -1.082870602607727,
        2.0849878787994385,
        -0.4922386109828949,
        -3.912443161010742,
        -1.9498859643936157,
        -0.15267883241176605,
        -1.4614458084106445
    ],
    "right_hand_pose": [
        -1.4929369688034058,
        1.3577042818069458,
        1.3183447122573853,
        -1.2332885265350342,
        -0.5758944749832153,
        -1.2613791227340698,
        2.8400073051452637,
        -0.819786787033081,
        -5.113402843475342,
        -1.880238652229309,
        1.7434556484222412,
        -0.9570956230163574
    ],
    "jaw_pose": [
        0.04020934924483299,
        0.014402640983462334,
        -0.035815805196762085
    ],
    "leye_pose": [
        0.43687304854393005,
        -0.24976356327533722,
        -0.09779148548841476
    ],
    "reye_pose": [
        0.03634791076183319,
        -0.1885114461183548,
        -0.4208924472332001
    ],
    "expression": [
        -1.4035927057266235,
        -0.512511134147644,
        -0.15931949019432068,
        0.31619444489479065,
        -0.399261474609375,
        -0.6740871071815491,
        0.032458554953336716,
        0.42017239332199097,
        -0.14508795738220215,
        0.3882530629634857
    ],
    "betas": [
        0.7346706390380859,
        -1.3884203433990479,
        0.5921152830123901,
        -2.0383360385894775,
        0.9466447830200195,
        -0.541568398475647,
        2.0594966411590576,
        -1.465659260749817,
        0.21967193484306335,
        -3.4435007572174072
    ]
}