{
    "global_orient": [
        -0.3305647671222687,
        0.2284068763256073,
        0.014734444208443165
    ],
    "body_pose": [
        -0.1903475970029831,
        0.6290859580039978,
        0.23750197887420654,
        -0.11291182786226273,
        0.184898242354393,
        0.2472645789384842,
        0.48240527510643005,
        -0.3829455077648163,
        -0.07873936742544174,
        0.828896164894104,
        -0.0707322210073471,
        -0.06384515762329102,
        0.8372897505760193,
        -0.03223131597042084,
        -0.2116868793964386,
        0.04059523344039917,
        -0.08112452924251556,
        0.02359120547771454,
        -0.2814772427082062,
        0.028872443363070488,
        1.3355617056731717e-06,
        -0.26160675287246704,
        -0.1569572389125824,
        -3.1433842195838224e-06,
        -0.2902616858482361,
        -0.14205791056156158,
        0.04122704640030861,
        -1.9055090660913265e-06,
        -5.79356822072441e-07,
        2.649449015734717e-07,
        -1.7692125311441487e-06,
        6.606690590160724e-07,
        1.5958605672494741e-06,
        0.19817225635051727,
        0.04970766231417656,
        -0.051523443311452866,
        -0.19424068927764893,
        -0.45358118414878845,
        -0.21548393368721008,
        -0.21157723665237427,
        0.061277322471141815,
        0.22561410069465637,
        -0.08932359516620636,
        0.03987370803952217,
        0.008130929432809353,
        -0.07588991522789001,
        -1.1739791631698608,
        -0.9203324913978577,
        -0.18420056998729706,
        0.3940330743789673,
        0.5512916445732117,
        -0.3486197888851166,
        -1.3086076974868774,
        0.14533087611198425,
        -0.5559861660003662,
        1.4068903923034668,
        -0.7765575647354126,
        -1.1726664304733276,
        -0.2730323374271393,
        0.06856358051300049,
        -1.7521729469299316,
        0.10727658122777939,
        -0.07378264516592026
    ],
    "transl": [
        0.07791415601968765,
        1.5402371883392334,
        -0.10784312337636948
    ],
    "left_hand_pose": [
        -1.4421747922897339,
        0.9422971606254578,
        1.0436159372329712,
        -1.1153244972229004,
        -0.41674479842185974,
        -1.5123708248138428,
        2.55018949508667,
        -0.47120314836502075,
        -4.546013832092285,
        -2.714639902114868,
        -0.3443543612957001,
        -2.3079962730407715
    ],
    "right_hand_pose": [
        -1.448373794555664,
        1.7523444890975952,
        1.2969584465026855,
        -1.159947156906128,
        -0.4624040126800537,
        -1.381185531616211,
        2.8781609535217285,
        -0.8129898309707642,
        -4.363583564758301,
        -1.7685823440551758,
        2.4215376377105713,
        -0.5333113670349121
    ],
    "jaw_pose": [
        0.030498074367642403,
        0.014364072121679783,
        -0.04392561316490173
    ],
    "leye_pose": [
        0.18680724501609802,
        -0.22616861760616302,
        -1.3848512172698975
    ],
    "reye_pose": [
        0.37523141503334045,
        -0.6908890008926392,
        -0.7609074711799622
    ],
    "expression": [
        -1.6679993867874146,
        -0.6085817813873291,
        -0.3145337998867035,
        0.21195854246616364,
        -0.5961212515830994,
        -0.8835589289665222,
        -0.04044344276189804,
        0.41956213116645813,
        -0.20027044415473938,
        0.5588064789772034
    ],
    "betas": [
        0.7346706390380859,
        -1.3884203433990479,
        0.5921152830123901,
        -2.0383360385894775,
        0.9466447830200195,
        -0.541568398475647,
        2.0594966411590576,
        -1.465659260749817,
        0.21967193484306335,
        -3.4435007572174072
    ]
}