{
    "global_orient": [
        -0.3512803018093109,
        0.04310940206050873,
        0.018287677317857742
    ],
    "body_pose": [
        -0.3321743905544281,
        0.6116588711738586,
        0.15646691620349884,
        -0.2665784955024719,
        0.15474599599838257,
        0.3022576868534088,
        0.7732100486755371,
        -0.36861905455589294,
        -0.1724531054496765,
        1.0761345624923706,
        -0.11813310533761978,
        0.013347437605261803,
        1.1008379459381104,
        0.04395188391208649,
        -0.2817336320877075,
        -0.11485573649406433,
        0.02261912263929844,
        0.08459403365850449,
        -0.45420703291893005,
        -0.031202826648950577,
        3.374109610376763e-06,
        -0.4187012314796448,
        -0.1436087042093277,
        -3.826245119853411e-06,
        -0.164096862077713,
        -0.037631869316101074,
        0.06528747081756592,
        -1.2917000731249573e-06,
        1.191483818274719e-07,
        2.0582450588335632e-07,
        -6.945590484974673e-07,
        7.643762955922284e-07,
        2.1028124592703534e-06,
        0.025266557931900024,
        0.03538936749100685,
        -0.0019729610066860914,
        -0.23759233951568604,
        -0.4585976302623749,
        0.03185707703232765,
        -0.17515918612480164,
        0.14847968518733978,
        0.2735961079597473,
        -0.12752965092658997,
        0.0769796371459961,
        -0.025059109553694725,
        -0.19114458560943604,
        -1.2960110902786255,
        -0.6986130475997925,
        -0.1952744871377945,
        0.447424978017807,
        0.5386071801185608,
        -0.4011758863925934,
        -1.3163925409317017,
        0.3160807490348816,
        -0.5668607354164124,
        1.3219099044799805,
        -0.9251112937927246,
        -1.173270344734192,
        -0.22530150413513184,
        0.049400076270103455,
        -1.7907321453094482,
        0.16026420891284943,
        -0.11948961764574051
    ],
    "transl": [
        0.06806930154561996,
        1.4806002378463745,
        -0.14019377529621124
    ],
    "left_hand_pose": [
        -1.5002707242965698,
        1.1556146144866943,
        1.076278805732727,
        -1.053336262702942,
        -0.6521130800247192,
        -1.5532867908477783,
        2.63071608543396,
        -0.44935157895088196,
        -4.111670017242432,
        -2.3815042972564697,
        0.25977957248687744,
        -1.8677479028701782
    ],
    "right_hand_pose": [
        -1.5046465396881104,
        1.5892678499221802,
        1.2149840593338013,
        -1.2605160474777222,
        -0.5869210362434387,
        -1.5892750024795532,
        3.1446142196655273,
        -0.8026968240737915,
        -4.955967426300049,
        -2.026758909225464,
        2.047708749771118,
        -0.8391653895378113
    ],
    "jaw_pose": [
        0.027036359533667564,
        0.02350524254143238,
        -0.04197444021701813
    ],
    "leye_pose": [
        0.30001381039619446,
        0.0878763496875763,
        -1.5459351539611816
    ],
    "reye_pose": [
        0.26025357842445374,
        -0.7869004011154175,
        -0.5075705647468567
    ],
    "expression": [
        -1.5070477724075317,
        -0.4775677025318146,
        -0.3512090742588043,
        0.17390620708465576,
        -0.5978910326957703,
        -0.8073883652687073,
        -0.08513431996107101,
        0.4346745014190674,
        -0.24885602295398712,
        0.4752649962902069
    ],
    "betas": [
        0.7346706390380859,
        -1.3884203433990479,
        0.5921152830123901,
        -2.0383360385894775,
        0.9466447830200195,
        -0.541568398475647,
        2.0594966411590576,
        -1.465659260749817,
        0.21967193484306335,
        -3.4435007572174072
    ]
}