{
    "global_orient": [
        -0.14909446239471436,
        0.341199666261673,
        0.04342363029718399
    ],
    "body_pose": [
        -0.20647931098937988,
        0.7414302825927734,
        0.06754616647958755,
        -0.09398797154426575,
        0.3291814923286438,
        0.20489315688610077,
        0.3086031973361969,
        -0.24304383993148804,
        -0.05611871927976608,
        0.5160461068153381,
        -0.14450211822986603,
        -0.03602278232574463,
        0.5121888518333435,
        -0.00704699382185936,
        -0.1889468878507614,
        -0.03223918005824089,
        -0.11890615522861481,
        0.031788215041160583,
        -0.041677314788103104,
        -0.15360808372497559,
        -1.1502781944727758e-06,
        0.026003850623965263,
        -0.16922512650489807,
        -1.9341392487604026e-08,
        -0.2563035786151886,
        -0.18452616035938263,
        0.03628799691796303,
        -1.6964356746029807e-06,
        -1.2962561868334888e-06,
        1.4414108306937123e-07,
        -1.0599916322462377e-06,
        6.536288879033236e-07,
        7.70876283695543e-07,
        0.18256862461566925,
        0.033812325447797775,
        -0.04418870061635971,
        -0.35285234451293945,
        -0.8213025331497192,
        0.00680657709017396,
        -0.31726303696632385,
        0.31425413489341736,
        -0.007739786524325609,
        -0.15330253541469574,
        0.0008077668026089668,
        -0.0373249426484108,
        -0.4421408176422119,
        -1.4672038555145264,
        -0.6015336513519287,
        -0.31905612349510193,
        0.5742368102073669,
        0.130520299077034,
        -0.5638182759284973,
        -0.8950837850570679,
        0.35183051228523254,
        -0.5667517781257629,
        1.0916403532028198,
        -0.9306473135948181,
        -1.1554560661315918,
        -0.15097196400165558,
        0.14705203473567963,
        -1.8269163370132446,
        0.039323654025793076,
        -0.20291858911514282
    ],
    "transl": [
        0.07254725694656372,
        1.6033952236175537,
        -0.09385038167238235
    ],
    "left_hand_pose": [
        -1.6865309476852417,
        1.5328302383422852,
        1.060589075088501,
        -1.2901506423950195,
        -0.9000719785690308,
        -1.9807771444320679,
        3.1965441703796387,
        -1.007627248764038,
        -7.409238815307617,
        -3.080385684967041,
        -1.5601603984832764,
        -4.618978023529053
    ],
    "right_hand_pose": [
        -1.5807814598083496,
        1.512751817703247,
        1.353658676147461,
        -1.1925201416015625,
        -0.4898724853992462,
        -1.1860899925231934,
        2.2267043590545654,
        -0.7403671145439148,
        -3.8755123615264893,
        -1.2896192073822021,
        1.8720579147338867,
        0.045690473169088364
    ],
    "jaw_pose": [
        0.025856535881757736,
        0.025788379833102226,
        -0.049954093992710114
    ],
    "leye_pose": [
        0.5621235966682434,
        0.15926028788089752,
        -0.8106737732887268
    ],
    "reye_pose": [
        0.3985888361930847,
        -1.20036780834198,
        -0.565491795539856
    ],
    "expression": [
        -1.4083123207092285,
        -0.4988165497779846,
        -0.22780977189540863,
        0.529252827167511,
        -0.7264668345451355,
        -0.5359066724777222,
        0.02023514360189438,
        0.25581851601600647,
        -0.502536416053772,
        0.4163101315498352
    ],
    "betas": [
        0.7346706390380859,
        -1.3884203433990479,
        0.5921152830123901,
        -2.0383360385894775,
        0.9466447830200195,
        -0.541568398475647,
        2.0594966411590576,
        -1.465659260749817,
        0.21967193484306335,
        -3.4435007572174072
    ]
}