{
    "global_orient": [
        -0.22862811386585236,
        -0.4027616083621979,
        -0.008137901313602924
    ],
    "body_pose": [
        -0.17834363877773285,
        0.20798300206661224,
        -0.1286907196044922,
        -0.2414732575416565,
        -0.05240010842680931,
        0.005264760460704565,
        0.5201470851898193,
        0.11277280747890472,
        0.08599837124347687,
        0.5672511458396912,
        -0.18200872838497162,
        0.1504444181919098,
        0.6473951935768127,
        -0.10049717128276825,
        -0.04062272235751152,
        -0.052632465958595276,
        0.12347588688135147,
        0.01679731160402298,
        -0.06446685642004013,
        0.03762175887823105,
        3.9671965623711003e-07,
        -0.13469888269901276,
        -0.15931130945682526,
        -1.6522075156899518e-06,
        -0.155080184340477,
        -0.07166817784309387,
        -0.09724781662225723,
        -5.853105449205032e-07,
        -6.597221045012702e-07,
        -7.088199254212668e-07,
        -1.4496013136522379e-06,
        9.356509735880536e-07,
        1.6129018831634312e-06,
        0.03600885346531868,
        0.009223352186381817,
        0.08181378245353699,
        -0.25338616967201233,
        -0.43261221051216125,
        -0.12654143571853638,
        -0.25968506932258606,
        0.3579651415348053,
        -0.04625527560710907,
        -0.1530408412218094,
        -0.0016857809387147427,
        -0.0653759241104126,
        -0.21370048820972443,
        -0.8591983318328857,
        -0.5329102277755737,
        -0.08753330260515213,
        0.9969176054000854,
        0.34281882643699646,
        -0.5029614567756653,
        -1.3201743364334106,
        0.8232712149620056,
        -0.44667401909828186,
        1.3810813426971436,
        -0.6648608446121216,
        -1.5807803869247437,
        -0.30876004695892334,
        0.15796983242034912,
        -1.4975111484527588,
        0.17082716524600983,
        -0.22346125543117523
    ],
    "transl": [
        0.03696368634700775,
        1.5822834968566895,
        -0.14684663712978363
    ],
    "left_hand_pose": [
        -1.5775516033172607,
        1.035634994506836,
        0.9107064604759216,
        -1.4274101257324219,
        -0.46780267357826233,
        -1.6183375120162964,
        3.022660970687866,
        -0.5045610070228577,
        -4.840972900390625,
        -2.3040921688079834,
        0.9398316740989685,
        -1.6688661575317383
    ],
    "right_hand_pose": [
        -1.5109003782272339,
        1.427085518836975,
        1.2511793375015259,
        -1.372942566871643,
        -0.43153440952301025,
        -1.243802547454834,
        2.893188238143921,
        -1.185545802116394,
        -5.569003582000732,
        -2.4657652378082275,
        1.785762071609497,
        -1.44855535030365
    ],
    "jaw_pose": [
        0.03650958836078644,
        0.012631972320377827,
        -0.02844489924609661
    ],
    "leye_pose": [
        0.33268293738365173,
        -0.18546247482299805,
        -1.797359824180603
    ],
    "reye_pose": [
        0.05438147857785225,
        -0.4515303671360016,
        -0.6791266202926636
    ],
    "expression": [
        -1.339409351348877,
        -0.33297646045684814,
        0.00640742015093565,
        0.29453641176223755,
        -0.4968896508216858,
        -0.6914036273956299,
        0.004555055871605873,
        0.4129559397697449,
        -0.18656501173973083,
        0.31773799657821655
    ],
    "betas": [
        0.7346706390380859,
        -1.3884203433990479,
        0.5921152830123901,
        -2.0383360385894775,
        0.9466447830200195,
        -0.541568398475647,
        2.0594966411590576,
        -1.465659260749817,
        0.21967193484306335,
        -3.4435007572174072
    ]
}