{
    "global_orient": [
        -0.3468858301639557,
        -0.0831553190946579,
        -0.06981272250413895
    ],
    "body_pose": [
        -0.20498374104499817,
        0.44150522351264954,
        0.20941993594169617,
        -0.169997900724411,
        -0.083931103348732,
        0.23616309463977814,
        0.5364208221435547,
        -0.35147154331207275,
        -0.10927942395210266,
        0.883109450340271,
        0.10590614378452301,
        0.04853817820549011,
        0.8565819263458252,
        0.07037442922592163,
        -0.2799111008644104,
        0.040973465889692307,
        -0.011614629067480564,
        0.08047940582036972,
        -0.3361995816230774,
        0.2890926003456116,
        2.239478362753289e-06,
        -0.2994941473007202,
        -0.058255020529031754,
        -2.5321535304101417e-06,
        -0.14212246239185333,
        -0.03917434811592102,
        0.151631698012352,
        -1.9287144823465496e-06,
        -5.07374693370366e-07,
        -2.7889581133422325e-07,
        -1.7450400946472655e-06,
        7.086918571985734e-07,
        1.3707045809496776e-06,
        0.046956803649663925,
        0.06978395581245422,
        -0.04780198633670807,
        -0.20148713886737823,
        -0.40136754512786865,
        -0.17600379884243011,
        -0.18879905343055725,
        0.1279643326997757,
        0.2812178432941437,
        -0.007357361260801554,
        0.06213502958416939,
        -0.025706123560667038,
        -0.07196678221225739,
        -1.0537549257278442,
        -0.7136886715888977,
        -0.09484288096427917,
        0.6455197930335999,
        0.6003333926200867,
        -0.3994840383529663,
        -1.4527978897094727,
        0.40471717715263367,
        -0.47839781641960144,
        1.4884628057479858,
        -0.7891832590103149,
        -1.3425166606903076,
        -0.1944727897644043,
        0.0459652803838253,
        -1.6773204803466797,
        0.1464296132326126,
        -0.10528117418289185
    ],
    "transl": [
        0.0714816227555275,
        1.528656005859375,
        -0.11766567081212997
    ],
    "left_hand_pose": [
        -1.5251511335372925,
        0.9386444091796875,
        1.056822419166565,
        -1.0938423871994019,
        -0.533645749092102,
        -1.59182870388031,
        2.6535301208496094,
        -0.4993979036808014,
        -4.592296600341797,
        -2.7411062717437744,
        -0.49142929911613464,
        -2.7367658615112305
    ],
    "right_hand_pose": [
        -1.4861984252929688,
        1.678218960762024,
        1.2557531595230103,
        -1.3123679161071777,
        -0.5427496433258057,
        -1.4912261962890625,
        3.212735891342163,
        -0.9001281261444092,
        -4.91132926940918,
        -1.9691141843795776,
        2.3176629543304443,
        -0.5829177498817444
    ],
    "jaw_pose": [
        0.03286858648061752,
        0.020833764225244522,
        -0.04511786252260208
    ],
    "leye_pose": [
        0.4061487913131714,
        0.25547149777412415,
        -1.2142221927642822
    ],
    "reye_pose": [
        0.4260479509830475,
        -0.427386999130249,
        -0.39278584718704224
    ],
    "expression": [
        -1.9436284303665161,
        -0.7900550961494446,
        -0.6205981969833374,
        0.1640043705701828,
        -0.6564977765083313,
        -1.0156065225601196,
        -0.040071360766887665,
        0.5256558656692505,
        -0.28033387660980225,
        0.6826613545417786
    ],
    "betas": [
        0.7346706390380859,
        -1.3884203433990479,
        0.5921152830123901,
        -2.0383360385894775,
        0.9466447830200195,
        -0.541568398475647,
        2.0594966411590576,
        -1.465659260749817,
        0.21967193484306335,
        -3.4435007572174072
    ]
}