{
    "global_orient": [
        -0.20159004628658295,
        -0.41006261110305786,
        -0.05781388282775879
    ],
    "body_pose": [
        -0.14995943009853363,
        0.09759935736656189,
        -0.021244412288069725,
        -0.16714268922805786,
        -0.011025134474039078,
        0.05027571693062782,
        0.3313303589820862,
        0.0007184674614109099,
        0.06328869611024857,
        0.5510064959526062,
        -0.004283059388399124,
        0.008730094879865646,
        0.5350268483161926,
        -0.02463846653699875,
        -0.026811901479959488,
        0.036615174263715744,
        0.03719615936279297,
        -0.029003221541643143,
        -0.09702533483505249,
        0.1320665031671524,
        -6.635939797661194e-08,
        -0.10001317411661148,
        -0.0702039822936058,
        -5.502738531504292e-07,
        -0.1466558277606964,
        -0.004113702103495598,
        -0.007963118143379688,
        -4.0443765669806453e-07,
        -4.412108580709173e-07,
        -7.79306901677046e-07,
        -1.2277919267944526e-06,
        2.2513877695473639e-07,
        1.0804549219756154e-06,
        0.05724727734923363,
        0.03073880262672901,
        0.02832242101430893,
        -0.28666582703590393,
        -0.5125779509544373,
        -0.18476730585098267,
        -0.2854270040988922,
        0.48874345421791077,
        0.13604015111923218,
        -0.16105030477046967,
        0.006535413209348917,
        -0.015546689741313457,
        -0.2227565348148346,
        -0.8980252742767334,
        -0.4132562279701233,
        -0.0713716596364975,
        1.1469411849975586,
        0.4113972783088684,
        -0.522197961807251,
        -1.3213368654251099,
        0.8072679042816162,
        -0.4310663342475891,
        1.3530237674713135,
        -0.6787137985229492,
        -1.638980746269226,
        -0.2206554114818573,
        0.041455645114183426,
        -1.396040439605713,
        0.1343400627374649,
        -0.23641225695610046
    ],
    "transl": [
        0.030403105542063713,
        1.5875358581542969,
        -0.10476043075323105
    ],
    "left_hand_pose": [
        -1.6782279014587402,
        0.8149709105491638,
        0.9736451506614685,
        -1.280503511428833,
        -0.18070648610591888,
        -1.2182397842407227,
        2.156801223754883,
        -0.6146413087844849,
        -4.2783331871032715,
        -2.2824041843414307,
        -0.31326544284820557,
        -1.9063727855682373
    ],
    "right_hand_pose": [
        -1.5423393249511719,
        1.4113596677780151,
        1.449985146522522,
        -1.4032520055770874,
        -0.5533005595207214,
        -1.5312365293502808,
        3.107264995574951,
        -1.0438575744628906,
        -5.520134449005127,
        -2.3535518646240234,
        1.6238205432891846,
        -1.2165504693984985
    ],
    "jaw_pose": [
        0.0317709855735302,
        0.016618112102150917,
        -0.028835033997893333
    ],
    "leye_pose": [
        0.35880810022354126,
        -0.2053806632757187,
        -0.03086002916097641
    ],
    "reye_pose": [
        0.0707811638712883,
        -0.052025649696588516,
        -0.35070329904556274
    ],
    "expression": [
        -1.4011690616607666,
        -0.5142011046409607,
        -0.12067735940217972,
        0.42495349049568176,
        -0.3954469561576843,
        -0.5489835143089294,
        0.0005004651611670852,
        0.4147471487522125,
        -0.1392301321029663,
        0.3511621654033661
    ],
    "betas": [
        0.7346706390380859,
        -1.3884203433990479,
        0.5921152830123901,
        -2.0383360385894775,
        0.9466447830200195,
        -0.541568398475647,
        2.0594966411590576,
        -1.465659260749817,
        0.21967193484306335,
        -3.4435007572174072
    ]
}