{
    "global_orient": [
        -0.19258485734462738,
        0.1538117229938507,
        -0.013985254801809788
    ],
    "body_pose": [
        -0.2216406613588333,
        0.6260251998901367,
        0.14936983585357666,
        -0.1320614367723465,
        0.25795978307724,
        0.21193179488182068,
        0.3634135127067566,
        -0.3128531575202942,
        -0.07946674525737762,
        0.5910179615020752,
        -0.04329618811607361,
        -0.05595318600535393,
        0.5818642377853394,
        0.003493434749543667,
        -0.129551962018013,
        -0.049793630838394165,
        -0.08204685896635056,
        0.06153219938278198,
        -0.12385053932666779,
        0.04241616651415825,
        2.219139076942156e-07,
        -0.07156500965356827,
        -0.19059456884860992,
        -2.2922536118130665e-06,
        -0.2273101508617401,
        -0.08722686022520065,
        0.07484672963619232,
        -1.6236156170634786e-06,
        -8.777807920523628e-07,
        -1.3715192892505002e-07,
        -1.6698052149877185e-06,
        7.592118436150486e-07,
        8.9793923052639e-07,
        0.16769270598888397,
        0.04577634856104851,
        -0.05475775897502899,
        -0.3220551609992981,
        -0.6652143001556396,
        0.03181230649352074,
        -0.30728399753570557,
        0.3113887906074524,
        0.08834570646286011,
        -0.17172765731811523,
        0.034998584538698196,
        -0.03196217119693756,
        -0.3570405840873718,
        -1.396954894065857,
        -0.617058277130127,
        -0.3085442781448364,
        0.5917843580245972,
        0.1959913820028305,
        -0.4874827265739441,
        -1.0162827968597412,
        0.3634381890296936,
        -0.6169560551643372,
        1.1935763359069824,
        -0.9826834201812744,
        -1.262667179107666,
        -0.16735294461250305,
        0.04224464297294617,
        -1.8188107013702393,
        -0.027472523972392082,
        -0.20070882141590118
    ],
    "transl": [
        0.06840147823095322,
        1.5896189212799072,
        -0.09830498695373535
    ],
    "left_hand_pose": [
        -1.5580251216888428,
        1.2121297121047974,
        0.9518545866012573,
        -1.2454909086227417,
        -0.5513800978660583,
        -1.7741973400115967,
        2.7397916316986084,
        -0.26550722122192383,
        -4.004770755767822,
        -2.284677028656006,
        0.3250616490840912,
        -1.6828174591064453
    ],
    "right_hand_pose": [
        -1.6893014907836914,
        1.3971394300460815,
        1.3383427858352661,
        -1.1266669034957886,
        -0.7047057151794434,
        -1.6513642072677612,
        2.922621488571167,
        -0.8359199166297913,
        -5.425344944000244,
        -2.3595621585845947,
        0.9085709452629089,
        -1.0725635290145874
    ],
    "jaw_pose": [
        0.03805986046791077,
        0.0230812169611454,
        -0.04907148703932762
    ],
    "leye_pose": [
        0.2855624556541443,
        -0.2776719927787781,
        -1.3437693119049072
    ],
    "reye_pose": [
        0.6245952844619751,
        -1.3453991413116455,
        -0.6875340938568115
    ],
    "expression": [
        -1.473972201347351,
        -0.8142384886741638,
        -0.20160090923309326,
        0.4544129967689514,
        -0.7422688603401184,
        -0.7416145205497742,
        0.034672778099775314,
        0.3469756245613098,
        -0.33022594451904297,
        0.5363829731941223
    ],
    "betas": [
        0.7346706390380859,
        -1.3884203433990479,
        0.5921152830123901,
        -2.0383360385894775,
        0.9466447830200195,
        -0.541568398475647,
        2.0594966411590576,
        -1.465659260749817,
        0.21967193484306335,
        -3.4435007572174072
    ]
}