{
    "global_orient": [
        -0.33675500750541687,
        -0.6686596870422363,
        -0.10689394176006317
    ],
    "body_pose": [
        -0.10822112113237381,
        0.07836291939020157,
        -0.11260964721441269,
        -0.25530508160591125,
        -0.3876930773258209,
        -0.0879591554403305,
        0.5409930944442749,
        0.04572385177016258,
        0.10798920691013336,
        0.7858715057373047,
        -0.05803200602531433,
        0.05547737702727318,
        0.7815080881118774,
        -0.06806835532188416,
        -0.17723217606544495,
        -0.007413091603666544,
        0.1977689117193222,
        -0.026236603036522865,
        -0.18341675400733948,
        0.1003108024597168,
        1.961975385711412e-06,
        -0.18836162984371185,
        -0.14678649604320526,
        -2.159861423933762e-06,
        -0.19017131626605988,
        0.04045955091714859,
        -0.09442590922117233,
        -5.068597488389059e-07,
        -1.0727849257818889e-06,
        -1.2061411780450726e-06,
        -2.610808905956219e-06,
        1.0299287396264845e-06,
        1.8928362806036603e-06,
        0.06843938678503036,
        0.02279875986278057,
        0.11567912995815277,
        -0.2671276926994324,
        -0.26740238070487976,
        -0.19974172115325928,
        -0.27999791502952576,
        0.4639871418476105,
        0.22266392409801483,
        -0.08996336907148361,
        -0.021753203123807907,
        -0.04832526668906212,
        -0.20655584335327148,
        -0.6903805136680603,
        -0.44161269068717957,
        -0.06390951573848724,
        1.2013907432556152,
        0.6490045189857483,
        -0.5573900938034058,
        -1.3721520900726318,
        0.9418268203735352,
        -0.39008471369743347,
        1.4599478244781494,
        -0.46905457973480225,
        -1.7223142385482788,
        -0.23143711686134338,
        0.11051469296216965,
        -1.3543384075164795,
        0.18715959787368774,
        -0.15314850211143494
    ],
    "transl": [
        0.05550765618681908,
        1.5505502223968506,
        -0.12073118984699249
    ],
    "left_hand_pose": [
        -1.5904531478881836,
        0.9842550158500671,
        1.049062728881836,
        -1.2468270063400269,
        -0.5880363583564758,
        -1.5931177139282227,
        2.964364767074585,
        -0.44863712787628174,
        -5.10714054107666,
        -2.235074043273926,
        0.09004537016153336,
        -1.4548205137252808
    ],
    "right_hand_pose": [
        -1.501367211341858,
        1.6067605018615723,
        1.2811412811279297,
        -1.0154187679290771,
        -0.9500563740730286,
        -1.3751741647720337,
        2.8854308128356934,
        -0.9158108234405518,
        -5.066829204559326,
        -1.9532393217086792,
        2.1914758682250977,
        -0.7667158842086792
    ],
    "jaw_pose": [
        0.02535540983080864,
        0.000668718945235014,
        -0.0294136181473732
    ],
    "leye_pose": [
        0.37128204107284546,
        0.19617579877376556,
        -1.2920777797698975
    ],
    "reye_pose": [
        0.2113499790430069,
        -0.318867027759552,
        -0.6879473328590393
    ],
    "expression": [
        -1.8076564073562622,
        -0.1752275824546814,
        -0.22999750077724457,
        0.3499149680137634,
        -0.5867356657981873,
        -0.8436555862426758,
        -0.0015024645254015923,
        0.43831658363342285,
        -0.06495845317840576,
        0.5064737796783447
    ],
    "betas": [
        0.7346706390380859,
        -1.3884203433990479,
        0.5921152830123901,
        -2.0383360385894775,
        0.9466447830200195,
        -0.541568398475647,
        2.0594966411590576,
        -1.465659260749817,
        0.21967193484306335,
        -3.4435007572174072
    ]
}