{
    "global_orient": [
        -0.2666102349758148,
        -0.8497630953788757,
        -0.11946538090705872
    ],
    "body_pose": [
        -0.18504704535007477,
        0.09712056070566177,
        -0.12866291403770447,
        -0.3030899465084076,
        -0.47430628538131714,
        -0.043909281492233276,
        0.6267041563987732,
        0.0836334079504013,
        -0.008532200008630753,
        0.8005044460296631,
        0.014961948618292809,
        0.25543075799942017,
        0.8149138689041138,
        -0.055868249386548996,
        -0.09685155004262924,
        -0.06077472120523453,
        0.1751779317855835,
        0.08912259340286255,
        -0.23771783709526062,
        0.2535141408443451,
        2.438327328491141e-06,
        -0.26648056507110596,
        -0.029222894459962845,
        -2.576371343820938e-06,
        -0.20741406083106995,
        0.10633208602666855,
        -0.08432303369045258,
        -6.830651955169742e-07,
        -3.797715919517941e-07,
        -7.458819482053514e-07,
        -2.343289679629379e-06,
        8.218358402700687e-07,
        2.1878699953958858e-06,
        0.09201163053512573,
        0.10325600206851959,
        0.05675223097205162,
        -0.27562183141708374,
        -0.2062913477420807,
        -0.21422314643859863,
        -0.27135419845581055,
        0.5041223168373108,
        0.09865790605545044,
        -0.0998946875333786,
        0.03193672373890877,
        -0.04641098901629448,
        -0.2629682421684265,
        -0.49062347412109375,
        -0.5134583115577698,
        -0.11675151437520981,
        1.2170264720916748,
        0.7933183908462524,
        -0.6094449758529663,
        -1.3000441789627075,
        0.9476356506347656,
        -0.3606177866458893,
        1.4111926555633545,
        -0.14463454484939575,
        -1.8192620277404785,
        -0.22811239957809448,
        0.15682661533355713,
        -1.043161153793335,
        0.12593744695186615,
        -0.10208423435688019
    ],
    "transl": [
        0.03159508854150772,
        1.5439389944076538,
        -0.14388005435466766
    ],
    "left_hand_pose": [
        -1.6025968790054321,
        1.073305368423462,
        0.9141180515289307,
        -1.3413727283477783,
        -0.4804812967777252,
        -1.675575852394104,
        2.808506965637207,
        -0.3985844850540161,
        -4.6392011642456055,
        -2.1645939350128174,
        0.5319616198539734,
        -1.4967951774597168
    ],
    "right_hand_pose": [
        -1.5207918882369995,
        1.4344836473464966,
        1.0126292705535889,
        -1.1206438541412354,
        -0.9044778347015381,
        -0.9266009330749512,
        3.0040104389190674,
        -1.0567816495895386,
        -4.655552387237549,
        -1.952195644378662,
        1.9829349517822266,
        -0.9741395711898804
    ],
    "jaw_pose": [
        0.037053000181913376,
        0.01564437709748745,
        -0.022412657737731934
    ],
    "leye_pose": [
        0.39530086517333984,
        0.29341915249824524,
        -1.025255560874939
    ],
    "reye_pose": [
        0.035555463284254074,
        -0.14333650469779968,
        -0.6597054600715637
    ],
    "expression": [
        -1.1011525392532349,
        -0.3174969553947449,
        -0.15963637828826904,
        0.09661637991666794,
        -0.5297715663909912,
        -0.8201544880867004,
        -0.1292852908372879,
        0.5199987888336182,
        -0.16401879489421844,
        0.3590010404586792
    ],
    "betas": [
        0.7346706390380859,
        -1.3884203433990479,
        0.5921152830123901,
        -2.0383360385894775,
        0.9466447830200195,
        -0.541568398475647,
        2.0594966411590576,
        -1.465659260749817,
        0.21967193484306335,
        -3.4435007572174072
    ]
}