{
    "global_orient": [
        -0.36835747957229614,
        0.16505931317806244,
        0.013174528256058693
    ],
    "body_pose": [
        -0.21902449429035187,
        0.7418633103370667,
        0.2936743199825287,
        -0.1219424158334732,
        0.1044921725988388,
        0.3082830011844635,
        0.5497260689735413,
        -0.41300874948501587,
        -0.14852744340896606,
        0.9662233591079712,
        -0.09968691319227219,
        -0.02367580495774746,
        0.958693265914917,
        0.03211672604084015,
        -0.3381570875644684,
        0.006845612544566393,
        -0.08839747309684753,
        0.07839227467775345,
        -0.39752906560897827,
        0.01945553719997406,
        2.110927653120598e-06,
        -0.3672250509262085,
        -0.1046597883105278,
        -3.663984443846857e-06,
        -0.22545816004276276,
        -0.10615314543247223,
        0.10276021808385849,
        -1.475778503845504e-06,
        -5.871859798389778e-07,
        -3.4293782391614513e-07,
        -1.2068086334693362e-06,
        4.653070391213987e-07,
        1.8667074073164258e-06,
        0.13764746487140656,
        0.04775947704911232,
        -0.08410122990608215,
        -0.19588477909564972,
        -0.44179290533065796,
        -0.21937964856624603,
        -0.18446418642997742,
        0.029082631692290306,
        0.2721702754497528,
        -0.03681199252605438,
        0.0859287679195404,
        -0.0013107049744576216,
        -0.09038245677947998,
        -1.1942613124847412,
        -0.882859468460083,
        -0.15676116943359375,
        0.39522358775138855,
        0.5465981364250183,
        -0.3858639597892761,
        -1.3293492794036865,
        0.17675413191318512,
        -0.5568767189979553,
        1.3702741861343384,
        -0.8656480312347412,
        -1.1973634958267212,
        -0.22039809823036194,
        0.006962489802390337,
        -1.8436574935913086,
        0.14573810994625092,
        -0.12940415740013123
    ],
    "transl": [
        0.07660900801420212,
        1.5075544118881226,
        -0.10295575857162476
    ],
    "left_hand_pose": [
        -1.5266554355621338,
        0.804214358329773,
        0.9849816560745239,
        -1.130313754081726,
        -0.3183480203151703,
        -1.1879839897155762,
        2.3953139781951904,
        -0.7378151416778564,
        -4.5115814208984375,
        -2.8888702392578125,
        -0.553551435470581,
        -2.8129687309265137
    ],
    "right_hand_pose": [
        -1.3921377658843994,
        1.7263902425765991,
        1.2000516653060913,
        -1.1755534410476685,
        -0.6095350384712219,
        -1.5405535697937012,
        3.2581613063812256,
        -0.8920249938964844,
        -5.148158550262451,
        -1.7692331075668335,
        2.8645520210266113,
        -0.30418860912323
    ],
    "jaw_pose": [
        0.03545939549803734,
        0.011588728986680508,
        -0.04865926876664162
    ],
    "leye_pose": [
        0.37249597907066345,
        -0.06933745741844177,
        -1.3070480823516846
    ],
    "reye_pose": [
        0.4845685064792633,
        -0.709044873714447,
        -0.5528774857521057
    ],
    "expression": [
        -1.8602386713027954,
        -0.6604582071304321,
        -0.5713807344436646,
        0.21745437383651733,
        -0.5659216046333313,
        -0.9770918488502502,
        -0.05306873470544815,
        0.42810532450675964,
        -0.19508080184459686,
        0.6747974157333374
    ],
    "betas": [
        0.7346706390380859,
        -1.3884203433990479,
        0.5921152830123901,
        -2.0383360385894775,
        0.9466447830200195,
        -0.541568398475647,
        2.0594966411590576,
        -1.465659260749817,
        0.21967193484306335,
        -3.4435007572174072
    ]
}