{
    "global_orient": [
        -0.25651124119758606,
        -0.5076327919960022,
        -0.029467608779668808
    ],
    "body_pose": [
        -0.1871025115251541,
        0.188001811504364,
        -0.1399579495191574,
        -0.26838696002960205,
        -0.15346670150756836,
        -0.020110640674829483,
        0.5779497027397156,
        0.15393668413162231,
        0.08065320551395416,
        0.6684708595275879,
        -0.1804439127445221,
        0.1790136694908142,
        0.7280614972114563,
        -0.15830084681510925,
        -0.07092482596635818,
        -0.04936926066875458,
        0.13347436487674713,
        0.0045671178959310055,
        -0.1006682813167572,
        0.10319872945547104,
        1.4359346778292092e-06,
        -0.18521372973918915,
        -0.25612133741378784,
        -2.6628376872395165e-06,
        -0.17343254387378693,
        -0.03893674165010452,
        -0.06638669967651367,
        -2.0849350690355095e-08,
        -1.0532696705922717e-06,
        -1.0109151844517328e-06,
        -1.4438584230447304e-06,
        4.918823037769471e-07,
        1.8135489199266885e-06,
        0.023011276498436928,
        -0.0051612770184874535,
        0.046495530754327774,
        -0.25876909494400024,
        -0.38298431038856506,
        -0.1697104126214981,
        -0.2531323730945587,
        0.36335739493370056,
        -0.05618317797780037,
        -0.1476922333240509,
        -0.010178418830037117,
        -0.04760744795203209,
        -0.2278454601764679,
        -0.7403135299682617,
        -0.5388324856758118,
        -0.05321134254336357,
        1.1306121349334717,
        0.3712305724620819,
        -0.5269436240196228,
        -1.3197768926620483,
        0.9035316109657288,
        -0.4493725299835205,
        1.3813756704330444,
        -0.57208251953125,
        -1.693141222000122,
        -0.2894836664199829,
        0.1447618305683136,
        -1.3581149578094482,
        0.22709234058856964,
        -0.17684412002563477
    ],
    "transl": [
        0.03284771740436554,
        1.5659096240997314,
        -0.14797267317771912
    ],
    "left_hand_pose": [
        -1.643784523010254,
        1.0957943201065063,
        1.080560326576233,
        -1.3106597661972046,
        -0.3240916132926941,
        -1.4700744152069092,
        2.6760754585266113,
        -0.7211508750915527,
        -4.800943851470947,
        -2.3654708862304688,
        0.21014726161956787,
        -1.5408014059066772
    ],
    "right_hand_pose": [
        -1.4729424715042114,
        1.5103670358657837,
        1.2385021448135376,
        -1.216485619544983,
        -0.6744782328605652,
        -1.0748506784439087,
        2.699131488800049,
        -1.078814148902893,
        -4.928804874420166,
        -2.1660091876983643,
        2.1715619564056396,
        -1.2792150974273682
    ],
    "jaw_pose": [
        0.035433441400527954,
        0.006060787942260504,
        -0.03315051272511482
    ],
    "leye_pose": [
        0.45008182525634766,
        0.06875815987586975,
        -1.541366696357727
    ],
    "reye_pose": [
        0.17788313329219818,
        -0.43522486090660095,
        -0.5545351505279541
    ],
    "expression": [
        -1.421395182609558,
        -0.18297544121742249,
        -0.06796276569366455,
        0.35208603739738464,
        -0.5241184830665588,
        -0.7820008993148804,
        -0.03174471855163574,
        0.47485125064849854,
        -0.11965548247098923,
        0.4025757610797882
    ],
    "betas": [
        0.7346706390380859,
        -1.3884203433990479,
        0.5921152830123901,
        -2.0383360385894775,
        0.9466447830200195,
        -0.541568398475647,
        2.0594966411590576,
        -1.465659260749817,
        0.21967193484306335,
        -3.4435007572174072
    ]
}