{
    "global_orient": [
        -0.38371241092681885,
        -0.7862633466720581,
        -0.164052352309227
    ],
    "body_pose": [
        -0.17875540256500244,
        0.12175460159778595,
        -0.1656506061553955,
        -0.36880138516426086,
        -0.6138119101524353,
        -0.052845537662506104,
        0.8567113876342773,
        0.08481966704130173,
        0.06264703720808029,
        1.0810856819152832,
        0.012909979559481144,
        0.30643707513809204,
        1.072693109512329,
        0.08776290714740753,
        -0.26709556579589844,
        -0.05868306756019592,
        0.1995336264371872,
        0.005197346676141024,
        -0.4555310010910034,
        0.2573484778404236,
        3.3642829748714576e-06,
        -0.43469250202178955,
        0.12065720558166504,
        -3.1870536076894496e-06,
        -0.2151610404253006,
        0.08411351591348648,
        -0.12253996729850769,
        -8.858497153596545e-07,
        -9.857362215370813e-08,
        -1.1279674936304218e-06,
        -2.0680840862041805e-06,
        9.901157227432122e-07,
        2.1902974367549177e-06,
        0.008942839689552784,
        0.044433511793613434,
        0.18739289045333862,
        -0.19394932687282562,
        -0.09339557588100433,
        -0.23350371420383453,
        -0.2414558082818985,
        0.40644168853759766,
        0.29415127635002136,
        -0.06435933709144592,
        -0.021796036511659622,
        -0.12008213251829147,
        -0.12911155819892883,
        -0.5458003282546997,
        -0.5069271326065063,
        -0.02821694128215313,
        1.2379335165023804,
        0.879325807094574,
        -0.548448383808136,
        -1.4225192070007324,
        0.9275569319725037,
        -0.2998443841934204,
        1.4517452716827393,
        -0.06510645151138306,
        -1.8303465843200684,
        -0.25298866629600525,
        0.10776389390230179,
        -1.03860604763031,
        0.28428053855895996,
        -0.013314753770828247
    ],
    "transl": [
        0.053984612226486206,
        1.4784104824066162,
        -0.14097800850868225
    ],
    "left_hand_pose": [
        -1.5015099048614502,
        0.9669455885887146,
        1.0699089765548706,
        -1.207305669784546,
        -0.2396056056022644,
        -1.5293880701065063,
        2.7132039070129395,
        -0.5977033972740173,
        -5.048117160797119,
        -2.3965370655059814,
        0.20596005022525787,
        -1.6057071685791016
    ],
    "right_hand_pose": [
        -1.4500411748886108,
        1.3521032333374023,
        1.1929543018341064,
        -1.590604543685913,
        -0.07580666244029999,
        -0.9314282536506653,
        2.8940670490264893,
        -1.3732306957244873,
        -4.646515369415283,
        -2.4042928218841553,
        2.8202288150787354,
        -1.5999047756195068
    ],
    "jaw_pose": [
        0.02460557408630848,
        0.013821079395711422,
        -0.03328248858451843
    ],
    "leye_pose": [
        0.37007975578308105,
        0.26236268877983093,
        -1.2822027206420898
    ],
    "reye_pose": [
        0.23268373310565948,
        -0.30822277069091797,
        -0.6051247119903564
    ],
    "expression": [
        -1.60318124294281,
        -0.4377380907535553,
        -0.32363104820251465,
        0.20726974308490753,
        -0.5029556155204773,
        -0.9505475759506226,
        -0.08024128526449203,
        0.49909424781799316,
        -0.1763274073600769,
        0.4907005727291107
    ],
    "betas": [
        0.7346706390380859,
        -1.3884203433990479,
        0.5921152830123901,
        -2.0383360385894775,
        0.9466447830200195,
        -0.541568398475647,
        2.0594966411590576,
        -1.465659260749817,
        0.21967193484306335,
        -3.4435007572174072
    ]
}