{
    "global_orient": [
        -0.272352010011673,
        -0.618941068649292,
        -0.058725468814373016
    ],
    "body_pose": [
        -0.19342809915542603,
        0.1803981512784958,
        -0.1522979587316513,
        -0.29511457681655884,
        -0.24677254259586334,
        -0.02237848751246929,
        0.6076744198799133,
        0.16311313211917877,
        0.056579213589429855,
        0.7497532963752747,
        -0.12681840360164642,
        0.25350701808929443,
        0.8046388626098633,
        -0.16119028627872467,
        -0.11030787229537964,
        -0.04508904740214348,
        0.14238344132900238,
        0.06631581485271454,
        -0.20212671160697937,
        0.12367857247591019,
        2.6306972813472385e-06,
        -0.2532239854335785,
        -0.2400614470243454,
        -3.4449019494786626e-06,
        -0.17673687636852264,
        0.025169212371110916,
        -0.12377586960792542,
        1.7345954006486863e-07,
        -1.042581402543874e-06,
        -1.2120891597078298e-06,
        -1.5450725641130703e-06,
        1.0765874094431638e-06,
        1.7924487565323943e-06,
        0.023539675399661064,
        0.016196751967072487,
        0.07795123010873795,
        -0.26243898272514343,
        -0.3356243073940277,
        -0.1561945378780365,
        -0.27115657925605774,
        0.3826196789741516,
        0.00083825463661924,
        -0.15633410215377808,
        -0.027727006003260612,
        -0.05049123987555504,
        -0.27618131041526794,
        -0.6193154454231262,
        -0.5621407628059387,
        -0.16849137842655182,
        1.2082083225250244,
        0.5855012536048889,
        -0.551708459854126,
        -1.3058462142944336,
        0.9724735021591187,
        -0.4025643467903137,
        1.4359830617904663,
        -0.33796051144599915,
        -1.789758324623108,
        -0.26374542713165283,
        0.13239963352680206,
        -1.143646240234375,
        0.15807636082172394,
        -0.13103824853897095
    ],
    "transl": [
        0.027603400871157646,
        1.5480024814605713,
        -0.14744383096694946
    ],
    "left_hand_pose": [
        -1.6234087944030762,
        1.0438493490219116,
        0.9059175848960876,
        -1.398750901222229,
        -0.5248169898986816,
        -1.5520470142364502,
        2.7425382137298584,
        -0.4623444974422455,
        -4.594568729400635,
        -2.0176215171813965,
        0.6001986265182495,
        -1.643548846244812
    ],
    "right_hand_pose": [
        -1.4791197776794434,
        1.4527260065078735,
        0.9196064472198486,
        -0.9557827115058899,
        -0.9712300300598145,
        -0.7479948401451111,
        2.46555757522583,
        -0.9839256405830383,
        -3.7529964447021484,
        -1.6887614727020264,
        2.6637918949127197,
        -1.394638180732727
    ],
    "jaw_pose": [
        0.03788047283887863,
        0.0024797418154776096,
        -0.028107648715376854
    ],
    "leye_pose": [
        0.5806151032447815,
        0.34201526641845703,
        -1.2609326839447021
    ],
    "reye_pose": [
        0.000882256543263793,
        -0.1196659505367279,
        -0.6588834524154663
    ],
    "expression": [
        -1.4413580894470215,
        -0.10316359251737595,
        0.16507355868816376,
        0.40897631645202637,
        -0.4670647084712982,
        -0.7234253287315369,
        0.010828271508216858,
        0.3943275809288025,
        -0.049255553632974625,
        0.3302677869796753
    ],
    "betas": [
        0.7346706390380859,
        -1.3884203433990479,
        0.5921152830123901,
        -2.0383360385894775,
        0.9466447830200195,
        -0.541568398475647,
        2.0594966411590576,
        -1.465659260749817,
        0.21967193484306335,
        -3.4435007572174072
    ]
}