{
    "global_orient": [
        -0.34612759947776794,
        -0.32303115725517273,
        -0.09151126444339752
    ],
    "body_pose": [
        -0.16282647848129272,
        0.3890136182308197,
        0.15411771833896637,
        -0.1942790299654007,
        -0.19804899394512177,
        0.1343918740749359,
        0.5731723308563232,
        -0.1602758765220642,
        -0.04653136804699898,
        0.8362142443656921,
        0.08398205786943436,
        0.04167834669351578,
        0.7948853373527527,
        0.003790112677961588,
        -0.24879567325115204,
        0.02170523814857006,
        0.001760574639774859,
        0.10195108503103256,
        -0.2590267062187195,
        0.27116185426712036,
        1.51401604853163e-06,
        -0.22785596549510956,
        -0.09041992574930191,
        -2.6566863198240753e-06,
        -0.13719850778579712,
        -0.04598269611597061,
        0.06291964650154114,
        -1.6612129911663942e-06,
        -2.1660477500518027e-07,
        -3.578467442366673e-07,
        -2.340861783522996e-06,
        4.869879148827749e-07,
        1.5992860653568641e-06,
        0.0180378258228302,
        0.08574332296848297,
        0.01050615031272173,
        -0.15522141754627228,
        -0.2976989150047302,
        -0.1453733593225479,
        -0.17203621566295624,
        0.2063947468996048,
        0.27776938676834106,
        -0.007057454437017441,
        0.0357540026307106,
        -0.05359342694282532,
        -0.047831758856773376,
        -0.9210184216499329,
        -0.5881372094154358,
        -0.03529892489314079,
        0.8476353883743286,
        0.6659222841262817,
        -0.4495002031326294,
        -1.5389676094055176,
        0.5525033473968506,
        -0.417964369058609,
        1.573119878768921,
        -0.6051194667816162,
        -1.49222731590271,
        -0.22497349977493286,
        0.03343639895319939,
        -1.5182009935379028,
        0.21419210731983185,
        -0.08799069374799728
    ],
    "transl": [
        0.06745783239603043,
        1.541964054107666,
        -0.12540403008460999
    ],
    "left_hand_pose": [
        -1.510265588760376,
        0.9826210141181946,
        1.053990364074707,
        -1.1362205743789673,
        -0.3890002965927124,
        -1.66313636302948,
        2.581904649734497,
        -0.38076692819595337,
        -4.519113540649414,
        -2.598113536834717,
        -0.3852020800113678,
        -2.164235830307007
    ],
    "right_hand_pose": [
        -1.462999939918518,
        1.501865029335022,
        1.3069292306900024,
        -1.5151543617248535,
        -0.3481614291667938,
        -1.3990646600723267,
        3.4104294776916504,
        -1.3133705854415894,
        -6.2114033699035645,
        -2.611077308654785,
        2.3507330417633057,
        -1.4782379865646362
    ],
    "jaw_pose": [
        0.02867560274899006,
        0.011798557825386524,
        -0.032455336302518845
    ],
    "leye_pose": [
        0.27897775173187256,
        0.30375707149505615,
        -1.1730525493621826
    ],
    "reye_pose": [
        0.24194952845573425,
        -0.343237042427063,
        -0.5791718363761902
    ],
    "expression": [
        -1.8020532131195068,
        -0.49334535002708435,
        -0.4978104531764984,
        0.0739152729511261,
        -0.5320528149604797,
        -0.9892602562904358,
        -0.12566232681274414,
        0.47579729557037354,
        -0.19676901400089264,
        0.5447631478309631
    ],
    "betas": [
        0.7346706390380859,
        -1.3884203433990479,
        0.5921152830123901,
        -2.0383360385894775,
        0.9466447830200195,
        -0.541568398475647,
        2.0594966411590576,
        -1.465659260749817,
        0.21967193484306335,
        -3.4435007572174072
    ]
}