{
    "global_orient": [
        -0.33050429821014404,
        -0.7605478167533875,
        -0.12385421246290207
    ],
    "body_pose": [
        -0.10936487466096878,
        0.11270960420370102,
        -0.1370260864496231,
        -0.2765502333641052,
        -0.46475934982299805,
        -0.1095399409532547,
        0.5292754173278809,
        0.07443839311599731,
        0.10914880782365799,
        0.8067301511764526,
        -0.06249534338712692,
        0.1246032565832138,
        0.799755334854126,
        -0.0473942831158638,
        -0.18291962146759033,
        -0.006434028036892414,
        0.1905735731124878,
        0.00022622497635893524,
        -0.25369563698768616,
        0.08373033255338669,
        1.548942918816465e-06,
        -0.17443345487117767,
        -0.10418102890253067,
        -1.8599292843646253e-06,
        -0.1953965574502945,
        0.09149880707263947,
        -0.09864988178014755,
        -8.190247626771452e-07,
        -9.305999242315011e-07,
        -8.988317858893424e-07,
        -2.789305881378823e-06,
        1.2214434264024021e-06,
        1.7551915334479418e-06,
        0.07884222269058228,
        0.021628545597195625,
        0.12252913415431976,
        -0.2640235722064972,
        -0.26491865515708923,
        -0.20289917290210724,
        -0.27935945987701416,
        0.4720977544784546,
        0.24190329015254974,
        -0.10447342693805695,
        -0.014885841868817806,
        -0.03010784275829792,
        -0.21751637756824493,
        -0.6457855701446533,
        -0.393300324678421,
        -0.11437118798494339,
        1.2458958625793457,
        0.7321385741233826,
        -0.5897818803787231,
        -1.3420392274856567,
        0.9793804287910461,
        -0.373189777135849,
        1.4649592638015747,
        -0.28879472613334656,
        -1.7968199253082275,
        -0.2243800163269043,
        0.1418876200914383,
        -1.2234394550323486,
        0.22112388908863068,
        -0.13390202820301056
    ],
    "transl": [
        0.05134696513414383,
        1.5470958948135376,
        -0.11590622365474701
    ],
    "left_hand_pose": [
        -1.632298469543457,
        0.8825608491897583,
        1.101516604423523,
        -1.1595841646194458,
        -0.6052900552749634,
        -1.6301594972610474,
        2.871091604232788,
        -0.5133578181266785,
        -5.310004711151123,
        -2.4497616291046143,
        -0.12400338798761368,
        -1.7654584646224976
    ],
    "right_hand_pose": [
        -1.563895583152771,
        1.3678004741668701,
        1.2194091081619263,
        -1.3531978130340576,
        -0.34016329050064087,
        -0.95867919921875,
        2.722320079803467,
        -1.0861437320709229,
        -4.564481735229492,
        -2.1538658142089844,
        2.1406805515289307,
        -1.225744366645813
    ],
    "jaw_pose": [
        0.02996383234858513,
        0.002526934491470456,
        -0.02699829638004303
    ],
    "leye_pose": [
        0.44078144431114197,
        0.07521115243434906,
        -1.395146131515503
    ],
    "reye_pose": [
        0.11451324075460434,
        -0.12667836248874664,
        -0.5676486492156982
    ],
    "expression": [
        -1.6952284574508667,
        -0.22082041203975677,
        -0.22166448831558228,
        0.28174856305122375,
        -0.5722774267196655,
        -0.8520859479904175,
        -0.0547017976641655,
        0.448441743850708,
        -0.08686269074678421,
        0.5063341856002808
    ],
    "betas": [
        0.7346706390380859,
        -1.3884203433990479,
        0.5921152830123901,
        -2.0383360385894775,
        0.9466447830200195,
        -0.541568398475647,
        2.0594966411590576,
        -1.465659260749817,
        0.21967193484306335,
        -3.4435007572174072
    ]
}