{
    "global_orient": [
        -0.18477077782154083,
        -0.029986266046762466,
        -0.05028238147497177
    ],
    "body_pose": [
        -0.16741734743118286,
        0.347550630569458,
        0.13703788816928864,
        -0.14133985340595245,
        0.07627858221530914,
        0.14495974779129028,
        0.33403292298316956,
        -0.249063640832901,
        -0.02953745238482952,
        0.5046029090881348,
        0.09608801454305649,
        -0.08312349766492844,
        0.5011193156242371,
        -0.033512700349092484,
        -0.10517571121454239,
        -0.050638336688280106,
        -0.08103509247303009,
        0.02836007811129093,
        -0.1102379783987999,
        0.21880529820919037,
        1.44040100735765e-07,
        -0.07928495109081268,
        -0.17260678112506866,
        -1.4790240356887807e-06,
        -0.173012375831604,
        -0.08833596110343933,
        0.09004458785057068,
        -1.1391625776013825e-06,
        -6.576734108421078e-07,
        -1.4367040535034903e-07,
        -1.5334522913690307e-06,
        2.655492323810904e-07,
        4.972176270712225e-07,
        0.0880621075630188,
        0.04595943167805672,
        -0.029594257473945618,
        -0.31735900044441223,
        -0.5346683859825134,
        0.06814950704574585,
        -0.2957010269165039,
        0.3452378213405609,
        0.06805942207574844,
        -0.13211269676685333,
        0.06590467691421509,
        -0.055516503751277924,
        -0.33142003417015076,
        -1.2530338764190674,
        -0.5490065217018127,
        -0.2828458845615387,
        0.7423518896102905,
        0.35890820622444153,
        -0.48592323064804077,
        -1.127209186553955,
        0.4612005650997162,
        -0.5722513794898987,
        1.2964831590652466,
        -0.9754917025566101,
        -1.3713794946670532,
        -0.14775879681110382,
        0.06278566271066666,
        -1.791082739830017,
        0.021574055776000023,
        -0.16685226559638977
    ],
    "transl": [
        0.06416483223438263,
        1.6008762121200562,
        -0.10377749800682068
    ],
    "left_hand_pose": [
        -1.548534631729126,
        0.9949896335601807,
        1.0278286933898926,
        -1.0493485927581787,
        -0.7140694856643677,
        -1.5293269157409668,
        2.5349271297454834,
        -0.300117164850235,
        -3.8123257160186768,
        -2.075103521347046,
        0.2936438322067261,
        -1.5662776231765747
    ],
    "right_hand_pose": [
        -1.5904057025909424,
        1.3903084993362427,
        1.4001383781433105,
        -1.0688987970352173,
        -0.7222670912742615,
        -1.827190637588501,
        3.4841859340667725,
        -0.8667345643043518,
        -6.263987064361572,
        -2.4586031436920166,
        1.0871834754943848,
        -0.913103461265564
    ],
    "jaw_pose": [
        0.03183462843298912,
        0.012230348773300648,
        -0.043417226523160934
    ],
    "leye_pose": [
        0.416930615901947,
        0.2882991135120392,
        -0.7852022647857666
    ],
    "reye_pose": [
        0.261045902967453,
        -0.7071322202682495,
        -1.0988056659698486
    ],
    "expression": [
        -1.1635276079177856,
        -0.900174617767334,
        -0.3668011724948883,
        0.09007210284471512,
        -0.4765350818634033,
        -0.6600095629692078,
        -0.03785497695207596,
        0.3456384837627411,
        -0.2392003834247589,
        0.37034985423088074
    ],
    "betas": [
        0.7346706390380859,
        -1.3884203433990479,
        0.5921152830123901,
        -2.0383360385894775,
        0.9466447830200195,
        -0.541568398475647,
        2.0594966411590576,
        -1.465659260749817,
        0.21967193484306335,
        -3.4435007572174072
    ]
}