{
    "global_orient": [
        -0.37690800428390503,
        0.15616700053215027,
        0.06184940040111542
    ],
    "body_pose": [
        -0.2992994487285614,
        0.742708683013916,
        0.11414980888366699,
        -0.19084054231643677,
        0.1916559934616089,
        0.3584859371185303,
        0.819183886051178,
        -0.35916540026664734,
        -0.1327538639307022,
        1.0729680061340332,
        -0.19273637235164642,
        0.1066761314868927,
        1.0820740461349487,
        0.007946065627038479,
        -0.43421831727027893,
        -0.14983323216438293,
        0.10262367129325867,
        0.035038549453020096,
        -0.5285361409187317,
        -0.16305190324783325,
        4.582033398037311e-06,
        -0.4169614017009735,
        -0.17963124811649323,
        -3.3414328299841145e-06,
        -0.19965870678424835,
        -0.11012690514326096,
        0.048308100551366806,
        -1.6217574057009188e-06,
        3.3366168850079703e-07,
        2.4239105300694064e-07,
        -1.473300471843686e-06,
        5.824556410516379e-07,
        2.6719242214312544e-06,
        0.09164363145828247,
        -0.01603517308831215,
        -0.03082996979355812,
        -0.2078845500946045,
        -0.5555315613746643,
        -0.049203526228666306,
        -0.2044430673122406,
        0.08348055183887482,
        0.2650085985660553,
        -0.12979139387607574,
        0.0032353836577385664,
        0.01132337935268879,
        -0.14187289774417877,
        -1.3309298753738403,
        -0.8118736147880554,
        -0.20498880743980408,
        0.3890492916107178,
        0.5371645092964172,
        -0.40209779143333435,
        -1.2570009231567383,
        0.17440643906593323,
        -0.5960994362831116,
        1.3359633684158325,
        -0.9680554866790771,
        -1.0160105228424072,
        -0.25896984338760376,
        0.05484748259186745,
        -1.8616725206375122,
        0.11502592265605927,
        -0.10187499225139618
    ],
    "transl": [
        0.07517340034246445,
        1.477074146270752,
        -0.13704685866832733
    ],
    "left_hand_pose": [
        -1.5730873346328735,
        0.8928987383842468,
        0.8832366466522217,
        -1.0757827758789062,
        -0.41378843784332275,
        -1.1025663614273071,
        2.1805312633514404,
        -0.5875289440155029,
        -3.9272584915161133,
        -2.512303113937378,
        -0.4727296531200409,
        -2.5204131603240967
    ],
    "right_hand_pose": [
        -1.5236406326293945,
        1.5769696235656738,
        1.276197075843811,
        -1.2804279327392578,
        -0.516905665397644,
        -1.6918171644210815,
        3.167436361312866,
        -0.832743763923645,
        -4.980110168457031,
        -2.1545472145080566,
        1.8919645547866821,
        -1.1175020933151245
    ],
    "jaw_pose": [
        0.025706032291054726,
        0.005670960061252117,
        -0.03232412412762642
    ],
    "leye_pose": [
        0.13556204736232758,
        0.17264191806316376,
        -1.365099310874939
    ],
    "reye_pose": [
        0.12226594984531403,
        -0.5833240151405334,
        -0.6565839052200317
    ],
    "expression": [
        -1.6530312299728394,
        -0.34849563241004944,
        -0.14612199366092682,
        0.36023539304733276,
        -0.5686067938804626,
        -0.7533546090126038,
        -0.02348863147199154,
        0.3700597882270813,
        -0.1978650987148285,
        0.4936213791370392
    ],
    "betas": [
        0.7346706390380859,
        -1.3884203433990479,
        0.5921152830123901,
        -2.0383360385894775,
        0.9466447830200195,
        -0.541568398475647,
        2.0594966411590576,
        -1.465659260749817,
        0.21967193484306335,
        -3.4435007572174072
    ]
}