{
    "global_orient": [
        -0.3521580994129181,
        0.25062334537506104,
        0.030605105683207512
    ],
    "body_pose": [
        -0.19820623099803925,
        0.7367472648620605,
        0.2785208225250244,
        -0.10190153121948242,
        0.22415441274642944,
        0.291523277759552,
        0.5216721296310425,
        -0.3781423270702362,
        -0.11801383644342422,
        0.8983890414237976,
        -0.13679347932338715,
        -0.06697443127632141,
        0.8829440474510193,
        -0.044874802231788635,
        -0.251118540763855,
        -0.00042223173659294844,
        -0.08971501886844635,
        0.0526459738612175,
        -0.3028201460838318,
        -0.019461413845419884,
        1.0976933708661818e-06,
        -0.33517250418663025,
        -0.16586463153362274,
        -2.7871931251866044e-06,
        -0.2495950609445572,
        -0.14122486114501953,
        0.061607107520103455,
        -1.769121695360809e-06,
        -4.907030870526796e-07,
        1.0939030659073978e-07,
        -1.7205475160153583e-06,
        4.14836080153691e-07,
        1.4488043689198093e-06,
        0.17102038860321045,
        0.02324781008064747,
        -0.09782620519399643,
        -0.1786409169435501,
        -0.4882417619228363,
        -0.2550432085990906,
        -0.21424394845962524,
        -0.005049049388617277,
        0.23781666159629822,
        -0.06782720237970352,
        0.04532165825366974,
        0.022412331774830818,
        -0.09846138209104538,
        -1.2157940864562988,
        -0.9103409647941589,
        -0.17096471786499023,
        0.36829447746276855,
        0.502601683139801,
        -0.34116262197494507,
        -1.2795873880386353,
        0.11125769466161728,
        -0.5419681668281555,
        1.35214102268219,
        -0.8212162256240845,
        -1.1567012071609497,
        -0.25122758746147156,
        0.046452946960926056,
        -1.8462190628051758,
        0.11219707876443863,
        -0.08362546563148499
    ],
    "transl": [
        0.07790679484605789,
        1.5264286994934082,
        -0.10429465770721436
    ],
    "left_hand_pose": [
        -1.5106775760650635,
        0.9082237482070923,
        0.9792944192886353,
        -1.1282281875610352,
        -0.563048243522644,
        -1.5194803476333618,
        2.584136724472046,
        -0.6245248913764954,
        -4.5090813636779785,
        -2.921607494354248,
        -0.5656283497810364,
        -2.733802556991577
    ],
    "right_hand_pose": [
        -1.4625111818313599,
        1.6463229656219482,
        1.2088298797607422,
        -1.3754220008850098,
        -0.4907435476779938,
        -1.5254586935043335,
        3.282947540283203,
        -0.9056802988052368,
        -5.249241352081299,
        -1.9270151853561401,
        2.5976743698120117,
        -0.6232166886329651
    ],
    "jaw_pose": [
        0.033428091555833817,
        0.011389060877263546,
        -0.042995795607566833
    ],
    "leye_pose": [
        0.2854158580303192,
        0.006092301569879055,
        -1.1433569192886353
    ],
    "reye_pose": [
        0.30351975560188293,
        -0.4635036289691925,
        -0.5318065285682678
    ],
    "expression": [
        -1.8146278858184814,
        -0.5652360916137695,
        -0.4038066565990448,
        0.24980629980564117,
        -0.590080976486206,
        -0.9125934839248657,
        -0.005194792523980141,
        0.422764390707016,
        -0.1851538121700287,
        0.6199134588241577
    ],
    "betas": [
        0.7346706390380859,
        -1.3884203433990479,
        0.5921152830123901,
        -2.0383360385894775,
        0.9466447830200195,
        -0.541568398475647,
        2.0594966411590576,
        -1.465659260749817,
        0.21967193484306335,
        -3.4435007572174072
    ]
}