{
    "global_orient": [
        -0.3346100449562073,
        -0.11590849608182907,
        -0.04024093225598335
    ],
    "body_pose": [
        -0.28709903359413147,
        0.4781355857849121,
        0.1462101936340332,
        -0.2449606955051422,
        0.02209833450615406,
        0.27242687344551086,
        0.6978567242622375,
        -0.32645103335380554,
        -0.16156943142414093,
        0.9470552802085876,
        -0.026941882446408272,
        0.05755951628088951,
        0.9416441917419434,
        0.0470891073346138,
        -0.27780503034591675,
        -0.049255114048719406,
        0.10012630373239517,
        0.10305172204971313,
        -0.3850453495979309,
        0.10509588569402695,
        3.067870920858695e-06,
        -0.3526546359062195,
        -0.12129171937704086,
        -3.4545887501735706e-06,
        -0.14101311564445496,
        -0.015730783343315125,
        0.05665004998445511,
        -1.662427166593261e-06,
        2.493081581178558e-07,
        9.981516058132911e-08,
        -1.1418921985750785e-06,
        6.305024840003171e-07,
        1.8406079789201613e-06,
        8.244447235483676e-05,
        0.03703122213482857,
        -0.00044888100819662213,
        -0.2391720563173294,
        -0.4559151232242584,
        0.020720943808555603,
        -0.18223437666893005,
        0.1715882122516632,
        0.24883899092674255,
        -0.11335406452417374,
        0.047261983156204224,
        -0.022603869438171387,
        -0.17327427864074707,
        -1.1782810688018799,
        -0.5958008170127869,
        -0.17742407321929932,
        0.6401589512825012,
        0.5160747766494751,
        -0.4262191653251648,
        -1.3680630922317505,
        0.4748010039329529,
        -0.5172377824783325,
        1.3473405838012695,
        -0.881974458694458,
        -1.3065041303634644,
        -0.20938542485237122,
        0.08190164715051651,
        -1.7047117948532104,
        0.15090395510196686,
        -0.10413417220115662
    ],
    "transl": [
        0.06083190068602562,
        1.5103400945663452,
        -0.1432800590991974
    ],
    "left_hand_pose": [
        -1.5345052480697632,
        1.0379630327224731,
        1.0873781442642212,
        -1.0697004795074463,
        -0.5702643990516663,
        -1.568528175354004,
        2.5338382720947266,
        -0.4518691599369049,
        -4.078653812408447,
        -2.34660005569458,
        -0.044095851480960846,
        -2.0536255836486816
    ],
    "right_hand_pose": [
        -1.5670912265777588,
        1.4781407117843628,
        1.2520109415054321,
        -1.4413994550704956,
        -0.5780455470085144,
        -1.7753506898880005,
        3.219175100326538,
        -0.7511677742004395,
        -4.925987243652344,
        -1.9695844650268555,
        2.3653430938720703,
        -0.8484353423118591
    ],
    "jaw_pose": [
        0.03199748322367668,
        0.020082436501979828,
        -0.03117128647863865
    ],
    "leye_pose": [
        0.39092373847961426,
        0.25567489862442017,
        -1.39435875415802
    ],
    "reye_pose": [
        0.15887312591075897,
        -0.557535707950592,
        -0.36757221817970276
    ],
    "expression": [
        -1.5721967220306396,
        -0.511741042137146,
        -0.25711676478385925,
        0.1588536649942398,
        -0.49363571405410767,
        -0.8464981913566589,
        -0.04051424190402031,
        0.4344964921474457,
        -0.2195824831724167,
        0.40623101592063904
    ],
    "betas": [
        0.7346706390380859,
        -1.3884203433990479,
        0.5921152830123901,
        -2.0383360385894775,
        0.9466447830200195,
        -0.541568398475647,
        2.0594966411590576,
        -1.465659260749817,
        0.21967193484306335,
        -3.4435007572174072
    ]
}