{
    "global_orient": [
        -0.3394787609577179,
        -0.42927825450897217,
        -0.10257507115602493
    ],
    "body_pose": [
        -0.16646097600460052,
        0.35190021991729736,
        0.10982655733823776,
        -0.23125700652599335,
        -0.2915401756763458,
        0.08542744815349579,
        0.5997475981712341,
        -0.09161292761564255,
        0.02201402559876442,
        0.8415325880050659,
        0.04816295951604843,
        0.057849280536174774,
        0.80316162109375,
        0.013979199342429638,
        -0.23656024038791656,
        0.009135765954852104,
        0.001825974090024829,
        0.02784702740609646,
        -0.2348582148551941,
        0.22220595180988312,
        1.3398357623373158e-06,
        -0.23183798789978027,
        -0.048899661749601364,
        -2.5749081942194607e-06,
        -0.1576845645904541,
        -0.019900090992450714,
        0.048473626375198364,
        -1.4549319757861667e-06,
        -3.5937733855462284e-07,
        -6.95513563186978e-07,
        -2.4314272195624653e-06,
        6.593073180738429e-07,
        1.819634462663089e-06,
        0.027319587767124176,
        0.09142933040857315,
        0.05155563727021217,
        -0.14191055297851562,
        -0.22882570326328278,
        -0.17622001469135284,
        -0.16720280051231384,
        0.26203975081443787,
        0.28870388865470886,
        -0.0051662009209394455,
        0.018693208694458008,
        -0.060003116726875305,
        -0.0817531943321228,
        -0.8407282829284668,
        -0.5467182993888855,
        0.003599011106416583,
        0.9378774762153625,
        0.7158793807029724,
        -0.46062785387039185,
        -1.5871670246124268,
        0.5390785336494446,
        -0.3649205267429352,
        1.588934063911438,
        -0.5702614188194275,
        -1.537641167640686,
        -0.21765492856502533,
        0.023564795032143593,
        -1.4654624462127686,
        0.17597012221813202,
        -0.05530770123004913
    ],
    "transl": [
        0.0661580041050911,
        1.5430737733840942,
        -0.12914130091667175
    ],
    "left_hand_pose": [
        -1.5871162414550781,
        0.9816188216209412,
        1.057713508605957,
        -1.2189326286315918,
        -0.230067640542984,
        -1.5279712677001953,
        2.364471673965454,
        -0.5446178317070007,
        -4.584537029266357,
        -2.598139524459839,
        -0.3999307155609131,
        -2.1273112297058105
    ],
    "right_hand_pose": [
        -1.4530469179153442,
        1.5344394445419312,
        1.3237746953964233,
        -1.3650051355361938,
        -0.3537956774234772,
        -1.4632556438446045,
        3.11275315284729,
        -1.1198006868362427,
        -5.43905782699585,
        -2.41064190864563,
        2.521562099456787,
        -1.417366623878479
    ],
    "jaw_pose": [
        0.030993271619081497,
        0.01811748370528221,
        -0.03635936975479126
    ],
    "leye_pose": [
        0.234634131193161,
        0.3633441627025604,
        -1.1235389709472656
    ],
    "reye_pose": [
        0.2721582055091858,
        -0.4000217914581299,
        -0.6390380263328552
    ],
    "expression": [
        -1.7919789552688599,
        -0.5265451073646545,
        -0.4158381521701813,
        0.1336781531572342,
        -0.49019768834114075,
        -0.8857898712158203,
        -0.10340266674757004,
        0.5093054175376892,
        -0.17830733954906464,
        0.5522159934043884
    ],
    "betas": [
        0.7346706390380859,
        -1.3884203433990479,
        0.5921152830123901,
        -2.0383360385894775,
        0.9466447830200195,
        -0.541568398475647,
        2.0594966411590576,
        -1.465659260749817,
        0.21967193484306335,
        -3.4435007572174072
    ]
}