{
    "global_orient": [
        -0.32106518745422363,
        -0.8051407337188721,
        -0.1405479907989502
    ],
    "body_pose": [
        -0.1100701168179512,
        0.07284588366746902,
        -0.13417690992355347,
        -0.2758171558380127,
        -0.548160195350647,
        -0.13604100048542023,
        0.5254866480827332,
        0.07464905083179474,
        0.10133626312017441,
        0.8131967186927795,
        -0.01848093792796135,
        0.128622904419899,
        0.795878529548645,
        -0.01031382754445076,
        -0.14850637316703796,
        -0.018359951674938202,
        0.17493151128292084,
        0.045268647372722626,
        -0.18059509992599487,
        0.17486655712127686,
        8.566476026317105e-07,
        -0.1575208455324173,
        -0.03676353394985199,
        -1.8293402490598965e-06,
        -0.20999900996685028,
        0.12309908866882324,
        -0.08947988599538803,
        -7.028712616374833e-07,
        -8.159524895745562e-07,
        -1.1666988939396106e-06,
        -2.8168228709546383e-06,
        1.1639447166089667e-06,
        1.684222525000223e-06,
        0.10197362303733826,
        0.0198370348662138,
        0.08995159715414047,
        -0.27711591124534607,
        -0.23733706772327423,
        -0.21773263812065125,
        -0.27317267656326294,
        0.5103343725204468,
        0.23225037753582,
        -0.12048780173063278,
        0.0006782251875847578,
        -0.01791262812912464,
        -0.22799649834632874,
        -0.6317774653434753,
        -0.3770110607147217,
        -0.14965012669563293,
        1.260522484779358,
        0.7822089791297913,
        -0.5926836729049683,
        -1.3189808130264282,
        0.9718196392059326,
        -0.36344975233078003,
        1.4378814697265625,
        -0.18007008731365204,
        -1.8138349056243896,
        -0.21710100769996643,
        0.12444858998060226,
        -1.1746840476989746,
        0.2688601613044739,
        -0.10896244645118713
    ],
    "transl": [
        0.04850878193974495,
        1.5498429536819458,
        -0.1128116026520729
    ],
    "left_hand_pose": [
        -1.6244131326675415,
        0.8692537546157837,
        1.1015602350234985,
        -1.1442523002624512,
        -0.5889135003089905,
        -1.578209400177002,
        2.782513380050659,
        -0.5384283661842346,
        -5.276641368865967,
        -2.445373773574829,
        -0.17944161593914032,
        -1.8546862602233887
    ],
    "right_hand_pose": [
        -1.49002206325531,
        1.3924964666366577,
        1.1275426149368286,
        -1.428598165512085,
        -0.19807815551757812,
        -0.7719637751579285,
        2.7256007194519043,
        -1.2639048099517822,
        -4.9315876960754395,
        -1.9993023872375488,
        2.7109978199005127,
        -0.6436591148376465
    ],
    "jaw_pose": [
        0.03148019313812256,
        -0.0008091069175861776,
        -0.01611747220158577
    ],
    "leye_pose": [
        0.5994969010353088,
        0.28087612986564636,
        -1.1770281791687012
    ],
    "reye_pose": [
        -0.12494519352912903,
        0.07632661610841751,
        -0.8160682916641235
    ],
    "expression": [
        -1.587897539138794,
        -0.15046849846839905,
        -0.12052806466817856,
        0.27387017011642456,
        -0.5136745572090149,
        -0.7786257863044739,
        -0.09095627069473267,
        0.4378657341003418,
        -0.026093466207385063,
        0.42731305956840515
    ],
    "betas": [
        0.7346706390380859,
        -1.3884203433990479,
        0.5921152830123901,
        -2.0383360385894775,
        0.9466447830200195,
        -0.541568398475647,
        2.0594966411590576,
        -1.465659260749817,
        0.21967193484306335,
        -3.4435007572174072
    ]
}