{
    "global_orient": [
        -0.34664615988731384,
        -0.5243974328041077,
        -0.10696408152580261
    ],
    "body_pose": [
        -0.1666378378868103,
        0.29129457473754883,
        0.04745091497898102,
        -0.260924369096756,
        -0.37850242853164673,
        0.029427070170640945,
        0.6701049208641052,
        -0.09380104392766953,
        0.011085760779678822,
        0.8701846599578857,
        0.047577761113643646,
        0.09095364809036255,
        0.82608562707901,
        0.018828898668289185,
        -0.22482255101203918,
        -0.050264425575733185,
        0.08799030631780624,
        0.03719831630587578,
        -0.19354593753814697,
        0.20810629427433014,
        7.702550419708132e-07,
        -0.24148178100585938,
        -0.05068831145763397,
        -2.842342382791685e-06,
        -0.15924407541751862,
        0.0024385792203247547,
        -0.0033104498870670795,
        -7.605368068652751e-07,
        -3.392812288893765e-07,
        -7.105820714059519e-07,
        -2.525405307096662e-06,
        1.1415581866458524e-06,
        1.904613327496918e-06,
        0.04129300266504288,
        0.1060703843832016,
        0.09565525501966476,
        -0.11948638409376144,
        -0.21655377745628357,
        -0.17565850913524628,
        -0.14857448637485504,
        0.29731908440589905,
        0.28853797912597656,
        -0.030905701220035553,
        0.0016270101768895984,
        -0.09636031091213226,
        -0.03876274451613426,
        -0.7690832614898682,
        -0.5027532577514648,
        -0.0044774580746889114,
        1.0293265581130981,
        0.7487894892692566,
        -0.47374141216278076,
        -1.543155550956726,
        0.7338340282440186,
        -0.368495374917984,
        1.6198041439056396,
        -0.41023972630500793,
        -1.695895791053772,
        -0.22944660484790802,
        0.025833435356616974,
        -1.3270190954208374,
        0.12677592039108276,
        -0.05594184994697571
    ],
    "transl": [
        0.06484807282686234,
        1.5393370389938354,
        -0.1343093365430832
    ],
    "left_hand_pose": [
        -1.634952425956726,
        0.9474223256111145,
        1.0719438791275024,
        -1.2373007535934448,
        -0.2353946417570114,
        -1.4291387796401978,
        2.324227809906006,
        -0.5898092985153198,
        -4.617991924285889,
        -2.4797277450561523,
        -0.2457963526248932,
        -1.9796273708343506
    ],
    "right_hand_pose": [
        -1.4912563562393188,
        1.4980098009109497,
        1.2568145990371704,
        -1.1081619262695312,
        -0.7623281478881836,
        -1.531625509262085,
        2.706730365753174,
        -0.6077530384063721,
        -4.209908962249756,
        -1.7035850286483765,
        1.7646509408950806,
        -1.1136311292648315
    ],
    "jaw_pose": [
        0.02974540926516056,
        0.01684841886162758,
        -0.03816999867558479
    ],
    "leye_pose": [
        0.3919253945350647,
        0.20520488917827606,
        -1.2827218770980835
    ],
    "reye_pose": [
        0.28013864159584045,
        -0.318001925945282,
        -0.5795068144798279
    ],
    "expression": [
        -1.6093183755874634,
        -0.35953882336616516,
        -0.42492038011550903,
        0.03618662804365158,
        -0.4207425117492676,
        -0.7594094276428223,
        -0.11303756386041641,
        0.5219137072563171,
        -0.13688279688358307,
        0.4550464451313019
    ],
    "betas": [
        0.7346706390380859,
        -1.3884203433990479,
        0.5921152830123901,
        -2.0383360385894775,
        0.9466447830200195,
        -0.541568398475647,
        2.0594966411590576,
        -1.465659260749817,
        0.21967193484306335,
        -3.4435007572174072
    ]
}