{
    "global_orient": [
        -0.18457293510437012,
        -0.34378743171691895,
        -0.03570137172937393
    ],
    "body_pose": [
        -0.1570153832435608,
        0.1391923725605011,
        -0.030998701229691505,
        -0.1800290048122406,
        0.004777946043759584,
        0.04642321541905403,
        0.3083433508872986,
        -0.03176640346646309,
        0.0734965056180954,
        0.507404088973999,
        -0.023049619048833847,
        -0.0012981088366359472,
        0.5125083327293396,
        -0.04630159214138985,
        -0.06451170891523361,
        0.03817109763622284,
        0.028225800022482872,
        -0.050045669078826904,
        -0.06247921288013458,
        0.08177787065505981,
        -3.9038684462866513e-07,
        -0.09284427762031555,
        -0.1067756935954094,
        -9.770984661372495e-07,
        -0.1495915800333023,
        -0.013281463645398617,
        -0.030060019344091415,
        -4.012794079244486e-07,
        -3.7067331959406147e-07,
        -5.940324854236678e-07,
        -1.102026658372779e-06,
        1.7044601463567233e-07,
        1.0373825034548645e-06,
        0.05161753296852112,
        0.01913466863334179,
        0.06375636160373688,
        -0.2746519446372986,
        -0.5424091219902039,
        -0.11816378682851791,
        -0.2926318049430847,
        0.48941412568092346,
        0.1412578821182251,
        -0.14852972328662872,
        0.027357779443264008,
        -0.04904622957110405,
        -0.25296422839164734,
        -0.9357908964157104,
        -0.39776310324668884,
        -0.09087927639484406,
        1.1088862419128418,
        0.35026052594184875,
        -0.5427572727203369,
        -1.2788225412368774,
        0.7963324785232544,
        -0.4412029981613159,
        1.3248814344406128,
        -0.7257990837097168,
        -1.612267017364502,
        -0.19116108119487762,
        0.061975687742233276,
        -1.4512828588485718,
        0.11306163668632507,
        -0.2639968991279602
    ],
    "transl": [
        0.037982482463121414,
        1.5919432640075684,
        -0.1056242361664772
    ],
    "left_hand_pose": [
        -1.7095931768417358,
        0.7732256650924683,
        0.9828295707702637,
        -1.147969365119934,
        -0.2986094355583191,
        -1.3425692319869995,
        2.146289110183716,
        -0.40424391627311707,
        -4.039616107940674,
        -2.193507671356201,
        -0.3014429807662964,
        -2.040639877319336
    ],
    "right_hand_pose": [
        -1.5063307285308838,
        1.4645227193832397,
        1.494159460067749,
        -1.3301301002502441,
        -0.48400652408599854,
        -1.551987886428833,
        3.3139209747314453,
        -1.1459057331085205,
        -5.878149032592773,
        -2.33066725730896,
        2.096560478210449,
        -0.7697088122367859
    ],
    "jaw_pose": [
        0.02552090771496296,
        0.0179542675614357,
        -0.03231416270136833
    ],
    "leye_pose": [
        0.3243221342563629,
        -0.22402289509773254,
        0.012990995310246944
    ],
    "reye_pose": [
        0.1588926613330841,
        0.0064559560269117355,
        -0.2740025520324707
    ],
    "expression": [
        -1.3511497974395752,
        -0.40708255767822266,
        -0.17623667418956757,
        0.5027638077735901,
        -0.38763725757598877,
        -0.5206167697906494,
        0.021510133519768715,
        0.4134276807308197,
        -0.1307438164949417,
        0.37009397149086
    ],
    "betas": [
        0.7346706390380859,
        -1.3884203433990479,
        0.5921152830123901,
        -2.0383360385894775,
        0.9466447830200195,
        -0.541568398475647,
        2.0594966411590576,
        -1.465659260749817,
        0.21967193484306335,
        -3.4435007572174072
    ]
}