{
    "global_orient": [
        -0.16314895451068878,
        -0.1101449728012085,
        0.023209625855088234
    ],
    "body_pose": [
        -0.18261846899986267,
        0.15286308526992798,
        -0.10765387117862701,
        -0.19367891550064087,
        0.11244264245033264,
        0.07988147437572479,
        0.398205429315567,
        -6.405554449884221e-05,
        0.09402944892644882,
        0.4012987017631531,
        -0.05196985602378845,
        0.09804737567901611,
        0.5046129822731018,
        -0.0139694819226861,
        -0.056874483823776245,
        -0.07413734495639801,
        -0.006230324972420931,
        -0.012683267705142498,
        0.008562005124986172,
        -0.011623014695942402,
        -7.316211849683896e-07,
        -0.11156698316335678,
        -0.023827610537409782,
        3.664688463800303e-08,
        -0.1237131804227829,
        -0.1107880100607872,
        -0.034429434686899185,
        -9.065994390766718e-07,
        -4.4119320818936103e-07,
        -1.8702915838275658e-07,
        -1.1956279877267662e-06,
        -8.177119781294095e-08,
        1.1720412658178248e-06,
        0.0583316944539547,
        -0.0020486952271312475,
        0.06338390707969666,
        -0.2646220326423645,
        -0.552861213684082,
        -0.02839655429124832,
        -0.2629072964191437,
        0.32518064975738525,
        -0.029846718534827232,
        -0.15735937654972076,
        0.027098694816231728,
        -0.07343890517950058,
        -0.2353939414024353,
        -1.0307155847549438,
        -0.5430784821510315,
        -0.19126366078853607,
        0.8645850419998169,
        0.2956153154373169,
        -0.46249300241470337,
        -1.2662663459777832,
        0.7099196314811707,
        -0.5469391942024231,
        1.2927623987197876,
        -0.8209986090660095,
        -1.4255281686782837,
        -0.2658846080303192,
        0.13857434689998627,
        -1.6480191946029663,
        0.04840756952762604,
        -0.14864665269851685
    ],
    "transl": [
        0.04439406469464302,
        1.6051186323165894,
        -0.14464671909809113
    ],
    "left_hand_pose": [
        -1.5751430988311768,
        1.0398379564285278,
        1.1010854244232178,
        -1.1545336246490479,
        -0.5294468402862549,
        -1.6786091327667236,
        2.690497875213623,
        -0.4164683222770691,
        -4.723806858062744,
        -2.2599873542785645,
        -0.16590659320354462,
        -1.7680774927139282
    ],
    "right_hand_pose": [
        -1.569961428642273,
        1.562084436416626,
        1.2781463861465454,
        -1.3473944664001465,
        -0.5761045217514038,
        -1.4171260595321655,
        2.661522388458252,
        -0.8405959606170654,
        -4.765544891357422,
        -1.9740211963653564,
        2.043989896774292,
        -1.0295159816741943
    ],
    "jaw_pose": [
        0.030065692961215973,
        0.006075742654502392,
        -0.017562858760356903
    ],
    "leye_pose": [
        -0.027850037440657616,
        -0.0501057431101799,
        -1.7370402812957764
    ],
    "reye_pose": [
        -0.20418456196784973,
        -0.48304998874664307,
        -0.9093997478485107
    ],
    "expression": [
        -1.002453088760376,
        -0.16274921596050262,
        0.06483322381973267,
        0.4714656472206116,
        -0.5082789659500122,
        -0.3829568326473236,
        -0.014442283660173416,
        0.35789981484413147,
        -0.19237613677978516,
        0.17445671558380127
    ],
    "betas": [
        0.7346706390380859,
        -1.3884203433990479,
        0.5921152830123901,
        -2.0383360385894775,
        0.9466447830200195,
        -0.541568398475647,
        2.0594966411590576,
        -1.465659260749817,
        0.21967193484306335,
        -3.4435007572174072
    ]
}