{
    "global_orient": [
        -0.13944000005722046,
        -0.43951815366744995,
        -0.049677830189466476
    ],
    "body_pose": [
        -0.14373019337654114,
        0.004089831840246916,
        -0.033829379826784134,
        -0.12174012511968613,
        0.03035769984126091,
        0.06324020028114319,
        0.2163926661014557,
        -0.0016249535838142037,
        -0.001404492068104446,
        0.4372566342353821,
        0.032793186604976654,
        0.02631659060716629,
        0.3543737232685089,
        -0.01136977318674326,
        -0.010007189586758614,
        0.029336949810385704,
        0.027985097840428352,
        0.02779379114508629,
        -0.003930479753762484,
        0.19651079177856445,
        1.7369373495057516e-07,
        -0.08549279719591141,
        -0.029644284397363663,
        1.6242639233610134e-08,
        -0.10534686595201492,
        -0.007178982719779015,
        0.012353375554084778,
        -7.424699077773766e-08,
        -3.325236548334942e-07,
        -5.379493472901231e-07,
        -9.264588811674912e-07,
        4.333329002292885e-07,
        6.16849888501747e-07,
        0.07578228414058685,
        0.032781802117824554,
        -0.0028573237359523773,
        -0.2516457140445709,
        -0.46796178817749023,
        -0.18119017779827118,
        -0.2722928524017334,
        0.5080681443214417,
        0.12109870463609695,
        -0.13803501427173615,
        0.028804007917642593,
        -0.0034629141446202993,
        -0.1937941312789917,
        -0.8826783299446106,
        -0.49724280834198,
        -0.05739342421293259,
        1.1255030632019043,
        0.5900278091430664,
        -0.47705352306365967,
        -1.453189730644226,
        0.837171196937561,
        -0.39453721046447754,
        1.4458211660385132,
        -0.7337415218353271,
        -1.5022317171096802,
        -0.17091144621372223,
        0.02974426932632923,
        -1.4049843549728394,
        0.12371547520160675,
        -0.21858558058738708
    ],
    "transl": [
        0.016329942271113396,
        1.6042064428329468,
        -0.10000673681497574
    ],
    "left_hand_pose": [
        -1.6986781358718872,
        0.7603673934936523,
        0.8820931315422058,
        -1.1096926927566528,
        -0.30702340602874756,
        -1.1437159776687622,
        2.2211992740631104,
        -0.4137679636478424,
        -4.196890830993652,
        -2.2645723819732666,
        -0.4604979157447815,
        -2.1466593742370605
    ],
    "right_hand_pose": [
        -1.525298833847046,
        1.2973096370697021,
        1.4329607486724854,
        -1.5081770420074463,
        -0.575926661491394,
        -1.4639219045639038,
        3.378108263015747,
        -1.0207092761993408,
        -6.190237045288086,
        -2.329015016555786,
        1.7025364637374878,
        -1.421858549118042
    ],
    "jaw_pose": [
        0.0465271919965744,
        0.02440468594431877,
        -0.02349126525223255
    ],
    "leye_pose": [
        0.2226460725069046,
        -0.2744331657886505,
        -0.20776516199111938
    ],
    "reye_pose": [
        -0.04082385450601578,
        -0.27017098665237427,
        -0.5168164372444153
    ],
    "expression": [
        -1.241852879524231,
        -0.3907291293144226,
        -0.02492608316242695,
        0.2578837275505066,
        -0.3876245617866516,
        -0.6594474911689758,
        -0.00026269431691616774,
        0.4287809431552887,
        -0.1406300961971283,
        0.2797967195510864
    ],
    "betas": [
        0.7346706390380859,
        -1.3884203433990479,
        0.5921152830123901,
        -2.0383360385894775,
        0.9466447830200195,
        -0.541568398475647,
        2.0594966411590576,
        -1.465659260749817,
        0.21967193484306335,
        -3.4435007572174072
    ]
}