{
    "global_orient": [
        -0.2658511996269226,
        -0.8678491711616516,
        -0.1308288723230362
    ],
    "body_pose": [
        -0.18109992146492004,
        0.040280792862176895,
        -0.1614532470703125,
        -0.3074309527873993,
        -0.5614351034164429,
        -0.06621593236923218,
        0.6170563101768494,
        0.11341232806444168,
        -0.0023152942303568125,
        0.8369872570037842,
        0.047241970896720886,
        0.3111604154109955,
        0.8548310399055481,
        -0.013915179297327995,
        -0.08882033079862595,
        -0.03688434511423111,
        0.18043456971645355,
        0.11467621475458145,
        -0.2679845690727234,
        0.2895592749118805,
        1.5628043001925107e-06,
        -0.31182026863098145,
        0.05518518015742302,
        -2.731914037212846e-06,
        -0.22422049939632416,
        0.1297425925731659,
        -0.09191150963306427,
        -9.405578680343751e-07,
        -6.369832590280566e-07,
        -8.689480068824196e-07,
        -2.622034799060202e-06,
        9.015863611239183e-07,
        2.368195282542729e-06,
        0.10875120013952255,
        0.10079941898584366,
        0.06434690207242966,
        -0.29855573177337646,
        -0.18405365943908691,
        -0.24337656795978546,
        -0.2787192165851593,
        0.5218650698661804,
        0.08345842361450195,
        -0.11791952699422836,
        0.01349929254502058,
        -0.07497233152389526,
        -0.29005298018455505,
        -0.42092838883399963,
        -0.5180097818374634,
        -0.12450861185789108,
        1.2222529649734497,
        0.8361761569976807,
        -0.6303287148475647,
        -1.2753957509994507,
        0.9418638348579407,
        -0.3317980170249939,
        1.3958938121795654,
        -0.07656607031822205,
        -1.8877642154693604,
        -0.23147185146808624,
        0.1562422662973404,
        -0.9211591482162476,
        0.21301959455013275,
        -0.07040324062108994
    ],
    "transl": [
        0.024631185457110405,
        1.533989429473877,
        -0.1421578973531723
    ],
    "left_hand_pose": [
        -1.6698527336120605,
        1.0422495603561401,
        0.9667809009552002,
        -1.317778468132019,
        -0.18364235758781433,
        -1.4526872634887695,
        2.3983259201049805,
        -0.5971420407295227,
        -4.47475528717041,
        -2.2194738388061523,
        0.44873476028442383,
        -1.7490153312683105
    ],
    "right_hand_pose": [
        -1.5103530883789062,
        1.4634121656417847,
        1.1575708389282227,
        -1.2865102291107178,
        -0.5873739719390869,
        -0.9805179238319397,
        2.796513795852661,
        -1.0240004062652588,
        -4.527418613433838,
        -2.092578887939453,
        2.0426058769226074,
        -1.2759548425674438
    ],
    "jaw_pose": [
        0.03881148621439934,
        0.013028496876358986,
        -0.028627850115299225
    ],
    "leye_pose": [
        0.5377874374389648,
        0.4304662346839905,
        -1.171332597732544
    ],
    "reye_pose": [
        0.2913411557674408,
        -0.30219608545303345,
        -0.3776446580886841
    ],
    "expression": [
        -1.4690444469451904,
        -0.21321514248847961,
        -0.17594952881336212,
        0.25616899132728577,
        -0.5528576970100403,
        -0.8827313184738159,
        -0.054220061749219894,
        0.5618818998336792,
        -0.1481504589319229,
        0.43939319252967834
    ],
    "betas": [
        0.7346706390380859,
        -1.3884203433990479,
        0.5921152830123901,
        -2.0383360385894775,
        0.9466447830200195,
        -0.541568398475647,
        2.0594966411590576,
        -1.465659260749817,
        0.21967193484306335,
        -3.4435007572174072
    ]
}