{
    "global_orient": [
        -0.2128593474626541,
        -0.5696885585784912,
        -0.09662528336048126
    ],
    "body_pose": [
        -0.08441663533449173,
        0.070618636906147,
        0.057709041982889175,
        -0.1703050583600998,
        -0.12547487020492554,
        0.004449933301657438,
        0.35657721757888794,
        -0.013825635425746441,
        0.04492346942424774,
        0.4945519268512726,
        0.04706289991736412,
        -0.11197290569543839,
        0.5001488924026489,
        -0.10692452639341354,
        -0.04333079606294632,
        -0.08033714443445206,
        0.04846649989485741,
        0.06179630383849144,
        -0.018086623400449753,
        0.15074236690998077,
        -2.2274587081483332e-06,
        -0.043715257197618484,
        -0.2938533127307892,
        -2.354378011659719e-06,
        -0.16832368075847626,
        0.002968769520521164,
        0.022950483486056328,
        -7.950159783831623e-07,
        -4.960002115694806e-07,
        -7.269157435985107e-07,
        -1.8549826563685201e-06,
        7.634204166606651e-07,
        5.336610229278449e-07,
        0.13075877726078033,
        0.056306902319192886,
        -0.009828274138271809,
        -0.27617713809013367,
        -0.3483041524887085,
        -0.04381503909826279,
        -0.26174384355545044,
        0.4216359555721283,
        0.04655936360359192,
        -0.13223372399806976,
        0.08349218964576721,
        -0.06314672529697418,
        -0.261546790599823,
        -0.8438446521759033,
        -0.48017337918281555,
        -0.07894116640090942,
        1.1500568389892578,
        0.5769932866096497,
        -0.5124813914299011,
        -1.3934078216552734,
        0.6273974776268005,
        -0.48793089389801025,
        1.4253374338150024,
        -0.7378396987915039,
        -1.6857378482818604,
        -0.18080221116542816,
        0.05763157084584236,
        -1.5546517372131348,
        0.12730471789836884,
        -0.23038579523563385
    ],
    "transl": [
        0.05467133969068527,
        1.6071381568908691,
        -0.10918937623500824
    ],
    "left_hand_pose": [
        -1.6647818088531494,
        0.8390046954154968,
        1.0625935792922974,
        -1.2622911930084229,
        -0.3185541331768036,
        -1.3597906827926636,
        2.251744508743286,
        -0.6271610856056213,
        -4.403805255889893,
        -2.2795703411102295,
        -0.2448396384716034,
        -1.8671441078186035
    ],
    "right_hand_pose": [
        -1.425277829170227,
        1.4385747909545898,
        1.532674789428711,
        -1.562788486480713,
        0.2220485806465149,
        -0.7849677801132202,
        3.53401780128479,
        -2.035865545272827,
        -7.218075752258301,
        -2.9042370319366455,
        3.2138595581054688,
        -0.8121618032455444
    ],
    "jaw_pose": [
        0.028433578088879585,
        0.021562842652201653,
        -0.03168193995952606
    ],
    "leye_pose": [
        -0.1019703596830368,
        -0.3948942720890045,
        -1.2581881284713745
    ],
    "reye_pose": [
        0.1632491797208786,
        -0.6183180212974548,
        -0.5473453998565674
    ],
    "expression": [
        -1.3517005443572998,
        -0.5403873920440674,
        -0.11940699815750122,
        0.20721034705638885,
        -0.45226606726646423,
        -0.688198447227478,
        -0.04349462687969208,
        0.44131460785865784,
        -0.21173642575740814,
        0.3425142467021942
    ],
    "betas": [
        0.7346706390380859,
        -1.3884203433990479,
        0.5921152830123901,
        -2.0383360385894775,
        0.9466447830200195,
        -0.541568398475647,
        2.0594966411590576,
        -1.465659260749817,
        0.21967193484306335,
        -3.4435007572174072
    ]
}