{
    "global_orient": [
        -0.317263126373291,
        0.1825704276561737,
        -0.010469584725797176
    ],
    "body_pose": [
        -0.1740141212940216,
        0.45723795890808105,
        0.19752070307731628,
        -0.120419442653656,
        0.08896896243095398,
        0.21196457743644714,
        0.4639858901500702,
        -0.3610192835330963,
        -0.052238013595342636,
        0.767759382724762,
        0.0404311902821064,
        -0.05491269379854202,
        0.7729065418243408,
        0.00869792327284813,
        -0.19134174287319183,
        0.00699390796944499,
        -0.04756198823451996,
        0.01420332957059145,
        -0.2374897003173828,
        0.1421317756175995,
        1.6006971748083743e-07,
        -0.22411875426769257,
        -0.05182284116744995,
        -1.4408628885576036e-06,
        -0.20567810535430908,
        -0.12629792094230652,
        0.03285964950919151,
        -1.7284176010434749e-06,
        -4.0465351958118845e-07,
        -3.6667451297489606e-08,
        -1.8766988887364278e-06,
        9.482450877840165e-07,
        1.2313975048527936e-06,
        0.1461198627948761,
        0.03286585211753845,
        -0.030793489888310432,
        -0.19279108941555023,
        -0.427886426448822,
        -0.20798300206661224,
        -0.20985256135463715,
        0.14722523093223572,
        0.21899639070034027,
        -0.0639103427529335,
        0.037355776876211166,
        0.007652191910892725,
        -0.09108491241931915,
        -1.1630727052688599,
        -0.8560559153556824,
        -0.16705431044101715,
        0.4615054428577423,
        0.5451495051383972,
        -0.35107576847076416,
        -1.358576774597168,
        0.19267413020133972,
        -0.5361641049385071,
        1.4036575555801392,
        -0.8861979842185974,
        -1.1653175354003906,
        -0.2862454950809479,
        0.06887805461883545,
        -1.8005582094192505,
        0.10576635599136353,
        -0.1012028381228447
    ],
    "transl": [
        0.07444245368242264,
        1.554581880569458,
        -0.11396349221467972
    ],
    "left_hand_pose": [
        -1.481036901473999,
        1.1440515518188477,
        0.9715717434883118,
        -0.9719910621643066,
        -0.6814975738525391,
        -1.782612681388855,
        2.6886723041534424,
        -0.1916045993566513,
        -4.12600040435791,
        -2.1658823490142822,
        0.09390916675329208,
        -1.5779742002487183
    ],
    "right_hand_pose": [
        -1.3861770629882812,
        1.6860097646713257,
        1.3890281915664673,
        -1.5603383779525757,
        -0.43981611728668213,
        -1.5879931449890137,
        4.134007453918457,
        -1.3327399492263794,
        -6.778266906738281,
        -2.6278235912323,
        3.256505012512207,
        -1.0136202573776245
    ],
    "jaw_pose": [
        0.02521107718348503,
        0.014680175110697746,
        -0.042734064161777496
    ],
    "leye_pose": [
        0.502526581287384,
        -0.1503213346004486,
        -1.7130879163742065
    ],
    "reye_pose": [
        0.38377833366394043,
        -0.6105274558067322,
        -0.703683614730835
    ],
    "expression": [
        -1.8123505115509033,
        -0.5675275325775146,
        -0.4248044490814209,
        0.32270383834838867,
        -0.6101661920547485,
        -0.9160789251327515,
        0.022623581811785698,
        0.41132426261901855,
        -0.19813735783100128,
        0.6459998488426208
    ],
    "betas": [
        0.7346706390380859,
        -1.3884203433990479,
        0.5921152830123901,
        -2.0383360385894775,
        0.9466447830200195,
        -0.541568398475647,
        2.0594966411590576,
        -1.465659260749817,
        0.21967193484306335,
        -3.4435007572174072
    ]
}