{
    "global_orient": [
        -0.12658655643463135,
        0.24237528443336487,
        0.02346925064921379
    ],
    "body_pose": [
        -0.13993236422538757,
        0.3176526129245758,
        0.01839379221200943,
        -0.10916435718536377,
        0.27212268114089966,
        0.1322026401758194,
        0.3084757328033447,
        -0.25341230630874634,
        0.011390019208192825,
        0.3394368588924408,
        0.047810912132263184,
        -0.07962244749069214,
        0.43013933300971985,
        0.006579598877578974,
        -0.10876060277223587,
        -0.08430921286344528,
        -0.05253339186310768,
        -0.004880441818386316,
        -0.03635604307055473,
        0.1314263492822647,
        -1.5406895670366794e-07,
        0.04348411783576012,
        -0.1329476684331894,
        -3.20932855402134e-07,
        -0.1983778327703476,
        -0.1692340224981308,
        0.011031202040612698,
        -8.311578199027281e-07,
        -6.082215122660273e-07,
        5.203234536566015e-07,
        -7.218946507236979e-07,
        6.198970936566184e-07,
        8.855836881593859e-07,
        0.11443525552749634,
        -0.005281970836222172,
        -0.01103353314101696,
        -0.3231782615184784,
        -0.7867493033409119,
        -0.017459524795413017,
        -0.29134389758110046,
        0.37616652250289917,
        1.8175034711021e-05,
        -0.14094267785549164,
        0.023247458040714264,
        -0.03280346468091011,
        -0.39804431796073914,
        -1.352513074874878,
        -0.46924856305122375,
        -0.3218570053577423,
        0.7366392612457275,
        0.15555733442306519,
        -0.5791686773300171,
        -0.9760305881500244,
        0.4989265501499176,
        -0.5708180665969849,
        1.1782318353652954,
        -0.8684666752815247,
        -1.332932472229004,
        -0.1849476844072342,
        0.04378494992852211,
        -1.7177269458770752,
        0.06854058802127838,
        -0.2222643941640854
    ],
    "transl": [
        0.06800484657287598,
        1.6152825355529785,
        -0.1058044582605362
    ],
    "left_hand_pose": [
        -1.4855092763900757,
        1.5254451036453247,
        1.5687223672866821,
        -1.3388571739196777,
        -0.29429447650909424,
        -2.314727306365967,
        3.6489174365997314,
        -1.0703059434890747,
        -7.517791748046875,
        -3.451003313064575,
        -1.7137374877929688,
        -4.3267316818237305
    ],
    "right_hand_pose": [
        -1.5236653089523315,
        1.3878711462020874,
        1.439629316329956,
        -1.308539628982544,
        -0.7917034029960632,
        -1.577996015548706,
        3.3549587726593018,
        -1.0508853197097778,
        -6.1160569190979,
        -2.688934326171875,
        1.7714534997940063,
        -1.7017005681991577
    ],
    "jaw_pose": [
        0.0178042184561491,
        0.00996312778443098,
        -0.031003739684820175
    ],
    "leye_pose": [
        -0.07836545258760452,
        -0.42320871353149414,
        -0.4462473392486572
    ],
    "reye_pose": [
        -0.02865370362997055,
        -0.45911502838134766,
        -0.882194995880127
    ],
    "expression": [
        -1.22690749168396,
        -0.4201650619506836,
        -0.26476871967315674,
        0.05235421285033226,
        -0.400901198387146,
        -0.633103609085083,
        0.05023142695426941,
        0.347409188747406,
        -0.1833944171667099,
        0.26663362979888916
    ],
    "betas": [
        0.7346706390380859,
        -1.3884203433990479,
        0.5921152830123901,
        -2.0383360385894775,
        0.9466447830200195,
        -0.541568398475647,
        2.0594966411590576,
        -1.465659260749817,
        0.21967193484306335,
        -3.4435007572174072
    ]
}