{
    "global_orient": [
        -0.28742673993110657,
        -0.8395177125930786,
        -0.12123754620552063
    ],
    "body_pose": [
        -0.10077530890703201,
        0.07192020118236542,
        -0.08147324621677399,
        -0.2391083687543869,
        -0.3595280349254608,
        -0.1481304168701172,
        0.45102497935295105,
        0.03903403878211975,
        0.07709198445081711,
        0.7070910334587097,
        -0.05005501210689545,
        0.008608466014266014,
        0.7038385272026062,
        -0.0642375573515892,
        -0.003109184792265296,
        -0.02478383667767048,
        0.1675826758146286,
        0.060064803808927536,
        -0.15905027091503143,
        0.10725835710763931,
        -1.5834647371093524e-08,
        -0.04779462888836861,
        -0.1393130123615265,
        -2.0597228740371065e-06,
        -0.19045260548591614,
        0.13713860511779785,
        -0.050209254026412964,
        -7.923357543404563e-07,
        -1.0726326991061796e-06,
        -8.597659189035767e-07,
        -2.6418476863909746e-06,
        1.1500860637170263e-06,
        7.9550409282092e-07,
        0.11293972283601761,
        0.027317989617586136,
        0.01909259334206581,
        -0.28197169303894043,
        -0.2617511451244354,
        -0.17716357111930847,
        -0.2887783646583557,
        0.5495156049728394,
        0.142126202583313,
        -0.14136292040348053,
        0.03801584616303444,
        -0.029407529160380363,
        -0.23051197826862335,
        -0.6186752319335938,
        -0.38004904985427856,
        -0.1378566324710846,
        1.2627383470535278,
        0.7931140065193176,
        -0.5958728790283203,
        -1.3713575601577759,
        0.8578171133995056,
        -0.3577055335044861,
        1.4207234382629395,
        -0.31885212659835815,
        -1.840039849281311,
        -0.20391970872879028,
        0.08422326296567917,
        -1.2763514518737793,
        0.20288361608982086,
        -0.20944249629974365
    ],
    "transl": [
        0.047255389392375946,
        1.571125864982605,
        -0.10844577848911285
    ],
    "left_hand_pose": [
        -1.6031010150909424,
        0.9108405709266663,
        1.1286664009094238,
        -1.2376495599746704,
        -0.32698217034339905,
        -1.434808373451233,
        2.5079729557037354,
        -0.569878876209259,
        -4.856141090393066,
        -2.314227819442749,
        -0.24677668511867523,
        -1.7411161661148071
    ],
    "right_hand_pose": [
        -1.500497579574585,
        1.6402270793914795,
        0.9590078592300415,
        -0.9403499364852905,
        -1.3484638929367065,
        -1.2143292427062988,
        2.9421298503875732,
        -0.7233946323394775,
        -4.259466171264648,
        -1.6340959072113037,
        2.861999988555908,
        -1.2187283039093018
    ],
    "jaw_pose": [
        0.0299658365547657,
        0.009668763726949692,
        -0.01888563111424446
    ],
    "leye_pose": [
        0.09329493343830109,
        0.19674846529960632,
        -0.837156355381012
    ],
    "reye_pose": [
        -0.1579153835773468,
        -0.09741895645856857,
        -0.885116457939148
    ],
    "expression": [
        -1.481805443763733,
        -0.4130442142486572,
        -0.3134658634662628,
        0.0023579110857099295,
        -0.45239511132240295,
        -0.8411141633987427,
        -0.10932843387126923,
        0.3958459794521332,
        -0.14077091217041016,
        0.4333089292049408
    ],
    "betas": [
        0.7346706390380859,
        -1.3884203433990479,
        0.5921152830123901,
        -2.0383360385894775,
        0.9466447830200195,
        -0.541568398475647,
        2.0594966411590576,
        -1.465659260749817,
        0.21967193484306335,
        -3.4435007572174072
    ]
}