{
    "global_orient": [
        -0.14983054995536804,
        0.04485449194908142,
        0.03535369783639908
    ],
    "body_pose": [
        -0.11517385393381119,
        0.1846669763326645,
        -0.021222205832600594,
        -0.11213884502649307,
        0.2413167655467987,
        0.1191784143447876,
        0.23390905559062958,
        -0.20397338271141052,
        0.06855814903974533,
        0.3188600540161133,
        0.0552188977599144,
        -0.022089077159762383,
        0.44580602645874023,
        0.04825287684798241,
        -0.05994836241006851,
        -0.00515676150098443,
        -0.07362581789493561,
        -0.005699717905372381,
        -0.054185304790735245,
        0.1900351345539093,
        4.921925551570894e-07,
        -0.059360239654779434,
        0.015091299079358578,
        -1.0879426781684742e-07,
        -0.10562185943126678,
        -0.11874327808618546,
        0.05280440300703049,
        -1.0647119097484392e-06,
        -5.79534457756381e-07,
        -4.549068322035055e-08,
        -1.1357790299371118e-06,
        4.802722060048836e-07,
        6.577723183909256e-07,
        0.09249548614025116,
        0.07712547481060028,
        -0.02882206439971924,
        -0.2906878888607025,
        -0.5960173010826111,
        0.006163173355162144,
        -0.275299996137619,
        0.1952744424343109,
        0.08945220708847046,
        -0.15328876674175262,
        0.06503771245479584,
        -0.09513000398874283,
        -0.2510892450809479,
        -1.2977608442306519,
        -0.5799691677093506,
        -0.24834024906158447,
        0.674152135848999,
        0.24114441871643066,
        -0.4556429088115692,
        -1.2256590127944946,
        0.5715567469596863,
        -0.5379270911216736,
        1.2621153593063354,
        -0.9055036902427673,
        -1.274390459060669,
        -0.22133995592594147,
        0.07157126069068909,
        -1.7720882892608643,
        0.025184782221913338,
        -0.1848079413175583
    ],
    "transl": [
        0.06246379762887955,
        1.6075748205184937,
        -0.1176258847117424
    ],
    "left_hand_pose": [
        -1.6055936813354492,
        0.8957704305648804,
        1.1144049167633057,
        -1.0254086256027222,
        -0.4825100004673004,
        -1.4971481561660767,
        2.341750144958496,
        -0.5065421462059021,
        -4.171767234802246,
        -2.3103442192077637,
        -0.2764301896095276,
        -2.004620313644409
    ],
    "right_hand_pose": [
        -1.4953242540359497,
        1.4466872215270996,
        1.274763822555542,
        -1.2409617900848389,
        -0.40543332695961,
        -1.3575379848480225,
        2.718231439590454,
        -0.9112754464149475,
        -4.806717872619629,
        -1.9367578029632568,
        1.892579436302185,
        -0.5071793794631958
    ],
    "jaw_pose": [
        0.037791259586811066,
        0.020385997369885445,
        -0.0392180010676384
    ],
    "leye_pose": [
        0.19046476483345032,
        -0.07373373210430145,
        -1.9150817394256592
    ],
    "reye_pose": [
        -0.09416338801383972,
        -0.6119677424430847,
        -0.7718276381492615
    ],
    "expression": [
        -1.0651341676712036,
        -0.47427529096603394,
        -0.2438003569841385,
        0.3546900153160095,
        -0.5752757787704468,
        -0.4289257824420929,
        0.13330435752868652,
        0.3607518970966339,
        -0.2429807186126709,
        0.33983391523361206
    ],
    "betas": [
        0.7346706390380859,
        -1.3884203433990479,
        0.5921152830123901,
        -2.0383360385894775,
        0.9466447830200195,
        -0.541568398475647,
        2.0594966411590576,
        -1.465659260749817,
        0.21967193484306335,
        -3.4435007572174072
    ]
}