{
    "global_orient": [
        -0.18814785778522491,
        0.05661331117153168,
        -0.03671813756227493
    ],
    "body_pose": [
        -0.19229736924171448,
        0.468061238527298,
        0.14903154969215393,
        -0.13840457797050476,
        0.20656834542751312,
        0.18557094037532806,
        0.3492923080921173,
        -0.3065474331378937,
        -0.05083814635872841,
        0.54469895362854,
        0.0446825735270977,
        -0.08261577039957047,
        0.5430318713188171,
        -0.02964642457664013,
        -0.11100485920906067,
        -0.05555691570043564,
        -0.07230574637651443,
        0.04114243760704994,
        -0.12432984262704849,
        0.17439614236354828,
        2.5035625128566608e-08,
        -0.03781575337052345,
        -0.2068299800157547,
        -1.2754150020555244e-06,
        -0.19487163424491882,
        -0.06784220039844513,
        0.07819406688213348,
        -1.187144334835466e-06,
        -6.628476967307506e-07,
        -1.2789293180048844e-07,
        -1.3042691762166214e-06,
        5.906392175347719e-07,
        8.017955224204343e-07,
        0.13276955485343933,
        0.04777992516756058,
        -0.0380658358335495,
        -0.3161294162273407,
        -0.6203574538230896,
        0.06890726089477539,
        -0.2852613925933838,
        0.3228125274181366,
        0.08896557241678238,
        -0.17478537559509277,
        0.041429273784160614,
        -0.03397516906261444,
        -0.3294728994369507,
        -1.3219008445739746,
        -0.5605950951576233,
        -0.2921445071697235,
        0.6610438823699951,
        0.25582417845726013,
        -0.47666168212890625,
        -1.05736243724823,
        0.4409395158290863,
        -0.6181925535202026,
        1.2443947792053223,
        -0.9844501614570618,
        -1.3342071771621704,
        -0.1655571013689041,
        0.058085810393095016,
        -1.7890938520431519,
        0.0076387119479477406,
        -0.19260703027248383
    ],
    "transl": [
        0.0667736753821373,
        1.5942806005477905,
        -0.10100759565830231
    ],
    "left_hand_pose": [
        -1.5628656148910522,
        1.1224181652069092,
        0.9766234755516052,
        -1.2038896083831787,
        -0.6683304905891418,
        -1.6909304857254028,
        2.8594682216644287,
        -0.2415495216846466,
        -4.0121331214904785,
        -2.1699118614196777,
        0.45175087451934814,
        -1.4750995635986328
    ],
    "right_hand_pose": [
        -1.6578117609024048,
        1.5143710374832153,
        1.4236671924591064,
        -1.16954505443573,
        -0.833663821220398,
        -1.832116723060608,
        3.550492763519287,
        -0.8933961391448975,
        -6.360889434814453,
        -2.5054233074188232,
        1.2386319637298584,
        -0.9406803250312805
    ],
    "jaw_pose": [
        0.0352100133895874,
        0.02188900299370289,
        -0.044838063418865204
    ],
    "leye_pose": [
        0.45395565032958984,
        0.11241786926984787,
        -0.9311056733131409
    ],
    "reye_pose": [
        0.3922330141067505,
        -1.2730199098587036,
        -0.9210278987884521
    ],
    "expression": [
        -1.5196372270584106,
        -0.7278141975402832,
        -0.1737624853849411,
        0.22765977680683136,
        -0.5670307874679565,
        -0.8270949721336365,
        -0.039101433008909225,
        0.3908034563064575,
        -0.24949917197227478,
        0.43577510118484497
    ],
    "betas": [
        0.7346706390380859,
        -1.3884203433990479,
        0.5921152830123901,
        -2.0383360385894775,
        0.9466447830200195,
        -0.541568398475647,
        2.0594966411590576,
        -1.465659260749817,
        0.21967193484306335,
        -3.4435007572174072
    ]
}