{
    "global_orient": [
        -0.37096184492111206,
        0.012910922057926655,
        0.01878080517053604
    ],
    "body_pose": [
        -0.25947993993759155,
        0.49111804366111755,
        0.012563665397465229,
        -0.22917184233665466,
        -0.00403829850256443,
        0.21359075605869293,
        0.812000572681427,
        -0.1965828686952591,
        -0.04800724238157272,
        0.9571344256401062,
        -0.07921019941568375,
        0.15666203200817108,
        0.975764274597168,
        0.03661263734102249,
        -0.3474765717983246,
        -0.10279478132724762,
        0.11841174215078354,
        0.062204305082559586,
        -0.4481787085533142,
        0.011563342995941639,
        2.8432261842681328e-06,
        -0.35562071204185486,
        -0.10311725735664368,
        -2.682439344425802e-06,
        -0.16603903472423553,
        -0.1252537965774536,
        -0.03596225008368492,
        -2.5278136490669567e-06,
        2.3079459765540378e-07,
        5.384698198440674e-08,
        -1.8857477925848798e-06,
        1.5324476976275037e-07,
        2.567093360994477e-06,
        0.027112316340208054,
        -0.03424276039004326,
        0.04037010297179222,
        -0.1856953203678131,
        -0.44529810547828674,
        -0.0491424985229969,
        -0.18015405535697937,
        0.2645462155342102,
        0.18745380640029907,
        -0.1157102882862091,
        -0.022547883912920952,
        0.004573514685034752,
        -0.11384312808513641,
        -1.1861302852630615,
        -0.7748827338218689,
        -0.1608736217021942,
        0.5943593382835388,
        0.5136013031005859,
        -0.4008185565471649,
        -1.387414574623108,
        0.3486819863319397,
        -0.5847792029380798,
        1.3813594579696655,
        -1.0127094984054565,
        -1.151046872138977,
        -0.2683500349521637,
        0.02793850004673004,
        -1.7535780668258667,
        0.17043742537498474,
        -0.09943675249814987
    ],
    "transl": [
        0.07327962666749954,
        1.5032196044921875,
        -0.15244604647159576
    ],
    "left_hand_pose": [
        -1.5010170936584473,
        0.9624162316322327,
        1.151497483253479,
        -1.263993740081787,
        -0.14535199105739594,
        -1.4710355997085571,
        2.445774793624878,
        -0.7623755931854248,
        -4.547226905822754,
        -2.710975408554077,
        -0.13172324001789093,
        -2.268062114715576
    ],
    "right_hand_pose": [
        -1.4693107604980469,
        1.6059473752975464,
        1.2532215118408203,
        -1.405019998550415,
        -0.4147448241710663,
        -1.5154800415039062,
        3.5496599674224854,
        -1.149905800819397,
        -6.080446720123291,
        -2.7267608642578125,
        1.9393973350524902,
        -1.6688040494918823
    ],
    "jaw_pose": [
        0.01933777704834938,
        0.016602259129285812,
        -0.025824042037129402
    ],
    "leye_pose": [
        0.21228863298892975,
        0.33363309502601624,
        -1.1480790376663208
    ],
    "reye_pose": [
        -0.01581181213259697,
        -0.11074355244636536,
        -1.0392696857452393
    ],
    "expression": [
        -1.7082743644714355,
        -0.29649999737739563,
        -0.06746368855237961,
        0.178473562002182,
        -0.5411936044692993,
        -0.838072657585144,
        -0.016178073361516,
        0.43674254417419434,
        -0.1196545660495758,
        0.4864656925201416
    ],
    "betas": [
        0.7346706390380859,
        -1.3884203433990479,
        0.5921152830123901,
        -2.0383360385894775,
        0.9466447830200195,
        -0.541568398475647,
        2.0594966411590576,
        -1.465659260749817,
        0.21967193484306335,
        -3.4435007572174072
    ]
}