{
    "global_orient": [
        -0.13805171847343445,
        -0.041718989610672,
        0.011634772643446922
    ],
    "body_pose": [
        -0.11792997270822525,
        0.21642842888832092,
        -0.011225651949644089,
        -0.144511878490448,
        0.15173743665218353,
        0.08839016407728195,
        0.2810558080673218,
        -0.07733558118343353,
        0.04001378268003464,
        0.31372755765914917,
        -0.021104246377944946,
        -0.08810719847679138,
        0.4337525963783264,
        -0.014180433936417103,
        -0.12092571705579758,
        -0.033280663192272186,
        -0.0524941124022007,
        -0.0098417392000556,
        -0.05113415792584419,
        0.022657716646790504,
        -8.338520842698927e-07,
        -0.01683836244046688,
        -0.14915627241134644,
        2.2358380036280323e-08,
        -0.14475764334201813,
        -0.10122077167034149,
        -0.01757875457406044,
        -8.151926635946438e-07,
        -3.256317882005533e-07,
        7.495509635191411e-08,
        -9.158478064819064e-07,
        3.5811069665214745e-07,
        7.572612048534211e-07,
        0.055469319224357605,
        0.02142484299838543,
        0.00038565980503335595,
        -0.32468676567077637,
        -0.674025297164917,
        -0.04809713736176491,
        -0.2965519428253174,
        0.4356078505516052,
        0.0030643832869827747,
        -0.1418217271566391,
        0.010793978348374367,
        -0.05630752071738243,
        -0.34406745433807373,
        -1.1549278497695923,
        -0.40959712862968445,
        -0.24721141159534454,
        0.9275006055831909,
        0.25432488322257996,
        -0.5031903982162476,
        -1.0812315940856934,
        0.6581169962882996,
        -0.5038319230079651,
        1.2089486122131348,
        -0.894089937210083,
        -1.5476702451705933,
        -0.2605017423629761,
        0.04729843512177467,
        -1.6246527433395386,
        0.05343711003661156,
        -0.2025633156299591
    ],
    "transl": [
        0.05743027850985527,
        1.611759901046753,
        -0.1075289398431778
    ],
    "left_hand_pose": [
        -1.6268932819366455,
        0.8767558336257935,
        0.9969468712806702,
        -1.2711888551712036,
        -0.2492058128118515,
        -1.2002942562103271,
        2.2275261878967285,
        -0.6358760595321655,
        -4.218228816986084,
        -2.1903045177459717,
        -0.27593711018562317,
        -1.6725748777389526
    ],
    "right_hand_pose": [
        -1.545518159866333,
        1.4897443056106567,
        1.414489984512329,
        -1.401250958442688,
        -0.6450005173683167,
        -1.603781819343567,
        3.2251627445220947,
        -0.9577769041061401,
        -5.5250115394592285,
        -2.2318480014801025,
        2.097808837890625,
        -1.0869606733322144
    ],
    "jaw_pose": [
        0.011808104813098907,
        0.005478247068822384,
        -0.023061569780111313
    ],
    "leye_pose": [
        -0.08739407360553741,
        -0.558970034122467,
        -0.7565073370933533
    ],
    "reye_pose": [
        0.16155734658241272,
        -0.5825061202049255,
        -0.839501142501831
    ],
    "expression": [
        -1.0461126565933228,
        -0.3495977520942688,
        -0.17335426807403564,
        0.5104504823684692,
        -0.5025482773780823,
        -0.4450472891330719,
        -0.08945122361183167,
        0.31263571977615356,
        -0.27550721168518066,
        0.25711381435394287
    ],
    "betas": [
        0.7346706390380859,
        -1.3884203433990479,
        0.5921152830123901,
        -2.0383360385894775,
        0.9466447830200195,
        -0.541568398475647,
        2.0594966411590576,
        -1.465659260749817,
        0.21967193484306335,
        -3.4435007572174072
    ]
}