{
    "global_orient": [
        -0.3038986027240753,
        -0.036754511296749115,
        -0.04429461061954498
    ],
    "body_pose": [
        -0.1318756341934204,
        0.2518147826194763,
        0.1104336678981781,
        -0.13905397057533264,
        0.03291603550314903,
        0.11963210254907608,
        0.472551554441452,
        -0.21614998579025269,
        0.020380845293402672,
        0.6772528290748596,
        0.05769612267613411,
        -0.07332959026098251,
        0.690436065196991,
        0.0008256557048298419,
        -0.10915987938642502,
        -0.027623994275927544,
        -0.027711398899555206,
        -0.04019836336374283,
        -0.24736140668392181,
        0.18900753557682037,
        4.039605983052752e-07,
        -0.14318296313285828,
        -0.0937408059835434,
        -1.0082084145324188e-06,
        -0.17253968119621277,
        -0.06557337194681168,
        0.01782260462641716,
        -1.7745320519679808e-06,
        -4.192184519524744e-07,
        -3.6108727385908423e-07,
        -1.8652625612958218e-06,
        4.7194549779305817e-07,
        1.1093669627371128e-06,
        0.12127722054719925,
        0.011943239718675613,
        0.05733524635434151,
        -0.1974049061536789,
        -0.3738791346549988,
        -0.17321166396141052,
        -0.2141091525554657,
        0.27538689970970154,
        0.214675173163414,
        -0.06662840396165848,
        0.0418691486120224,
        -0.03696775436401367,
        -0.0975172221660614,
        -1.0816181898117065,
        -0.7765207886695862,
        -0.04942544549703598,
        0.6494414210319519,
        0.49343380331993103,
        -0.38937675952911377,
        -1.4314186573028564,
        0.4634025990962982,
        -0.5711601376533508,
        1.4659136533737183,
        -0.8716574311256409,
        -1.3432080745697021,
        -0.29009687900543213,
        0.04497933387756348,
        -1.7407137155532837,
        0.17671042680740356,
        -0.17973612248897552
    ],
    "transl": [
        0.06984217464923859,
        1.5749653577804565,
        -0.1240646243095398
    ],
    "left_hand_pose": [
        -1.548995018005371,
        1.0413566827774048,
        1.1042158603668213,
        -1.3090784549713135,
        -0.18856734037399292,
        -1.5656640529632568,
        2.5259597301483154,
        -0.5232625007629395,
        -4.332681179046631,
        -2.3636093139648438,
        0.06744611263275146,
        -1.5601372718811035
    ],
    "right_hand_pose": [
        -1.4389314651489258,
        1.6597322225570679,
        1.3373507261276245,
        -1.2143186330795288,
        -0.44502365589141846,
        -1.3393794298171997,
        3.4308724403381348,
        -1.2622507810592651,
        -6.014404773712158,
        -2.383040428161621,
        2.7259154319763184,
        -0.7034456133842468
    ],
    "jaw_pose": [
        0.028251398354768753,
        0.010831416584551334,
        -0.038461849093437195
    ],
    "leye_pose": [
        0.25509142875671387,
        -0.10131519287824631,
        -1.537066102027893
    ],
    "reye_pose": [
        0.23654094338417053,
        -0.45005446672439575,
        -0.8386555910110474
    ],
    "expression": [
        -1.7944056987762451,
        -0.5005777478218079,
        -0.4258657395839691,
        0.2285642921924591,
        -0.5489299297332764,
        -0.8701398372650146,
        0.046174097806215286,
        0.3663257658481598,
        -0.24554340541362762,
        0.5440875291824341
    ],
    "betas": [
        0.7346706390380859,
        -1.3884203433990479,
        0.5921152830123901,
        -2.0383360385894775,
        0.9466447830200195,
        -0.541568398475647,
        2.0594966411590576,
        -1.465659260749817,
        0.21967193484306335,
        -3.4435007572174072
    ]
}