{
    "global_orient": [
        -0.3631844222545624,
        0.08598465472459793,
        0.041793208569288254
    ],
    "body_pose": [
        -0.32522109150886536,
        0.6970195770263672,
        0.16770698130130768,
        -0.2424442172050476,
        0.1561817228794098,
        0.3463585078716278,
        0.8056451082229614,
        -0.37425827980041504,
        -0.18247286975383759,
        1.1077932119369507,
        -0.13249827921390533,
        0.03560614958405495,
        1.1185301542282104,
        0.039580583572387695,
        -0.399336040019989,
        -0.1416211724281311,
        0.03722597658634186,
        0.10159344226121902,
        -0.4926345944404602,
        -0.10275518149137497,
        3.5710179417947074e-06,
        -0.4478488862514496,
        -0.15339067578315735,
        -3.0259075174399186e-06,
        -0.1817670613527298,
        -0.06269088387489319,
        0.03804364427924156,
        -1.1661231837933883e-06,
        3.804584594035987e-07,
        2.78335420489384e-07,
        -9.018868354360166e-07,
        7.407153930216737e-07,
        2.5705060124892043e-06,
        0.04603676497936249,
        0.02041332609951496,
        -0.008606933988630772,
        -0.2478478103876114,
        -0.491665244102478,
        0.03166666999459267,
        -0.16395729780197144,
        0.12213002890348434,
        0.27630287408828735,
        -0.12468520551919937,
        0.07532019913196564,
        -0.01765277609229088,
        -0.1762850284576416,
        -1.31877863407135,
        -0.7439466118812561,
        -0.21226459741592407,
        0.3832801878452301,
        0.5474913120269775,
        -0.40006810426712036,
        -1.2898263931274414,
        0.2804233729839325,
        -0.572144627571106,
        1.3159186840057373,
        -0.9433136582374573,
        -1.1272958517074585,
        -0.2030118852853775,
        0.05732615664601326,
        -1.8456270694732666,
        0.1435849815607071,
        -0.10404358804225922
    ],
    "transl": [
        0.06992007046937943,
        1.4711741209030151,
        -0.13764826953411102
    ],
    "left_hand_pose": [
        -1.4644514322280884,
        1.0354936122894287,
        1.0605684518814087,
        -1.1872867345809937,
        -0.2342059314250946,
        -1.1623919010162354,
        2.4227840900421143,
        -0.706985592842102,
        -4.0747785568237305,
        -2.442841053009033,
        -0.056113291531801224,
        -1.824311375617981
    ],
    "right_hand_pose": [
        -1.5056967735290527,
        1.5818995237350464,
        1.0635658502578735,
        -1.327755331993103,
        -0.8936653733253479,
        -1.6804471015930176,
        3.303016424179077,
        -0.6542672514915466,
        -5.416164875030518,
        -1.8740941286087036,
        2.438570499420166,
        -1.120078444480896
    ],
    "jaw_pose": [
        0.026837743818759918,
        0.01698530837893486,
        -0.036597784608602524
    ],
    "leye_pose": [
        0.16268593072891235,
        0.0416257381439209,
        -1.4074944257736206
    ],
    "reye_pose": [
        0.06285671144723892,
        -0.5918236970901489,
        -0.7045040726661682
    ],
    "expression": [
        -1.43386709690094,
        -0.5318640470504761,
        -0.18357382714748383,
        0.2355586588382721,
        -0.58445805311203,
        -0.7796187996864319,
        -0.0871218889951706,
        0.3913209140300751,
        -0.2177811861038208,
        0.4481782615184784
    ],
    "betas": [
        0.7346706390380859,
        -1.3884203433990479,
        0.5921152830123901,
        -2.0383360385894775,
        0.9466447830200195,
        -0.541568398475647,
        2.0594966411590576,
        -1.465659260749817,
        0.21967193484306335,
        -3.4435007572174072
    ]
}