{
    "global_orient": [
        -0.12459135800600052,
        0.22439253330230713,
        0.046037040650844574
    ],
    "body_pose": [
        -0.1444823145866394,
        0.23123286664485931,
        -0.016327062621712685,
        -0.14280621707439423,
        0.3483680784702301,
        0.09857024997472763,
        0.27485448122024536,
        -0.16860893368721008,
        0.10119303315877914,
        0.29029354453086853,
        0.024712279438972473,
        -0.05599949508905411,
        0.45389801263809204,
        -0.01946147158741951,
        -0.002515064785256982,
        -0.056099072098731995,
        -0.12069309502840042,
        0.0016735754907131195,
        0.01233786903321743,
        0.05951102823019028,
        3.346659127601015e-08,
        0.010997784323990345,
        -0.12957973778247833,
        -4.6064727143857453e-07,
        -0.15883761644363403,
        -0.19120538234710693,
        0.024819863960146904,
        -1.0814313782248064e-06,
        -4.706616891780868e-07,
        8.006529839121868e-08,
        -7.34284469672275e-07,
        3.9377218286063e-07,
        8.91192371454963e-07,
        0.10424022376537323,
        0.04226899892091751,
        -0.05879287049174309,
        -0.3171899616718292,
        -0.6981021761894226,
        0.06652335077524185,
        -0.30237776041030884,
        0.23864884674549103,
        0.0150712626054883,
        -0.14163611829280853,
        0.05093161761760712,
        -0.08540622144937515,
        -0.3038862347602844,
        -1.3349030017852783,
        -0.5127463340759277,
        -0.32867762446403503,
        0.6698710322380066,
        0.23365293443202972,
        -0.44830596446990967,
        -1.0606037378311157,
        0.47572141885757446,
        -0.5835582613945007,
        1.156409740447998,
        -0.9486266374588013,
        -1.174485206604004,
        -0.28017887473106384,
        0.1502690464258194,
        -1.86772620677948,
        -0.03690319508314133,
        -0.1950632482767105
    ],
    "transl": [
        0.06299072504043579,
        1.614422082901001,
        -0.1280687004327774
    ],
    "left_hand_pose": [
        -1.5846102237701416,
        0.9581120610237122,
        1.010525107383728,
        -1.3142484426498413,
        -0.49124687910079956,
        -1.5761693716049194,
        2.9347305297851562,
        -0.4720810651779175,
        -4.60379695892334,
        -2.3716726303100586,
        0.30220720171928406,
        -1.8290729522705078
    ],
    "right_hand_pose": [
        -1.4311641454696655,
        1.6336385011672974,
        1.5682703256607056,
        -1.7382168769836426,
        -0.5407837629318237,
        -1.5881907939910889,
        3.7947604656219482,
        -1.1477822065353394,
        -6.612890243530273,
        -1.886934518814087,
        2.3660995960235596,
        -0.09272564202547073
    ],
    "jaw_pose": [
        0.0350659042596817,
        0.02069377340376377,
        -0.03817946836352348
    ],
    "leye_pose": [
        0.04094916209578514,
        -0.3814583122730255,
        -2.0873215198516846
    ],
    "reye_pose": [
        -0.03876790776848793,
        -0.7020334005355835,
        -0.667769730091095
    ],
    "expression": [
        -1.1473051309585571,
        -0.4708733856678009,
        -0.08046010881662369,
        0.48289451003074646,
        -0.6056633591651917,
        -0.5269548296928406,
        0.032432299107313156,
        0.32696908712387085,
        -0.34889012575149536,
        0.27104875445365906
    ],
    "betas": [
        0.7346706390380859,
        -1.3884203433990479,
        0.5921152830123901,
        -2.0383360385894775,
        0.9466447830200195,
        -0.541568398475647,
        2.0594966411590576,
        -1.465659260749817,
        0.21967193484306335,
        -3.4435007572174072
    ]
}