{
    "global_orient": [
        -0.13516981899738312,
        0.08300907909870148,
        0.03420605883002281
    ],
    "body_pose": [
        -0.12742137908935547,
        0.20202575623989105,
        -0.02904454618692398,
        -0.13343116641044617,
        0.24847809970378876,
        0.1117972806096077,
        0.2248091697692871,
        -0.185449481010437,
        0.10124016553163528,
        0.30673283338546753,
        0.05768753960728645,
        -0.011176875792443752,
        0.4537102282047272,
        0.036528464406728745,
        -0.04765214025974274,
        -0.018143728375434875,
        -0.08177236467599869,
        -0.012046904303133488,
        -0.013823604211211205,
        0.16305510699748993,
        5.67800441331201e-07,
        -0.04191618040204048,
        0.0232139453291893,
        3.820606195859e-07,
        -0.11755780130624771,
        -0.12368144094944,
        0.039469048380851746,
        -4.3200779487051477e-07,
        -2.480323644249438e-07,
        -2.0149290946847032e-07,
        -9.344333307126362e-07,
        6.399296239578689e-07,
        6.823059379712504e-07,
        0.10882169008255005,
        0.055946528911590576,
        -0.049471236765384674,
        -0.3008953034877777,
        -0.6341520547866821,
        0.04052264988422394,
        -0.31184351444244385,
        0.22704081237316132,
        0.036991726607084274,
        -0.15342046320438385,
        0.06718934327363968,
        -0.08253074437379837,
        -0.29510125517845154,
        -1.3405191898345947,
        -0.5558516979217529,
        -0.2918526530265808,
        0.6380950212478638,
        0.27260980010032654,
        -0.45173215866088867,
        -1.159340739250183,
        0.506266176700592,
        -0.5649926662445068,
        1.2278506755828857,
        -0.9369258284568787,
        -1.2398191690444946,
        -0.24235650897026062,
        0.07464351505041122,
        -1.787039041519165,
        -0.02342516928911209,
        -0.1922609657049179
    ],
    "transl": [
        0.0657997578382492,
        1.610420823097229,
        -0.11801019310951233
    ],
    "left_hand_pose": [
        -1.6281806230545044,
        0.9619900584220886,
        0.9080259203910828,
        -0.938133180141449,
        -0.6415848135948181,
        -1.5204535722732544,
        2.472198724746704,
        -0.25253990292549133,
        -3.9880785942077637,
        -2.3197784423828125,
        -0.3691655099391937,
        -2.2534990310668945
    ],
    "right_hand_pose": [
        -1.4550365209579468,
        1.504253625869751,
        1.2232041358947754,
        -1.1785314083099365,
        -0.44335657358169556,
        -1.348176121711731,
        2.6877071857452393,
        -0.7480795979499817,
        -4.794232368469238,
        -1.8328076601028442,
        1.6775012016296387,
        -0.54295814037323
    ],
    "jaw_pose": [
        0.03736160323023796,
        0.019381405785679817,
        -0.04136619344353676
    ],
    "leye_pose": [
        0.006572587415575981,
        -0.19517606496810913,
        -1.9679745435714722
    ],
    "reye_pose": [
        -0.2769078314304352,
        -0.7658652067184448,
        -0.5534800291061401
    ],
    "expression": [
        -1.2411803007125854,
        -0.608460545539856,
        -0.14128336310386658,
        0.365470290184021,
        -0.5411925315856934,
        -0.6060197949409485,
        0.0666535422205925,
        0.30769243836402893,
        -0.32512226700782776,
        0.2318345606327057
    ],
    "betas": [
        0.7346706390380859,
        -1.3884203433990479,
        0.5921152830123901,
        -2.0383360385894775,
        0.9466447830200195,
        -0.541568398475647,
        2.0594966411590576,
        -1.465659260749817,
        0.21967193484306335,
        -3.4435007572174072
    ]
}