{
    "global_orient": [
        -0.27722153067588806,
        -0.8339073657989502,
        -0.1365009844303131
    ],
    "body_pose": [
        -0.17570914328098297,
        0.07981017976999283,
        -0.19275140762329102,
        -0.31083518266677856,
        -0.5590372085571289,
        -0.04978829622268677,
        0.6481274366378784,
        0.09302251040935516,
        -0.00987778790295124,
        0.8584907650947571,
        0.00040277346852235496,
        0.39523079991340637,
        0.8957733511924744,
        -0.007679440081119537,
        -0.124736487865448,
        -0.0716400220990181,
        0.17687126994132996,
        0.12972669303417206,
        -0.32874366641044617,
        0.2598697543144226,
        2.90732032226515e-06,
        -0.3695319592952728,
        0.033477239310741425,
        -2.9291804821696132e-06,
        -0.22286203503608704,
        0.15710309147834778,
        -0.07880089432001114,
        -6.876093721075449e-07,
        -6.282438107518828e-07,
        -1.1353753279763623e-06,
        -2.2794708911533235e-06,
        1.057857275554852e-06,
        1.8711442635321873e-06,
        0.11770780384540558,
        0.060227129608392715,
        0.06517753005027771,
        -0.296343594789505,
        -0.16470591723918915,
        -0.22716347873210907,
        -0.2579221725463867,
        0.5332008004188538,
        0.06541181355714798,
        -0.14159844815731049,
        0.038593463599681854,
        -0.05449046939611435,
        -0.2996615171432495,
        -0.3707483410835266,
        -0.5559960007667542,
        -0.1561298966407776,
        1.2564197778701782,
        0.8234267830848694,
        -0.6147168874740601,
        -1.2634719610214233,
        0.9804856181144714,
        -0.3529548943042755,
        1.3924815654754639,
        -0.055275484919548035,
        -1.9097470045089722,
        -0.280643492937088,
        0.18741334974765778,
        -0.9255214929580688,
        0.20257683098316193,
        -0.08004482090473175
    ],
    "transl": [
        0.019797561690211296,
        1.5219128131866455,
        -0.14094989001750946
    ],
    "left_hand_pose": [
        -1.673877477645874,
        1.035122036933899,
        0.8985239267349243,
        -1.360997200012207,
        -0.10616154968738556,
        -1.3288720846176147,
        2.458158016204834,
        -0.6803300380706787,
        -4.684418678283691,
        -2.3251914978027344,
        0.07186026126146317,
        -1.9133694171905518
    ],
    "right_hand_pose": [
        -1.5136233568191528,
        1.4913791418075562,
        1.0706851482391357,
        -0.9852753281593323,
        -0.8304663896560669,
        -0.9648083448410034,
        2.6013646125793457,
        -0.7462000250816345,
        -3.4340574741363525,
        -1.5415756702423096,
        1.998988151550293,
        -0.781825602054596
    ],
    "jaw_pose": [
        0.04030630365014076,
        0.015952300280332565,
        -0.029476486146450043
    ],
    "leye_pose": [
        0.38092610239982605,
        0.42063260078430176,
        -1.0215952396392822
    ],
    "reye_pose": [
        -0.048824746161699295,
        -0.1326514631509781,
        -0.7110716104507446
    ],
    "expression": [
        -1.3168059587478638,
        -0.23707619309425354,
        -0.10004429519176483,
        0.29861363768577576,
        -0.5277661681175232,
        -0.8320984244346619,
        -0.0657859817147255,
        0.5235103368759155,
        -0.10606424510478973,
        0.36161836981773376
    ],
    "betas": [
        0.7346706390380859,
        -1.3884203433990479,
        0.5921152830123901,
        -2.0383360385894775,
        0.9466447830200195,
        -0.541568398475647,
        2.0594966411590576,
        -1.465659260749817,
        0.21967193484306335,
        -3.4435007572174072
    ]
}