{
    "global_orient": [
        -0.1216256394982338,
        0.12577861547470093,
        0.013483310118317604
    ],
    "body_pose": [
        -0.13411106169223785,
        0.24917519092559814,
        0.0049068620428442955,
        -0.12739673256874084,
        0.19913877546787262,
        0.105998195707798,
        0.27723586559295654,
        -0.1512766182422638,
        0.04249182343482971,
        0.3084830641746521,
        0.03644486516714096,
        -0.07765234261751175,
        0.4109031558036804,
        -0.015064723789691925,
        -0.1112593412399292,
        -0.05233648046851158,
        -0.09602320194244385,
        -0.01073983870446682,
        -0.07564181089401245,
        0.10323475301265717,
        -1.7423521967430133e-06,
        0.01232872623950243,
        -0.13413982093334198,
        -6.672669883300841e-07,
        -0.1816554069519043,
        -0.13779686391353607,
        -0.0030441242270171642,
        -1.0398952099421876e-06,
        -5.000119358555821e-07,
        2.060642714241112e-07,
        -8.440607075499429e-07,
        5.022611162530666e-07,
        9.069890438695438e-07,
        0.09460196644067764,
        0.019626151770353317,
        -0.010201036930084229,
        -0.3531917929649353,
        -0.7369470000267029,
        -0.03507000952959061,
        -0.3015095889568329,
        0.4168838858604431,
        -0.013263302855193615,
        -0.14336346089839935,
        0.016081584617495537,
        -0.03612614423036575,
        -0.36895108222961426,
        -1.2269563674926758,
        -0.4798925220966339,
        -0.2884247899055481,
        0.8270364999771118,
        0.23636700212955475,
        -0.53240966796875,
        -1.0361039638519287,
        0.5891165137290955,
        -0.5009615421295166,
        1.1795637607574463,
        -0.9089909195899963,
        -1.4440425634384155,
        -0.2225339114665985,
        0.02933807112276554,
        -1.6997036933898926,
        0.0431617796421051,
        -0.20799073576927185
    ],
    "transl": [
        0.063797727227211,
        1.6153606176376343,
        -0.10646919161081314
    ],
    "left_hand_pose": [
        -1.6160777807235718,
        0.8843134045600891,
        0.9443802237510681,
        -1.0972026586532593,
        -0.39403846859931946,
        -1.6018813848495483,
        2.416492462158203,
        -0.47431111335754395,
        -5.127974510192871,
        -2.686119318008423,
        -0.5892144441604614,
        -2.658705949783325
    ],
    "right_hand_pose": [
        -1.501441240310669,
        1.5442932844161987,
        1.3827322721481323,
        -1.5536051988601685,
        -0.34766069054603577,
        -1.555126667022705,
        3.443453073501587,
        -1.1917401552200317,
        -5.9574432373046875,
        -2.5501060485839844,
        2.6026129722595215,
        -1.0974595546722412
    ],
    "jaw_pose": [
        0.013816002756357193,
        0.00878627598285675,
        -0.029353147372603416
    ],
    "leye_pose": [
        0.014243369922041893,
        -0.3831923305988312,
        -0.525841236114502
    ],
    "reye_pose": [
        0.03818977251648903,
        -0.3023350238800049,
        -1.0342421531677246
    ],
    "expression": [
        -1.0831061601638794,
        -0.5112653970718384,
        -0.17473499476909637,
        0.2569519579410553,
        -0.5145758986473083,
        -0.5804336667060852,
        -0.0057261292822659016,
        0.30771908164024353,
        -0.23966403305530548,
        0.26957863569259644
    ],
    "betas": [
        0.7346706390380859,
        -1.3884203433990479,
        0.5921152830123901,
        -2.0383360385894775,
        0.9466447830200195,
        -0.541568398475647,
        2.0594966411590576,
        -1.465659260749817,
        0.21967193484306335,
        -3.4435007572174072
    ]
}