{
    "global_orient": [
        -0.18922080099582672,
        0.27360936999320984,
        0.012603656388819218
    ],
    "body_pose": [
        -0.24441583454608917,
        0.7239558696746826,
        0.12648826837539673,
        -0.11655258387327194,
        0.2443889081478119,
        0.21829283237457275,
        0.34746742248535156,
        -0.29670217633247375,
        -0.09782040119171143,
        0.6262216567993164,
        -0.12016433477401733,
        -0.02083151414990425,
        0.5901716351509094,
        0.021625440567731857,
        -0.16262991726398468,
        -0.022840481251478195,
        -0.11751256138086319,
        0.06962661445140839,
        -0.10680150240659714,
        -0.07709892839193344,
        3.7749316561530577e-07,
        -0.11821604520082474,
        -0.14796262979507446,
        -2.1320031464711064e-06,
        -0.24885337054729462,
        -0.13094109296798706,
        0.07830353826284409,
        -1.6437195426988183e-06,
        -8.202813432944822e-07,
        -3.350551480707509e-07,
        -2.27897407967248e-06,
        1.6186859852496127e-07,
        1.0140602171304636e-06,
        0.18885771930217743,
        0.04219702631235123,
        -0.08646927773952484,
        -0.36062222719192505,
        -0.7381113171577454,
        0.01117892749607563,
        -0.3324161171913147,
        0.29973217844963074,
        0.052582934498786926,
        -0.16472114622592926,
        0.018399640917778015,
        -0.013851945288479328,
        -0.3834000825881958,
        -1.3934581279754639,
        -0.6716731786727905,
        -0.3120322525501251,
        0.5536495447158813,
        0.16891714930534363,
        -0.4976070523262024,
        -1.0045233964920044,
        0.28289273381233215,
        -0.6208805441856384,
        1.1394362449645996,
        -0.9789898991584778,
        -1.1677801609039307,
        -0.199192076921463,
        0.07714345306158066,
        -1.8736460208892822,
        -0.02119186334311962,
        -0.19267117977142334
    ],
    "transl": [
        0.07024472206830978,
        1.5867923498153687,
        -0.0938698947429657
    ],
    "left_hand_pose": [
        -1.4331190586090088,
        1.1370962858200073,
        0.966111421585083,
        -1.2411658763885498,
        -0.43978896737098694,
        -1.6523855924606323,
        2.7817089557647705,
        -0.267439603805542,
        -3.92915940284729,
        -2.228203773498535,
        0.17909955978393555,
        -1.6024627685546875
    ],
    "right_hand_pose": [
        -1.7308955192565918,
        1.2912436723709106,
        1.245648741722107,
        -1.1090753078460693,
        -0.6708917021751404,
        -1.5473661422729492,
        2.6107819080352783,
        -0.7914988994598389,
        -4.900317192077637,
        -2.1438443660736084,
        0.9691688418388367,
        -1.1756316423416138
    ],
    "jaw_pose": [
        0.0405552014708519,
        0.02047005109488964,
        -0.050330065190792084
    ],
    "leye_pose": [
        0.14641933143138885,
        -0.18527013063430786,
        -1.2394376993179321
    ],
    "reye_pose": [
        0.5231161117553711,
        -1.2009981870651245,
        -0.5477772355079651
    ],
    "expression": [
        -1.518056869506836,
        -0.7355606555938721,
        -0.20533721148967743,
        0.4832613468170166,
        -0.7656040787696838,
        -0.7238692045211792,
        0.03714093193411827,
        0.3007000684738159,
        -0.34117043018341064,
        0.5068672299385071
    ],
    "betas": [
        0.7346706390380859,
        -1.3884203433990479,
        0.5921152830123901,
        -2.0383360385894775,
        0.9466447830200195,
        -0.541568398475647,
        2.0594966411590576,
        -1.465659260749817,
        0.21967193484306335,
        -3.4435007572174072
    ]
}