{
    "global_orient": [
        -0.42064303159713745,
        -0.5528013110160828,
        -0.09783440083265305
    ],
    "body_pose": [
        -0.23465083539485931,
        0.2584412097930908,
        -0.21672658622264862,
        -0.3882099688053131,
        -0.41051727533340454,
        -0.013246744871139526,
        0.9654879570007324,
        0.09981681406497955,
        0.04698379337787628,
        1.1469846963882446,
        -0.17215201258659363,
        0.3675656318664551,
        1.1218578815460205,
        -0.048732731491327286,
        -0.3551614582538605,
        -0.12382979691028595,
        0.19308316707611084,
        0.011667474173009396,
        -0.5146413445472717,
        0.10598361492156982,
        3.5323553220223403e-06,
        -0.4511954188346863,
        -0.1230265200138092,
        -4.441433247848181e-06,
        -0.16488412022590637,
        -0.05439499020576477,
        -0.10179111361503601,
        -3.1954192536431947e-07,
        -3.751696624476608e-07,
        -7.660772780582192e-07,
        -1.3190867775847437e-06,
        8.908160680221044e-07,
        1.543533926451346e-06,
        -0.01095760427415371,
        -0.0151205537840724,
        0.1399734765291214,
        -0.17796771228313446,
        -0.252312570810318,
        -0.16489100456237793,
        -0.23238040506839752,
        0.3936413824558258,
        0.14322277903556824,
        -0.15882305800914764,
        -0.024053111672401428,
        -0.08054663240909576,
        -0.1772768497467041,
        -0.5761719942092896,
        -0.5970110297203064,
        0.023520274087786674,
        1.2344717979431152,
        0.5221273303031921,
        -0.5337541103363037,
        -1.438156247138977,
        0.9999915361404419,
        -0.42191848158836365,
        1.5070042610168457,
        -0.4623289406299591,
        -1.7747341394424438,
        -0.3123605251312256,
        0.08337049186229706,
        -1.3051426410675049,
        0.23940107226371765,
        -0.14527694880962372
    ],
    "transl": [
        0.06291592121124268,
        1.460577368736267,
        -0.1583106368780136
    ],
    "left_hand_pose": [
        -1.5412282943725586,
        1.0091878175735474,
        1.040636420249939,
        -1.3383476734161377,
        -0.12017998844385147,
        -1.4391924142837524,
        2.607815980911255,
        -0.6648600697517395,
        -4.8257880210876465,
        -2.5535123348236084,
        0.010289805941283703,
        -1.6837488412857056
    ],
    "right_hand_pose": [
        -1.4639254808425903,
        1.3805853128433228,
        1.1195459365844727,
        -1.1426128149032593,
        -0.4682348072528839,
        -0.9799548387527466,
        2.3819644451141357,
        -0.931100606918335,
        -3.859522581100464,
        -1.8218008279800415,
        1.902962327003479,
        -0.9538767337799072
    ],
    "jaw_pose": [
        0.00863038469105959,
        0.01270801480859518,
        -0.01970764808356762
    ],
    "leye_pose": [
        0.3622400760650635,
        0.22314564883708954,
        -1.459795355796814
    ],
    "reye_pose": [
        -0.08018076419830322,
        -0.1690189093351364,
        -0.9009784460067749
    ],
    "expression": [
        -1.4265679121017456,
        -0.2249753773212433,
        -0.08951634168624878,
        0.34931832551956177,
        -0.5386428833007812,
        -0.8671398758888245,
        -0.15469835698604584,
        0.49647557735443115,
        -0.12255624681711197,
        0.3691072463989258
    ],
    "betas": [
        0.7346706390380859,
        -1.3884203433990479,
        0.5921152830123901,
        -2.0383360385894775,
        0.9466447830200195,
        -0.541568398475647,
        2.0594966411590576,
        -1.465659260749817,
        0.21967193484306335,
        -3.4435007572174072
    ]
}