{
    "global_orient": [
        -0.1274893581867218,
        0.20697718858718872,
        0.04664035513997078
    ],
    "body_pose": [
        -0.13686558604240417,
        0.15310783684253693,
        -0.018552007153630257,
        -0.14480116963386536,
        0.3305113911628723,
        0.09180880337953568,
        0.2765437364578247,
        -0.17447669804096222,
        0.09915177524089813,
        0.29129427671432495,
        0.04518377408385277,
        -0.06973353028297424,
        0.4605812430381775,
        -0.009012388996779919,
        0.003644924145191908,
        -0.0634903833270073,
        -0.11572747677564621,
        0.006495804525911808,
        0.0005198057624511421,
        0.1126243844628334,
        -6.813591824084142e-08,
        0.007277175318449736,
        -0.10406146198511124,
        1.0995690047366224e-07,
        -0.15664201974868774,
        -0.1812894344329834,
        0.02922890894114971,
        -7.473385608136596e-07,
        -3.6476330933510326e-07,
        -3.2373836944543655e-08,
        -7.69627035879239e-07,
        4.2795895183189714e-07,
        7.80293930802145e-07,
        0.11747316271066666,
        0.040442682802677155,
        -0.06935500353574753,
        -0.3304343819618225,
        -0.6890268921852112,
        0.06157867982983589,
        -0.31216827034950256,
        0.24339008331298828,
        0.025023462250828743,
        -0.15381108224391937,
        0.07015111297369003,
        -0.08505139499902725,
        -0.3359077274799347,
        -1.3435624837875366,
        -0.5731358528137207,
        -0.33301883935928345,
        0.6426921486854553,
        0.22074908018112183,
        -0.4600330591201782,
        -1.089644193649292,
        0.43800950050354004,
        -0.5798459053039551,
        1.1722429990768433,
        -0.9333489537239075,
        -1.1690319776535034,
        -0.21705907583236694,
        0.1150163859128952,
        -1.7966557741165161,
        -0.00019474764121696353,
        -0.20891164243221283
    ],
    "transl": [
        0.06507154554128647,
        1.6128535270690918,
        -0.12670013308525085
    ],
    "left_hand_pose": [
        -1.6088757514953613,
        1.0474951267242432,
        1.0244160890579224,
        -1.1050611734390259,
        -0.5509357452392578,
        -1.5722969770431519,
        2.281930685043335,
        -0.28354158997535706,
        -3.5310492515563965,
        -2.108116865158081,
        -0.18991000950336456,
        -1.8698644638061523
    ],
    "right_hand_pose": [
        -1.439204216003418,
        1.4672704935073853,
        1.376355528831482,
        -1.3518903255462646,
        -0.8842276334762573,
        -1.827811598777771,
        4.174225807189941,
        -1.04396653175354,
        -7.160942554473877,
        -3.075582504272461,
        2.275001287460327,
        -1.1692336797714233
    ],
    "jaw_pose": [
        0.038740694522857666,
        0.0231332890689373,
        -0.044074200093746185
    ],
    "leye_pose": [
        -0.06102233752608299,
        -0.27159106731414795,
        -1.9856934547424316
    ],
    "reye_pose": [
        -0.25760525465011597,
        -0.9734454154968262,
        -0.36016330122947693
    ],
    "expression": [
        -1.1580054759979248,
        -0.5336320996284485,
        -0.10520341992378235,
        0.3424663543701172,
        -0.641593873500824,
        -0.5232730507850647,
        0.029167694970965385,
        0.33472907543182373,
        -0.36515626311302185,
        0.26750805974006653
    ],
    "betas": [
        0.7346706390380859,
        -1.3884203433990479,
        0.5921152830123901,
        -2.0383360385894775,
        0.9466447830200195,
        -0.541568398475647,
        2.0594966411590576,
        -1.465659260749817,
        0.21967193484306335,
        -3.4435007572174072
    ]
}