{
    "global_orient": [
        -0.18769629299640656,
        -0.18632987141609192,
        -0.0648036077618599
    ],
    "body_pose": [
        -0.1251722127199173,
        0.30962154269218445,
        0.12819156050682068,
        -0.13961337506771088,
        0.060632191598415375,
        0.10059166699647903,
        0.3275015354156494,
        -0.17997895181179047,
        -0.0025628656148910522,
        0.4580581784248352,
        0.07763715833425522,
        -0.09825825691223145,
        0.4736030101776123,
        -0.05550939962267876,
        -0.05471600592136383,
        -0.05919039249420166,
        -0.05081171542406082,
        0.03251613304018974,
        -0.07955750077962875,
        0.18614701926708221,
        -8.387556817979203e-07,
        -0.06177254766225815,
        -0.21630966663360596,
        -1.7695808764983667e-06,
        -0.16507881879806519,
        -0.07126277685165405,
        0.06868502497673035,
        -8.211136446334422e-07,
        -7.416326752718305e-07,
        1.7838407018189173e-07,
        -1.456169684388442e-06,
        7.689226322327158e-08,
        4.362725860573846e-07,
        0.0990680381655693,
        0.06662332266569138,
        -0.024228094145655632,
        -0.30406975746154785,
        -0.48678338527679443,
        0.05925249308347702,
        -0.2715562880039215,
        0.3650633692741394,
        0.057653382420539856,
        -0.14719171822071075,
        0.06218703091144562,
        -0.04744984954595566,
        -0.30811768770217896,
        -1.1519461870193481,
        -0.5173712372779846,
        -0.22806976735591888,
        0.8402402997016907,
        0.4031447768211365,
        -0.4824269115924835,
        -1.2000759840011597,
        0.5189687013626099,
        -0.5383810997009277,
        1.3178246021270752,
        -0.9787790179252625,
        -1.4585620164871216,
        -0.13899417221546173,
        0.08377464860677719,
        -1.8165717124938965,
        0.0642290934920311,
        -0.18344207108020782
    ],
    "transl": [
        0.06316819041967392,
        1.6067893505096436,
        -0.10465063899755478
    ],
    "left_hand_pose": [
        -1.660392165184021,
        0.7231258749961853,
        1.2549813985824585,
        -1.2013059854507446,
        -0.40364623069763184,
        -1.4474328756332397,
        2.490269899368286,
        -0.7604522705078125,
        -4.981757640838623,
        -2.7337403297424316,
        -0.7024593353271484,
        -2.436295509338379
    ],
    "right_hand_pose": [
        -1.4278215169906616,
        1.4634124040603638,
        1.5627456903457642,
        -1.4890339374542236,
        -0.40625905990600586,
        -1.5265898704528809,
        4.189215660095215,
        -1.522049069404602,
        -8.221624374389648,
        -2.9020862579345703,
        2.6808111667633057,
        -0.6418020725250244
    ],
    "jaw_pose": [
        0.03018764592707157,
        0.014860293827950954,
        -0.041796907782554626
    ],
    "leye_pose": [
        0.267618328332901,
        0.19961456954479218,
        -0.6261579990386963
    ],
    "reye_pose": [
        0.1346297413110733,
        -0.24892258644104004,
        -0.6277387142181396
    ],
    "expression": [
        -1.3126529455184937,
        -0.7850236892700195,
        -0.2562228739261627,
        0.1094367653131485,
        -0.41556116938591003,
        -0.75738126039505,
        0.06409184634685516,
        0.41025885939598083,
        -0.24802668392658234,
        0.3827420473098755
    ],
    "betas": [
        0.7346706390380859,
        -1.3884203433990479,
        0.5921152830123901,
        -2.0383360385894775,
        0.9466447830200195,
        -0.541568398475647,
        2.0594966411590576,
        -1.465659260749817,
        0.21967193484306335,
        -3.4435007572174072
    ]
}