{
    "global_orient": [
        -0.3034396171569824,
        -0.3163149356842041,
        -0.08444581925868988
    ],
    "body_pose": [
        -0.25544580817222595,
        0.387901246547699,
        0.11342330276966095,
        -0.23199577629566193,
        -0.13308413326740265,
        0.21711592376232147,
        0.6434191465377808,
        -0.19172066450119019,
        -0.12882637977600098,
        0.827437698841095,
        0.07509405165910721,
        0.14672105014324188,
        0.7770781517028809,
        0.023986339569091797,
        -0.25114983320236206,
        -0.039801377803087234,
        0.10712017118930817,
        0.12520717084407806,
        -0.25249195098876953,
        0.2602940499782562,
        2.184903451052378e-06,
        -0.26532381772994995,
        -0.08244476467370987,
        -2.886876700358698e-06,
        -0.13572528958320618,
        -0.03502567484974861,
        0.06385942548513412,
        -1.5291932413674658e-06,
        -1.856612783512901e-07,
        -2.0112366883040522e-07,
        -1.5059899851621594e-06,
        5.645255782837921e-07,
        1.4680160802527098e-06,
        0.006861005909740925,
        0.07723459601402283,
        -0.02377624437212944,
        -0.21628613770008087,
        -0.3629756569862366,
        -0.03308812156319618,
        -0.1837809681892395,
        0.24273723363876343,
        0.17655569314956665,
        -0.10043806582689285,
        0.06317858397960663,
        -0.0417424738407135,
        -0.14470309019088745,
        -1.0284013748168945,
        -0.5389951467514038,
        -0.1379043608903885,
        0.8836437463760376,
        0.5403728485107422,
        -0.43867042660713196,
        -1.390190601348877,
        0.7005155682563782,
        -0.450979620218277,
        1.375603199005127,
        -0.767208993434906,
        -1.4720453023910522,
        -0.23598827421665192,
        0.09492205083370209,
        -1.5746383666992188,
        0.18669284880161285,
        -0.12827934324741364
    ],
    "transl": [
        0.05080297589302063,
        1.5401628017425537,
        -0.14694973826408386
    ],
    "left_hand_pose": [
        -1.6105793714523315,
        0.931098997592926,
        1.1207691431045532,
        -1.1890145540237427,
        -0.3068191111087799,
        -1.4771575927734375,
        2.4966976642608643,
        -0.6695297360420227,
        -4.747334957122803,
        -2.678882360458374,
        -0.4632141888141632,
        -2.335484504699707
    ],
    "right_hand_pose": [
        -1.5018954277038574,
        1.4920933246612549,
        1.2310066223144531,
        -1.5206540822982788,
        -0.3804001212120056,
        -1.3944613933563232,
        3.298933506011963,
        -1.1208560466766357,
        -5.7386345863342285,
        -2.380941152572632,
        2.2940738201141357,
        -1.0803031921386719
    ],
    "jaw_pose": [
        0.033375661820173264,
        0.014767005108296871,
        -0.029731033369898796
    ],
    "leye_pose": [
        0.295667827129364,
        0.16230858862400055,
        -1.3772836923599243
    ],
    "reye_pose": [
        0.17687448859214783,
        -0.6682457327842712,
        -0.36770161986351013
    ],
    "expression": [
        -1.5311623811721802,
        -0.40100908279418945,
        -0.3556777536869049,
        0.02131125144660473,
        -0.41047370433807373,
        -0.8188050389289856,
        -0.10515675693750381,
        0.4410094618797302,
        -0.2508615255355835,
        0.38685309886932373
    ],
    "betas": [
        0.7346706390380859,
        -1.3884203433990479,
        0.5921152830123901,
        -2.0383360385894775,
        0.9466447830200195,
        -0.541568398475647,
        2.0594966411590576,
        -1.465659260749817,
        0.21967193484306335,
        -3.4435007572174072
    ]
}