{
    "global_orient": [
        -0.31675341725349426,
        -0.2069210410118103,
        -0.06721316277980804
    ],
    "body_pose": [
        -0.279186874628067,
        0.4195308983325958,
        0.13114143908023834,
        -0.24602355062961578,
        -0.05281144380569458,
        0.24607594311237335,
        0.6735114455223083,
        -0.289688378572464,
        -0.14812764525413513,
        0.8909239172935486,
        0.02821742370724678,
        0.103301502764225,
        0.854688823223114,
        0.047129418700933456,
        -0.2543596029281616,
        -0.046341247856616974,
        0.10533369332551956,
        0.10836552083492279,
        -0.29827383160591125,
        0.18958015739917755,
        2.337985279154964e-06,
        -0.297914057970047,
        -0.10804267227649689,
        -3.57216845259245e-06,
        -0.13937784731388092,
        -0.010174937546253204,
        0.07156915962696075,
        -1.7108972087953589e-06,
        -1.6061451901805412e-07,
        -1.1341524697172645e-07,
        -1.256850964637124e-06,
        4.412027863054391e-07,
        1.5822474779270124e-06,
        0.008235692977905273,
        0.05698252096772194,
        -0.01129581406712532,
        -0.2206922471523285,
        -0.41129574179649353,
        0.005413245875388384,
        -0.18181298673152924,
        0.21769951283931732,
        0.21222589910030365,
        -0.10714360326528549,
        0.061133190989494324,
        -0.039971914142370224,
        -0.1581493616104126,
        -1.1039074659347534,
        -0.5567078590393066,
        -0.15413029491901398,
        0.7449986338615417,
        0.517619252204895,
        -0.44228971004486084,
        -1.3919073343276978,
        0.5732564926147461,
        -0.49073654413223267,
        1.362584114074707,
        -0.8334549069404602,
        -1.3978625535964966,
        -0.2309150993824005,
        0.09641658514738083,
        -1.651579737663269,
        0.16333995759487152,
        -0.10161232948303223
    ],
    "transl": [
        0.05695248022675514,
        1.5260947942733765,
        -0.14581720530986786
    ],
    "left_hand_pose": [
        -1.5419135093688965,
        0.9767331480979919,
        1.1035182476043701,
        -1.154657244682312,
        -0.3100595474243164,
        -1.522987961769104,
        2.640132427215576,
        -0.6361607313156128,
        -4.873646259307861,
        -2.655094623565674,
        -0.15565165877342224,
        -2.089087963104248
    ],
    "right_hand_pose": [
        -1.5816607475280762,
        1.4901771545410156,
        1.3323109149932861,
        -1.3387864828109741,
        -0.5886917114257812,
        -1.6559125185012817,
        3.030841112136841,
        -0.883692741394043,
        -5.185037136077881,
        -2.154024124145508,
        1.801634430885315,
        -0.9931183457374573
    ],
    "jaw_pose": [
        0.03043643943965435,
        0.01702306419610977,
        -0.03408176079392433
    ],
    "leye_pose": [
        0.3340398371219635,
        0.20204618573188782,
        -1.399716854095459
    ],
    "reye_pose": [
        0.06973827630281448,
        -0.5044783353805542,
        -0.45739930868148804
    ],
    "expression": [
        -1.5237948894500732,
        -0.48061540722846985,
        -0.3279712498188019,
        0.06501304358243942,
        -0.5008702874183655,
        -0.8391531705856323,
        -0.09377443045377731,
        0.44830575585365295,
        -0.25741615891456604,
        0.42375338077545166
    ],
    "betas": [
        0.7346706390380859,
        -1.3884203433990479,
        0.5921152830123901,
        -2.0383360385894775,
        0.9466447830200195,
        -0.541568398475647,
        2.0594966411590576,
        -1.465659260749817,
        0.21967193484306335,
        -3.4435007572174072
    ]
}