{
    "global_orient": [
        -0.36393308639526367,
        0.25147804617881775,
        0.045845188200473785
    ],
    "body_pose": [
        -0.20964542031288147,
        0.8209620118141174,
        0.29210448265075684,
        -0.09675177186727524,
        0.2191990464925766,
        0.3049110472202301,
        0.5432338118553162,
        -0.39358142018318176,
        -0.14166799187660217,
        0.9478614330291748,
        -0.16303537786006927,
        -0.02959650568664074,
        0.9339637160301208,
        -0.047185018658638,
        -0.29817327857017517,
        -0.0008827216224744916,
        -0.11581620573997498,
        0.05461796000599861,
        -0.3516741394996643,
        -0.06263048201799393,
        1.6597160765741137e-06,
        -0.35123294591903687,
        -0.19883859157562256,
        -3.1954384667187696e-06,
        -0.2559176981449127,
        -0.13412721455097198,
        0.08015453070402145,
        -1.4471422673523193e-06,
        -4.5504353352043836e-07,
        1.076634603691673e-07,
        -1.7044466176230344e-06,
        4.533812330009823e-07,
        1.9566980427043745e-06,
        0.16307896375656128,
        0.05282122269272804,
        -0.09952110797166824,
        -0.19378195703029633,
        -0.44358429312705994,
        -0.2458554357290268,
        -0.18921229243278503,
        -0.013988388702273369,
        0.2511387765407562,
        -0.07431604713201523,
        0.040369804948568344,
        0.024761836975812912,
        -0.11790019273757935,
        -1.2125554084777832,
        -0.9319397211074829,
        -0.15258163213729858,
        0.3479197919368744,
        0.5018731951713562,
        -0.38093751668930054,
        -1.2887587547302246,
        0.004983275663107634,
        -0.5623070597648621,
        1.34503972530365,
        -0.8468958735466003,
        -1.0715523958206177,
        -0.2794385254383087,
        0.0528559535741806,
        -1.8437166213989258,
        0.1368228644132614,
        -0.13731138408184052
    ],
    "transl": [
        0.07855189591646194,
        1.5149765014648438,
        -0.10139571130275726
    ],
    "left_hand_pose": [
        -1.4521986246109009,
        0.9163773655891418,
        0.9561893343925476,
        -1.1292225122451782,
        -0.4580393433570862,
        -1.4104704856872559,
        2.6742312908172607,
        -0.6933450102806091,
        -4.56491756439209,
        -2.9061520099639893,
        -0.4627489447593689,
        -2.697916030883789
    ],
    "right_hand_pose": [
        -1.3727481365203857,
        1.7150622606277466,
        1.2438238859176636,
        -1.25186288356781,
        -0.5000234246253967,
        -1.530372977256775,
        3.293595314025879,
        -0.9519532918930054,
        -5.539360523223877,
        -1.9007209539413452,
        2.96693754196167,
        -0.2684968411922455
    ],
    "jaw_pose": [
        0.029621953144669533,
        0.007958046160638332,
        -0.043427418917417526
    ],
    "leye_pose": [
        0.45537084341049194,
        0.16171304881572723,
        -1.3271564245224
    ],
    "reye_pose": [
        0.2834027409553528,
        -0.4122731685638428,
        -0.4801580607891083
    ],
    "expression": [
        -1.6901144981384277,
        -0.5196849703788757,
        -0.4128841161727905,
        0.3095485270023346,
        -0.6130919456481934,
        -0.8282884359359741,
        -0.04758046939969063,
        0.40858545899391174,
        -0.18593917787075043,
        0.5886707901954651
    ],
    "betas": [
        0.7346706390380859,
        -1.3884203433990479,
        0.5921152830123901,
        -2.0383360385894775,
        0.9466447830200195,
        -0.541568398475647,
        2.0594966411590576,
        -1.465659260749817,
        0.21967193484306335,
        -3.4435007572174072
    ]
}