{
    "global_orient": [
        -0.15323765575885773,
        -0.17015869915485382,
        0.0003601102507673204
    ],
    "body_pose": [
        -0.12852516770362854,
        0.20797590911388397,
        -0.02463020384311676,
        -0.16687142848968506,
        0.08392028510570526,
        0.07345110177993774,
        0.2885448634624481,
        -0.049195751547813416,
        0.04943153262138367,
        0.36829984188079834,
        -0.06929747760295868,
        -0.06799503415822983,
        0.4553113579750061,
        -0.03697332739830017,
        -0.12852486968040466,
        -0.0020624136086553335,
        -0.02066699042916298,
        -0.008949949406087399,
        -0.031641919165849686,
        -0.02711269073188305,
        -1.0843782547453884e-06,
        -0.04045184329152107,
        -0.17225083708763123,
        -5.649488912240486e-07,
        -0.14083972573280334,
        -0.054157331585884094,
        -0.033331941813230515,
        -5.65078153158538e-07,
        -4.6340906578734575e-07,
        -2.3699251983089198e-07,
        -1.2867618579548434e-06,
        -1.4133716774722416e-07,
        7.447518441949796e-07,
        0.04143672436475754,
        0.03106265887618065,
        0.01450035348534584,
        -0.3301982879638672,
        -0.617915153503418,
        -0.07621784508228302,
        -0.3023833930492401,
        0.45961493253707886,
        0.028661344200372696,
        -0.14656023681163788,
        0.0008518234244547784,
        -0.05466022714972496,
        -0.31761616468429565,
        -1.070481300354004,
        -0.416290283203125,
        -0.24206213653087616,
        0.9941552877426147,
        0.32901591062545776,
        -0.49420151114463806,
        -1.1371824741363525,
        0.6946936845779419,
        -0.4712091088294983,
        1.2758631706237793,
        -0.8206913471221924,
        -1.599454641342163,
        -0.28312602639198303,
        0.05235021561384201,
        -1.5565026998519897,
        0.052224237471818924,
        -0.18542400002479553
    ],
    "transl": [
        0.052190594375133514,
        1.6059329509735107,
        -0.10826372355222702
    ],
    "left_hand_pose": [
        -1.587815761566162,
        0.9075881242752075,
        0.9452951550483704,
        -1.2343441247940063,
        -0.2463490515947342,
        -1.2201838493347168,
        2.2287027835845947,
        -0.5594645142555237,
        -3.8701088428497314,
        -2.100083827972412,
        0.0037915182765573263,
        -1.6031125783920288
    ],
    "right_hand_pose": [
        -1.589268445968628,
        1.4022092819213867,
        1.350937008857727,
        -1.228685975074768,
        -0.6874445676803589,
        -1.5534260272979736,
        2.6894381046295166,
        -0.7385505437850952,
        -4.5463151931762695,
        -1.7911051511764526,
        1.5117213726043701,
        -0.7519838213920593
    ],
    "jaw_pose": [
        0.012108192779123783,
        0.007805840577930212,
        -0.018217861652374268
    ],
    "leye_pose": [
        0.24860695004463196,
        -0.6146401166915894,
        -0.43320342898368835
    ],
    "reye_pose": [
        0.22524917125701904,
        -0.524752676486969,
        -0.7746900916099548
    ],
    "expression": [
        -1.0134128332138062,
        -0.23230747878551483,
        -0.15426918864250183,
        0.7519851922988892,
        -0.558677077293396,
        -0.23600360751152039,
        -0.08114637434482574,
        0.3351585865020752,
        -0.27165988087654114,
        0.2072029411792755
    ],
    "betas": [
        0.7346706390380859,
        -1.3884203433990479,
        0.5921152830123901,
        -2.0383360385894775,
        0.9466447830200195,
        -0.541568398475647,
        2.0594966411590576,
        -1.465659260749817,
        0.21967193484306335,
        -3.4435007572174072
    ]
}