{
    "global_orient": [
        -0.34396037459373474,
        -0.20595189929008484,
        -0.0894988402724266
    ],
    "body_pose": [
        -0.18120132386684418,
        0.3792273700237274,
        0.19708754122257233,
        -0.1798919290304184,
        -0.13090954720973969,
        0.20100343227386475,
        0.5570729970932007,
        -0.22563818097114563,
        -0.059818170964717865,
        0.8560706973075867,
        0.10532230138778687,
        0.007048357278108597,
        0.8127703070640564,
        0.04741547629237175,
        -0.26094797253608704,
        0.028745584189891815,
        -0.025136228650808334,
        0.08613277226686478,
        -0.2599831819534302,
        0.32724449038505554,
        2.160218855351559e-06,
        -0.25374728441238403,
        -0.10775838792324066,
        -2.6616808099788614e-06,
        -0.14100980758666992,
        -0.056086502969264984,
        0.11391934007406235,
        -1.766386844792578e-06,
        -1.9640894777239737e-07,
        -3.787746436501038e-07,
        -1.9970138964708894e-06,
        7.559611958640744e-07,
        1.5269216646629502e-06,
        0.029812924563884735,
        0.06588952243328094,
        -0.018969666212797165,
        -0.1877882033586502,
        -0.3410647213459015,
        -0.14587891101837158,
        -0.1731739044189453,
        0.16345413029193878,
        0.28325846791267395,
        -0.010951433330774307,
        0.06930578500032425,
        -0.051591455936431885,
        -0.07463092356920242,
        -0.9811503291130066,
        -0.6700499653816223,
        -0.06355319172143936,
        0.7612183094024658,
        0.636626124382019,
        -0.41427019238471985,
        -1.507139801979065,
        0.44720256328582764,
        -0.455612450838089,
        1.5329865217208862,
        -0.7159526348114014,
        -1.427105188369751,
        -0.20781859755516052,
        0.031548213213682175,
        -1.6173701286315918,
        0.1676088571548462,
        -0.09737492352724075
    ],
    "transl": [
        0.06878789514303207,
        1.536818027496338,
        -0.12280040979385376
    ],
    "left_hand_pose": [
        -1.532891869544983,
        0.9204254746437073,
        1.0568492412567139,
        -1.0959925651550293,
        -0.5655590891838074,
        -1.671262502670288,
        2.6973557472229004,
        -0.4835776686668396,
        -4.835395812988281,
        -2.819460153579712,
        -0.6202343702316284,
        -2.728835105895996
    ],
    "right_hand_pose": [
        -1.5203183889389038,
        1.5898785591125488,
        1.2618262767791748,
        -1.2990750074386597,
        -0.5451221466064453,
        -1.4828553199768066,
        3.0748610496520996,
        -0.9358795285224915,
        -4.7988600730896,
        -2.0618808269500732,
        1.82660973072052,
        -0.8601301312446594
    ],
    "jaw_pose": [
        0.026563087478280067,
        0.014341665431857109,
        -0.03579200804233551
    ],
    "leye_pose": [
        0.32389989495277405,
        0.18116016685962677,
        -1.269405722618103
    ],
    "reye_pose": [
        0.3104587495326996,
        -0.31404054164886475,
        -0.5138044953346252
    ],
    "expression": [
        -1.807856559753418,
        -0.588996410369873,
        -0.6144669651985168,
        0.16403748095035553,
        -0.5534482002258301,
        -0.9533275961875916,
        -0.0819263830780983,
        0.49652019143104553,
        -0.22056914865970612,
        0.6144397854804993
    ],
    "betas": [
        0.7346706390380859,
        -1.3884203433990479,
        0.5921152830123901,
        -2.0383360385894775,
        0.9466447830200195,
        -0.541568398475647,
        2.0594966411590576,
        -1.465659260749817,
        0.21967193484306335,
        -3.4435007572174072
    ]
}