{
    "global_orient": [
        -0.3288246989250183,
        -0.5870463252067566,
        -0.0862758681178093
    ],
    "body_pose": [
        -0.11492016911506653,
        0.14647957682609558,
        -0.06825432181358337,
        -0.23507095873355865,
        -0.26517271995544434,
        -0.05655011162161827,
        0.5314622521400452,
        0.0323430560529232,
        0.08306742459535599,
        0.7551376819610596,
        -0.08642295747995377,
        0.008443406783044338,
        0.7492433786392212,
        -0.07161996513605118,
        -0.14271844923496246,
        -0.02192920818924904,
        0.15178969502449036,
        -0.013619771227240562,
        -0.13251829147338867,
        0.052245043218135834,
        6.938831802472123e-07,
        -0.1706724911928177,
        -0.14571219682693481,
        -2.8339131858956534e-06,
        -0.18635982275009155,
        0.04480302333831787,
        -0.10258495807647705,
        -5.727325174120779e-07,
        -9.688075124358875e-07,
        -1.0644251915437053e-06,
        -2.2957219698582776e-06,
        5.380505285756954e-07,
        1.6253724197667907e-06,
        0.08761561661958694,
        0.012322708033025265,
        0.13029934465885162,
        -0.2509191036224365,
        -0.2946262061595917,
        -0.17857399582862854,
        -0.24407458305358887,
        0.404721736907959,
        0.2242400199174881,
        -0.0916033536195755,
        -0.002902377163991332,
        -0.05561582371592522,
        -0.1818263679742813,
        -0.745376706123352,
        -0.5100211501121521,
        -0.05703458935022354,
        1.1469372510910034,
        0.5793840885162354,
        -0.5080094337463379,
        -1.3884886503219604,
        0.9092499017715454,
        -0.4587191045284271,
        1.480398178100586,
        -0.5423827171325684,
        -1.6540703773498535,
        -0.2708374857902527,
        0.08772922307252884,
        -1.3922890424728394,
        0.17147870361804962,
        -0.1347116231918335
    ],
    "transl": [
        0.05845123156905174,
        1.5585318803787231,
        -0.12418122589588165
    ],
    "left_hand_pose": [
        -1.580062747001648,
        1.0347256660461426,
        1.0742835998535156,
        -1.457850694656372,
        -0.45559608936309814,
        -1.5773690938949585,
        3.1706156730651855,
        -0.566340982913971,
        -5.511053085327148,
        -2.457014799118042,
        0.19135136902332306,
        -1.6611920595169067
    ],
    "right_hand_pose": [
        -1.5163307189941406,
        1.5822099447250366,
        1.3077954053878784,
        -1.110902190208435,
        -0.5988133549690247,
        -1.279058814048767,
        2.454803705215454,
        -0.8387290239334106,
        -4.329318046569824,
        -1.568533182144165,
        2.2816214561462402,
        -0.15951010584831238
    ],
    "jaw_pose": [
        0.02477896586060524,
        0.0006695130141451955,
        -0.027295568957924843
    ],
    "leye_pose": [
        0.17401155829429626,
        0.019102420657873154,
        -1.4210736751556396
    ],
    "reye_pose": [
        0.1296253204345703,
        -0.2757262885570526,
        -0.7723597884178162
    ],
    "expression": [
        -1.7222621440887451,
        -0.12027478963136673,
        -0.220991849899292,
        0.3044600188732147,
        -0.5387661457061768,
        -0.7367047667503357,
        -0.022312842309474945,
        0.4370485246181488,
        -0.06324358284473419,
        0.47999534010887146
    ],
    "betas": [
        0.7346706390380859,
        -1.3884203433990479,
        0.5921152830123901,
        -2.0383360385894775,
        0.9466447830200195,
        -0.541568398475647,
        2.0594966411590576,
        -1.465659260749817,
        0.21967193484306335,
        -3.4435007572174072
    ]
}