{
    "global_orient": [
        -0.13486309349536896,
        0.31083717942237854,
        0.034600477665662766
    ],
    "body_pose": [
        -0.17471513152122498,
        0.5485539436340332,
        0.04911435768008232,
        -0.09709224849939346,
        0.3267570436000824,
        0.17050330340862274,
        0.30116382241249084,
        -0.24254700541496277,
        -0.021407462656497955,
        0.43152520060539246,
        -0.05376647412776947,
        -0.07525910437107086,
        0.4588829576969147,
        0.0042961942963302135,
        -0.14117111265659332,
        -0.055658645927906036,
        -0.09705480188131332,
        0.015788963064551353,
        -0.029681557789444923,
        -0.024761520326137543,
        -9.222990229318384e-07,
        0.01554108690470457,
        -0.1635335385799408,
        -3.8121814327496395e-07,
        -0.2269613891839981,
        -0.18756049871444702,
        0.021907590329647064,
        -1.3752061249761027e-06,
        -8.247509981629264e-07,
        3.071530159104441e-07,
        -1.0153856919714599e-06,
        3.6068570352654206e-07,
        4.1549404272700485e-07,
        0.13788673281669617,
        -0.0027658017352223396,
        -0.03295173496007919,
        -0.3512084186077118,
        -0.8206990361213684,
        0.004792974330484867,
        -0.30492666363716125,
        0.3433876037597656,
        -0.026352515444159508,
        -0.1331510692834854,
        0.025902144610881805,
        -0.03287644684314728,
        -0.4181329309940338,
        -1.3938302993774414,
        -0.5477352142333984,
        -0.3173947334289551,
        0.640380859375,
        0.1544351875782013,
        -0.5993386507034302,
        -0.9507902264595032,
        0.414011150598526,
        -0.563115656375885,
        1.1133943796157837,
        -0.9208877086639404,
        -1.2580128908157349,
        -0.1818205714225769,
        0.0686306357383728,
        -1.811082124710083,
        0.05780442804098129,
        -0.20047271251678467
    ],
    "transl": [
        0.07091239094734192,
        1.6105518341064453,
        -0.09905819594860077
    ],
    "left_hand_pose": [
        -1.5969760417938232,
        1.1843234300613403,
        0.9900709390640259,
        -1.336647629737854,
        -0.21210232377052307,
        -1.6312415599822998,
        2.3787410259246826,
        -0.6342679858207703,
        -5.482270240783691,
        -2.7854833602905273,
        -0.2559897005558014,
        -2.902313709259033
    ],
    "right_hand_pose": [
        -1.5725980997085571,
        1.4669554233551025,
        1.328392505645752,
        -1.2588026523590088,
        -0.658487856388092,
        -1.2541745901107788,
        2.5281193256378174,
        -0.8028993606567383,
        -4.377640724182129,
        -1.5375194549560547,
        1.8751157522201538,
        -0.4008197784423828
    ],
    "jaw_pose": [
        0.020327065140008926,
        0.019176704809069633,
        -0.0456683449447155
    ],
    "leye_pose": [
        0.1470876932144165,
        -0.13810274004936218,
        -0.341306209564209
    ],
    "reye_pose": [
        0.10700810700654984,
        -0.7513901591300964,
        -0.7405150532722473
    ],
    "expression": [
        -1.4503313302993774,
        -0.5302750468254089,
        -0.4135517477989197,
        0.22486011683940887,
        -0.585308313369751,
        -0.5799106955528259,
        0.07569491118192673,
        0.28159505128860474,
        -0.3951148986816406,
        0.3256957232952118
    ],
    "betas": [
        0.7346706390380859,
        -1.3884203433990479,
        0.5921152830123901,
        -2.0383360385894775,
        0.9466447830200195,
        -0.541568398475647,
        2.0594966411590576,
        -1.465659260749817,
        0.21967193484306335,
        -3.4435007572174072
    ]
}