{
    "global_orient": [
        -0.13597773015499115,
        0.10051967203617096,
        0.04089733213186264
    ],
    "body_pose": [
        -0.1339917927980423,
        0.13136513531208038,
        -0.05071061849594116,
        -0.14669540524482727,
        0.23954539000988007,
        0.1219453439116478,
        0.32130181789398193,
        -0.06554777920246124,
        0.10239333659410477,
        0.2738977074623108,
        0.011447562836110592,
        -0.010759389027953148,
        0.44388139247894287,
        0.01929563097655773,
        -0.07075614482164383,
        -0.07075565308332443,
        -0.06092391535639763,
        -0.021516751497983932,
        0.018629999831318855,
        0.06307697296142578,
        -1.3471495208250417e-07,
        -0.0864834189414978,
        0.008602459914982319,
        -1.5712681999957567e-07,
        -0.13705964386463165,
        -0.20776820182800293,
        -0.0018158543389290571,
        -1.2814330148103181e-06,
        -1.0808015105112645e-07,
        -2.787173798424192e-07,
        -1.259995883629017e-06,
        1.8956114899992826e-07,
        9.309790698353027e-07,
        0.0847652330994606,
        0.00716040376573801,
        -0.0027215827722102404,
        -0.2751856744289398,
        -0.6142812967300415,
        0.01125849038362503,
        -0.29287976026535034,
        0.28396716713905334,
        -0.021174943074584007,
        -0.1430770605802536,
        0.035590820014476776,
        -0.0648171454668045,
        -0.29203182458877563,
        -1.2250980138778687,
        -0.5407307744026184,
        -0.3153589069843292,
        0.7564310431480408,
        0.3016342520713806,
        -0.4537433981895447,
        -1.1534355878829956,
        0.5538846254348755,
        -0.5701075792312622,
        1.2271426916122437,
        -0.8733013868331909,
        -1.258054494857788,
        -0.2799058258533478,
        0.11123979836702347,
        -1.8118044137954712,
        -0.038595519959926605,
        -0.16483841836452484
    ],
    "transl": [
        0.051250386983156204,
        1.6151362657546997,
        -0.13667798042297363
    ],
    "left_hand_pose": [
        -1.6169381141662598,
        1.0071544647216797,
        1.206500768661499,
        -1.0177184343338013,
        -0.5106270909309387,
        -1.6997095346450806,
        2.4740118980407715,
        -0.4756034016609192,
        -4.784542083740234,
        -2.4288880825042725,
        -0.37936651706695557,
        -1.893847942352295
    ],
    "right_hand_pose": [
        -1.5140959024429321,
        1.37720787525177,
        1.3218770027160645,
        -1.214507818222046,
        -1.0175285339355469,
        -1.4325525760650635,
        2.718937635421753,
        -0.6549121141433716,
        -5.36387300491333,
        -1.9717917442321777,
        1.4504958391189575,
        -1.5015586614608765
    ],
    "jaw_pose": [
        0.03315196558833122,
        0.010303806513547897,
        -0.02455337531864643
    ],
    "leye_pose": [
        -0.03335428982973099,
        -0.017360081896185875,
        -1.699580430984497
    ],
    "reye_pose": [
        -0.1569928079843521,
        -0.4195001423358917,
        -0.8708869218826294
    ],
    "expression": [
        -1.2741292715072632,
        -0.32766032218933105,
        -0.02277057245373726,
        0.2697182893753052,
        -0.5069882273674011,
        -0.6852068901062012,
        -0.0041086794808506966,
        0.385359525680542,
        -0.23774096369743347,
        0.22099903225898743
    ],
    "betas": [
        0.7346706390380859,
        -1.3884203433990479,
        0.5921152830123901,
        -2.0383360385894775,
        0.9466447830200195,
        -0.541568398475647,
        2.0594966411590576,
        -1.465659260749817,
        0.21967193484306335,
        -3.4435007572174072
    ]
}