{
    "global_orient": [
        -0.40738627314567566,
        -0.7115690112113953,
        -0.1563812494277954
    ],
    "body_pose": [
        -0.2070295810699463,
        0.15377254784107208,
        -0.22046858072280884,
        -0.39108070731163025,
        -0.5486423373222351,
        -0.03334696218371391,
        0.9477759599685669,
        0.13084176182746887,
        0.0865878313779831,
        1.1554155349731445,
        -0.05012015998363495,
        0.40956613421440125,
        1.1486592292785645,
        0.03849432244896889,
        -0.3061041235923767,
        -0.09025824815034866,
        0.1902313232421875,
        -0.013204514048993587,
        -0.4970882833003998,
        0.24377351999282837,
        4.292412540962687e-06,
        -0.4970706105232239,
        0.02423717826604843,
        -4.410258952702861e-06,
        -0.2200813740491867,
        0.01713954098522663,
        -0.12654218077659607,
        -4.443971306500316e-07,
        -5.131157649884699e-07,
        -9.218318268722214e-07,
        -1.1867532521137036e-06,
        1.1282439800197608e-06,
        2.1012504021200584e-06,
        -0.003308055456727743,
        0.006145406514406204,
        0.20456837117671967,
        -0.19804751873016357,
        -0.18396979570388794,
        -0.18876338005065918,
        -0.2614060342311859,
        0.39648330211639404,
        0.24475985765457153,
        -0.1149098351597786,
        -0.012673061341047287,
        -0.1255648285150528,
        -0.16947367787361145,
        -0.434032678604126,
        -0.5542288422584534,
        -0.0043168324045836926,
        1.2924249172210693,
        0.6956222653388977,
        -0.5563847422599792,
        -1.4086395502090454,
        1.031723976135254,
        -0.3469013571739197,
        1.4819717407226562,
        -0.1399010270833969,
        -1.8799364566802979,
        -0.2491375207901001,
        0.10497844964265823,
        -1.1608582735061646,
        0.2587366998195648,
        -0.08353045582771301
    ],
    "transl": [
        0.05732842907309532,
        1.4556806087493896,
        -0.1485757976770401
    ],
    "left_hand_pose": [
        -1.5604698657989502,
        0.942476212978363,
        0.9741233587265015,
        -1.2780197858810425,
        -0.09980364143848419,
        -1.2597055435180664,
        2.386399269104004,
        -0.6753899455070496,
        -4.486292362213135,
        -2.3428075313568115,
        -0.0362665057182312,
        -1.9224213361740112
    ],
    "right_hand_pose": [
        -1.5020114183425903,
        1.2751344442367554,
        1.2587487697601318,
        -1.4397468566894531,
        -0.29456454515457153,
        -0.9449889063835144,
        2.793196201324463,
        -1.3592315912246704,
        -5.20806884765625,
        -2.583031415939331,
        2.0822787284851074,
        -2.1188929080963135
    ],
    "jaw_pose": [
        0.01821078173816204,
        0.018327992409467697,
        -0.029108785092830658
    ],
    "leye_pose": [
        0.3764350712299347,
        0.4234252870082855,
        -1.264702558517456
    ],
    "reye_pose": [
        0.15229007601737976,
        -0.30717524886131287,
        -0.6887282729148865
    ],
    "expression": [
        -1.5567671060562134,
        -0.30514439940452576,
        -0.19352757930755615,
        0.250379353761673,
        -0.48669448494911194,
        -0.9164206385612488,
        -0.11927739530801773,
        0.5232115387916565,
        -0.12769871950149536,
        0.4574669301509857
    ],
    "betas": [
        0.7346706390380859,
        -1.3884203433990479,
        0.5921152830123901,
        -2.0383360385894775,
        0.9466447830200195,
        -0.541568398475647,
        2.0594966411590576,
        -1.465659260749817,
        0.21967193484306335,
        -3.4435007572174072
    ]
}