{
    "global_orient": [
        -0.4170011579990387,
        -0.4675070345401764,
        -0.06968709081411362
    ],
    "body_pose": [
        -0.24335794150829315,
        0.31749892234802246,
        -0.18526169657707214,
        -0.3655474781990051,
        -0.33332115411758423,
        0.0015607441309839487,
        0.9291585683822632,
        0.081309013068676,
        0.03942069411277771,
        1.1159311532974243,
        -0.2240256518125534,
        0.3143433928489685,
        1.0847394466400146,
        -0.032094959169626236,
        -0.3189559578895569,
        -0.06545303016901016,
        0.18428073823451996,
        0.03054630383849144,
        -0.4590107798576355,
        0.05805433169007301,
        3.289867208877695e-06,
        -0.4211770296096802,
        -0.13885056972503662,
        -4.387959506857442e-06,
        -0.17046484351158142,
        -0.07630257308483124,
        -0.11000224202871323,
        -3.925553642147861e-07,
        -5.061153842689237e-07,
        -1.033089802149334e-06,
        -1.5818493466213113e-06,
        9.270239047509676e-07,
        1.8410070197205641e-06,
        -0.03849875181913376,
        -0.026150863617658615,
        0.11945196241140366,
        -0.18673177063465118,
        -0.29663586616516113,
        -0.15674446523189545,
        -0.22609451413154602,
        0.36341923475265503,
        0.11399362236261368,
        -0.14517000317573547,
        -0.038559749722480774,
        -0.0671495720744133,
        -0.1715882420539856,
        -0.6879922747612,
        -0.6225526332855225,
        0.04036538675427437,
        1.166035771369934,
        0.45472240447998047,
        -0.49454179406166077,
        -1.4626067876815796,
        0.9402238726615906,
        -0.4312758445739746,
        1.4711157083511353,
        -0.6597400307655334,
        -1.726885199546814,
        -0.2879413664340973,
        0.05896604806184769,
        -1.3879153728485107,
        0.24507632851600647,
        -0.17193104326725006
    ],
    "transl": [
        0.06588718295097351,
        1.4715949296951294,
        -0.16163955628871918
    ],
    "left_hand_pose": [
        -1.6195213794708252,
        1.0947035551071167,
        1.0062965154647827,
        -1.3916187286376953,
        -0.2048431634902954,
        -1.4614533185958862,
        2.7172014713287354,
        -0.7817570567131042,
        -5.111836910247803,
        -2.7475976943969727,
        -0.03755107894539833,
        -2.255502939224243
    ],
    "right_hand_pose": [
        -1.4786978960037231,
        1.6029884815216064,
        0.9640949368476868,
        -1.1822988986968994,
        -0.6927123665809631,
        -1.032515525817871,
        3.1234071254730225,
        -0.9870174527168274,
        -4.47917366027832,
        -2.25107741355896,
        2.3051538467407227,
        -1.5337127447128296
    ],
    "jaw_pose": [
        0.007816346362233162,
        0.010709470137953758,
        -0.024212196469306946
    ],
    "leye_pose": [
        0.437822550535202,
        0.4192675054073334,
        -1.2615923881530762
    ],
    "reye_pose": [
        -0.01758505403995514,
        -0.2252371460199356,
        -0.8422495126724243
    ],
    "expression": [
        -1.5240747928619385,
        -0.19577163457870483,
        -0.07366805523633957,
        0.3126711845397949,
        -0.5502885580062866,
        -0.923303484916687,
        -0.15773428976535797,
        0.4998686611652374,
        -0.12506958842277527,
        0.38681212067604065
    ],
    "betas": [
        0.7346706390380859,
        -1.3884203433990479,
        0.5921152830123901,
        -2.0383360385894775,
        0.9466447830200195,
        -0.541568398475647,
        2.0594966411590576,
        -1.465659260749817,
        0.21967193484306335,
        -3.4435007572174072
    ]
}