{
    "global_orient": [
        -0.2924555838108063,
        -0.4192890524864197,
        -0.09139586985111237
    ],
    "body_pose": [
        -0.23175793886184692,
        0.3296912610530853,
        0.07571758329868317,
        -0.23319710791110992,
        -0.18415379524230957,
        0.16919060051441193,
        0.6300414204597473,
        -0.02165135182440281,
        -0.07109755277633667,
        0.7850102782249451,
        0.07087905704975128,
        0.15897567570209503,
        0.739741861820221,
        0.009418869391083717,
        -0.20925353467464447,
        -0.03701888769865036,
        -0.015512485057115555,
        0.10505079478025436,
        -0.24295492470264435,
        0.2179267853498459,
        1.8893471178671462e-06,
        -0.2337038666009903,
        -0.08042766898870468,
        -2.653847332112491e-06,
        -0.1568911373615265,
        -0.026783911511301994,
        0.05750991404056549,
        -1.4946494957257528e-06,
        -1.2442528429801314e-07,
        -2.5540188630657212e-08,
        -1.776773160599987e-06,
        7.100001653270738e-07,
        1.9249202978244284e-06,
        0.036405403167009354,
        0.09928903728723526,
        -0.009125162847340107,
        -0.22976936399936676,
        -0.30378371477127075,
        -0.07508612424135208,
        -0.20572257041931152,
        0.32237061858177185,
        0.14845843613147736,
        -0.1155526414513588,
        0.06906118243932724,
        -0.04966345056891441,
        -0.21470199525356293,
        -0.8743417859077454,
        -0.5624574422836304,
        -0.11808715760707855,
        0.9625697135925293,
        0.578838050365448,
        -0.45860639214515686,
        -1.4825012683868408,
        0.6382856965065002,
        -0.3935582637786865,
        1.382241129875183,
        -0.7039476037025452,
        -1.5059493780136108,
        -0.2253568321466446,
        0.08122798055410385,
        -1.5039851665496826,
        0.20695938169956207,
        -0.12752190232276917
    ],
    "transl": [
        0.04547838866710663,
        1.5501528978347778,
        -0.1480172574520111
    ],
    "left_hand_pose": [
        -1.6083332300186157,
        0.9554018974304199,
        1.1223955154418945,
        -1.2416338920593262,
        -0.23655225336551666,
        -1.479005217552185,
        2.4255218505859375,
        -0.6453548073768616,
        -4.716930866241455,
        -2.5421528816223145,
        -0.32109183073043823,
        -2.087548017501831
    ],
    "right_hand_pose": [
        -1.5039688348770142,
        1.4826875925064087,
        1.2146717309951782,
        -1.4411263465881348,
        -0.5164721012115479,
        -1.2204248905181885,
        3.062530040740967,
        -1.1125657558441162,
        -5.619531154632568,
        -2.294041156768799,
        1.9293378591537476,
        -1.2861804962158203
    ],
    "jaw_pose": [
        0.03603009134531021,
        0.016688520088791847,
        -0.026966331526637077
    ],
    "leye_pose": [
        0.1397140473127365,
        0.14014875888824463,
        -1.2222355604171753
    ],
    "reye_pose": [
        0.08601950854063034,
        -0.6075687408447266,
        -0.46017956733703613
    ],
    "expression": [
        -1.2546800374984741,
        -0.3352755010128021,
        -0.13479092717170715,
        0.1415330469608307,
        -0.3876526355743408,
        -0.7648835778236389,
        -0.06997276842594147,
        0.4772554636001587,
        -0.18377035856246948,
        0.3392173945903778
    ],
    "betas": [
        0.7346706390380859,
        -1.3884203433990479,
        0.5921152830123901,
        -2.0383360385894775,
        0.9466447830200195,
        -0.541568398475647,
        2.0594966411590576,
        -1.465659260749817,
        0.21967193484306335,
        -3.4435007572174072
    ]
}