{
    "global_orient": [
        -0.28424006700515747,
        -0.697308361530304,
        -0.08778819441795349
    ],
    "body_pose": [
        -0.18087232112884521,
        0.17772190272808075,
        -0.1839691400527954,
        -0.3006700277328491,
        -0.41029706597328186,
        -0.03629836067557335,
        0.6062356233596802,
        0.15757685899734497,
        0.041779179126024246,
        0.8011917471885681,
        -0.09727170318365097,
        0.3550996780395508,
        0.85147625207901,
        -0.10700096935033798,
        -0.1512291133403778,
        -0.017659718170762062,
        0.13685350120067596,
        0.08814068138599396,
        -0.2435908019542694,
        0.1787991225719452,
        3.30492366629187e-06,
        -0.3232479989528656,
        -0.11535124480724335,
        -3.230054744562949e-06,
        -0.1948803812265396,
        0.07158991694450378,
        -0.10690730065107346,
        -2.9717202210122196e-07,
        -9.210994562636188e-07,
        -1.0590788406261709e-06,
        -1.5618065845046658e-06,
        9.459009788770345e-07,
        1.9968117612734204e-06,
        0.047864194959402084,
        0.031814299523830414,
        0.05603615567088127,
        -0.26608750224113464,
        -0.27103132009506226,
        -0.20511072874069214,
        -0.28246915340423584,
        0.4568570554256439,
        0.015495424158871174,
        -0.15295791625976562,
        -0.024020478129386902,
        -0.026156552135944366,
        -0.27942341566085815,
        -0.5193725824356079,
        -0.5339758992195129,
        -0.14778411388397217,
        1.2242169380187988,
        0.677020788192749,
        -0.6077048778533936,
        -1.3035904169082642,
        0.9840313792228699,
        -0.37840354442596436,
        1.4354835748672485,
        -0.2482266128063202,
        -1.821765661239624,
        -0.2782852053642273,
        0.15232858061790466,
        -1.082139253616333,
        0.17572636902332306,
        -0.1157667264342308
    ],
    "transl": [
        0.021363606676459312,
        1.533873200416565,
        -0.14285022020339966
    ],
    "left_hand_pose": [
        -1.6071704626083374,
        1.0808172225952148,
        0.9463658928871155,
        -1.3458139896392822,
        -0.23946715891361237,
        -1.4903864860534668,
        2.654047966003418,
        -0.5870957374572754,
        -4.793560981750488,
        -2.278635025024414,
        0.32900071144104004,
        -1.6825953722000122
    ],
    "right_hand_pose": [
        -1.4557859897613525,
        1.3574512004852295,
        1.091697335243225,
        -1.3599143028259277,
        -0.51768958568573,
        -0.8944444060325623,
        2.81773042678833,
        -1.186415195465088,
        -4.927505016326904,
        -2.178413152694702,
        2.558183431625366,
        -1.2975785732269287
    ],
    "jaw_pose": [
        0.038535166531801224,
        0.0018470793729647994,
        -0.021377485245466232
    ],
    "leye_pose": [
        0.793497622013092,
        0.6189602613449097,
        -0.9661179780960083
    ],
    "reye_pose": [
        0.10339995473623276,
        -0.09169892966747284,
        -0.5535888671875
    ],
    "expression": [
        -1.5081307888031006,
        -0.04442848637700081,
        0.024179983884096146,
        0.5268793106079102,
        -0.5327978134155273,
        -0.7980577945709229,
        -0.051012031733989716,
        0.5379058122634888,
        -0.04693352058529854,
        0.4013809859752655
    ],
    "betas": [
        0.7346706390380859,
        -1.3884203433990479,
        0.5921152830123901,
        -2.0383360385894775,
        0.9466447830200195,
        -0.541568398475647,
        2.0594966411590576,
        -1.465659260749817,
        0.21967193484306335,
        -3.4435007572174072
    ]
}