{
    "betas": [
        0.6591301560401917,
        -0.9047122001647949,
        0.4287031590938568,
        -0.4438251852989197,
        0.016479860991239548,
        0.028706060722470284,
        0.8388078808784485,
        -0.5347586870193481,
        0.2018727958202362,
        -1.3605899810791016
    ],
    "global_orient": [
        -0.05298016220331192,
        -0.8080959320068359,
        -0.0035574319772422314
    ],
    "body_pose": [
        0.09800700843334198,
        0.14275293052196503,
        0.1329154074192047,
        -0.2776484489440918,
        -0.09165344387292862,
        -0.013386338017880917,
        0.07727363705635071,
        -0.07793202251195908,
        0.014291899278759956,
        0.2990633547306061,
        -0.1502688229084015,
        -0.006056503392755985,
        0.39647817611694336,
        -0.016301065683364868,
        0.02787921391427517,
        0.14317096769809723,
        -0.03976236656308174,
        -0.09195853769779205,
        -0.005414304789155722,
        0.21407799422740936,
        -9.220865138104273e-08,
        0.03117247298359871,
        -0.3228326141834259,
        -9.007972948893439e-06,
        -0.09228796511888504,
        -0.07572978734970093,
        -0.015244471840560436,
        5.381749360822141e-06,
        1.163643219115329e-06,
        4.420407094585244e-06,
        3.0579960821341956e-06,
        2.8198917334520957e-06,
        -3.386350499567925e-06,
        -0.1562536507844925,
        0.13768282532691956,
        0.1250133365392685,
        0.016894711181521416,
        -0.08269701898097992,
        -0.1153315082192421,
        -0.23922590911388397,
        0.3818933665752411,
        -0.006298433057963848,
        -0.07738137245178223,
        0.11254099756479263,
        -0.10541542619466782,
        -0.03725583851337433,
        -0.0949818566441536,
        -0.7357471585273743,
        -0.20565682649612427,
        0.7294515371322632,
        -0.06492346525192261,
        -0.0742139220237732,
        -0.21968193352222443,
        -0.2920960485935211,
        -0.0023475373163819313,
        0.500657320022583,
        -0.128495454788208,
        0.37461182475090027,
        0.018539240583777428,
        -0.24966983497142792,
        -0.2216329574584961,
        -0.13278338313102722,
        -0.056210700422525406
    ],
    "transl": [
        -0.4025520086288452,
        1.605172038078308,
        -0.015446643345057964
    ],
    "left_hand_pose": [
        -2.547691583633423,
        0.46506810188293457,
        -1.4571774005889893,
        -2.5245249271392822,
        0.476604163646698,
        1.3911187648773193,
        -0.49312418699264526,
        -0.2602440416812897,
        -0.5852352976799011,
        -0.6775776147842407,
        1.296945333480835,
        -3.6538257598876953
    ],
    "right_hand_pose": [
        -2.383828639984131,
        1.469092845916748,
        -1.6615196466445923,
        -2.4686944484710693,
        0.6030104756355286,
        2.7603468894958496,
        -0.0264835637062788,
        -1.408275842666626,
        0.3078501522541046,
        -0.4041704535484314,
        2.213193893432617,
        -2.1262047290802
    ],
    "jaw_pose": [
        0.0005868190200999379,
        0.03257353603839874,
        -0.05051688849925995
    ],
    "leye_pose": [
        0.19525699317455292,
        -0.23406982421875,
        -0.34560757875442505
    ],
    "reye_pose": [
        -0.28539279103279114,
        -0.13639219105243683,
        0.20741574466228485
    ],
    "expression": [
        -0.6507562398910522,
        -0.9009459614753723,
        0.035103630274534225,
        0.45992448925971985,
        -0.6405218839645386,
        -0.6266581416130066,
        -0.08506439626216888,
        0.6123397350311279,
        -0.22222059965133667,
        0.37559276819229126
    ]
}