{
    "betas": [
        0.7493941783905029,
        -0.7293460965156555,
        0.9168260097503662,
        -0.5294464230537415,
        -0.2284878045320511,
        -0.04012967646121979,
        -0.013739352114498615,
        -0.6591393351554871,
        -0.3095637857913971,
        -1.8263877630233765
    ],
    "global_orient": [
        -0.13034458458423615,
        -0.5747068524360657,
        -0.11776937544345856
    ],
    "body_pose": [
        -0.11611674726009369,
        0.17625753581523895,
        0.09403511881828308,
        -0.09408378601074219,
        0.01701977103948593,
        0.005324586294591427,
        0.08791611343622208,
        -0.18561570346355438,
        -0.004464393947273493,
        0.6362663507461548,
        0.0033477535471320152,
        -0.03854513168334961,
        0.30655962228775024,
        0.23135904967784882,
        -0.002946738386526704,
        0.2536284625530243,
        0.07570647448301315,
        -0.02291024848818779,
        -0.11225610971450806,
        0.44687527418136597,
        6.404472514986992e-06,
        0.3104252517223358,
        -0.2907262444496155,
        -8.393194548261818e-06,
        -0.07402566820383072,
        -0.11924801766872406,
        0.04099719226360321,
        8.026560863072518e-06,
        3.5469793147058226e-06,
        1.0006474440160673e-05,
        5.933870397711871e-06,
        2.2526178327098023e-06,
        -6.069420805943082e-07,
        -0.3033241331577301,
        0.0861353874206543,
        0.1262022852897644,
        -0.051953285932540894,
        -0.06771675497293472,
        0.05970233306288719,
        -0.06540787220001221,
        0.08331545442342758,
        0.06430284678936005,
        0.06235300377011299,
        0.035497501492500305,
        -0.1333177536725998,
        0.2719089388847351,
        -0.6940666437149048,
        -0.5604575872421265,
        -0.041531115770339966,
        0.5550525188446045,
        0.4204690754413605,
        -0.06904327124357224,
        -1.8290064334869385,
        0.5702329874038696,
        -0.006267050746828318,
        2.0798113346099854,
        -0.47156864404678345,
        0.2178223580121994,
        -0.39817702770233154,
        0.005646636709570885,
        -0.2770743668079376,
        0.13562901318073273,
        0.2225000560283661
    ],
    "transl": [
        -0.1249433234333992,
        1.6139609813690186,
        0.03534911945462227
    ],
    "left_hand_pose": [
        -3.715543508529663,
        0.14278270304203033,
        -0.8906981348991394,
        -2.2644424438476562,
        -1.3210529088974,
        1.6501072645187378,
        -0.1979946494102478,
        -0.0415387824177742,
        0.5257312655448914,
        1.1215240955352783,
        3.6835198402404785,
        -1.9113706350326538
    ],
    "right_hand_pose": [
        -2.8818647861480713,
        1.1609809398651123,
        0.7836288809776306,
        -1.956986904144287,
        -0.4833695590496063,
        0.11055704206228256,
        1.5643571615219116,
        -0.7984802722930908,
        -2.5819485187530518,
        0.7276217341423035,
        4.830537796020508,
        2.550590753555298
    ],
    "jaw_pose": [
        -0.013752510771155357,
        0.033483993262052536,
        -0.030829377472400665
    ],
    "leye_pose": [
        0.04419000446796417,
        -0.18564960360527039,
        -1.4915692806243896
    ],
    "reye_pose": [
        0.01844414696097374,
        -0.06830213963985443,
        0.22135530412197113
    ],
    "expression": [
        -0.7054987549781799,
        -0.4253118634223938,
        0.03182149678468704,
        0.3646666705608368,
        -0.5634235143661499,
        -0.585013210773468,
        -0.07222936302423477,
        0.5368483066558838,
        -0.1678210347890854,
        0.30583456158638
    ]
}