{
    "betas": [
        0.5542305707931519,
        -0.7538636326789856,
        0.427132785320282,
        0.20627477765083313,
        0.25424709916114807,
        -0.10230663418769836,
        0.37114837765693665,
        -0.6963607668876648,
        0.006011771969497204,
        -1.79092276096344
    ],
    "global_orient": [
        -0.11963806301355362,
        0.2190321534872055,
        -0.02671145088970661
    ],
    "body_pose": [
        -0.06990418583154678,
        0.20552508533000946,
        0.19108718633651733,
        -0.10566166788339615,
        -0.011436626315116882,
        -0.08786503970623016,
        -0.04154416546225548,
        -0.07266295701265335,
        -0.013217974454164505,
        0.3191240429878235,
        -0.422989159822464,
        -0.001373590319417417,
        0.34214428067207336,
        0.16114619374275208,
        0.0070662181824445724,
        0.15718472003936768,
        -0.002476479858160019,
        -0.05064484849572182,
        -0.09130154550075531,
        0.2984148859977722,
        2.540661625971552e-06,
        0.03067338466644287,
        -0.2737163305282593,
        -3.712962552526733e-06,
        -0.07304343581199646,
        -0.009967358782887459,
        0.003158479230478406,
        8.358268132724334e-06,
        3.8343614505720325e-06,
        5.124311428517103e-06,
        2.5372073650942184e-06,
        5.193911079004465e-07,
        -2.5310717433058016e-07,
        -0.07474782317876816,
        0.10858254134654999,
        -0.0013338304124772549,
        -0.325865238904953,
        -0.309859037399292,
        0.48100194334983826,
        -0.25473082065582275,
        0.24852676689624786,
        -0.15558989346027374,
        -0.04383407533168793,
        -0.132514089345932,
        -0.004738463554531336,
        -0.14995485544204712,
        -0.8342794179916382,
        0.4550422728061676,
        -0.43960294127464294,
        0.3333643674850464,
        -0.21722567081451416,
        -0.3911263942718506,
        -0.5048366785049438,
        0.3994075655937195,
        -0.5210362076759338,
        0.1644756942987442,
        -0.3949239253997803,
        0.3202541768550873,
        0.028960298746824265,
        0.21462230384349823,
        -0.7649348974227905,
        -0.10246806591749191,
        -0.3094865083694458
    ],
    "transl": [
        -0.13407063484191895,
        1.5906792879104614,
        -0.03815750405192375
    ],
    "left_hand_pose": [
        -3.2221946716308594,
        0.7601979374885559,
        -1.474360466003418,
        -2.5333995819091797,
        -0.16035255789756775,
        2.5741727352142334,
        -0.37909218668937683,
        -1.182782530784607,
        -0.5573976635932922,
        -0.7890833020210266,
        1.5756351947784424,
        -4.45250940322876
    ],
    "right_hand_pose": [
        -3.162810802459717,
        2.0568931102752686,
        -0.23496860265731812,
        -1.7315189838409424,
        -1.0811052322387695,
        2.1394424438476562,
        0.8172239661216736,
        -1.0150082111358643,
        -0.11695608496665955,
        0.20267777144908905,
        4.248253345489502,
        -1.6198588609695435
    ],
    "jaw_pose": [
        0.009186399169266224,
        -0.014238473027944565,
        0.03875795751810074
    ],
    "leye_pose": [
        -0.21135106682777405,
        0.6413768529891968,
        -0.17806242406368256
    ],
    "reye_pose": [
        -0.4377897083759308,
        0.38724732398986816,
        -0.46690821647644043
    ],
    "expression": [
        -0.75034499168396,
        -0.32702282071113586,
        0.17102883756160736,
        0.5876844525337219,
        -0.4769825339317322,
        -0.370769739151001,
        -0.13702858984470367,
        0.7969300150871277,
        0.09310981631278992,
        -0.10170336067676544
    ]
}