{
    "betas": [
        0.5210027098655701,
        -0.7101858258247375,
        0.3570634722709656,
        0.10505581647157669,
        0.2638850212097168,
        -0.0207818616181612,
        0.45264577865600586,
        -0.8145573139190674,
        0.0685301423072815,
        -1.7690123319625854
    ],
    "global_orient": [
        -0.15609316527843475,
        0.4787055552005768,
        0.017953528091311455
    ],
    "body_pose": [
        -0.1277666985988617,
        0.33392333984375,
        0.11645933985710144,
        0.08837971091270447,
        0.29976385831832886,
        -0.13752391934394836,
        -0.025357084348797798,
        0.11632028222084045,
        0.07119865715503693,
        0.3507644534111023,
        -0.5415911078453064,
        0.004869500175118446,
        0.22703151404857635,
        -0.03383930027484894,
        0.058518219739198685,
        0.2216956466436386,
        0.11761381477117538,
        -0.05174455791711807,
        -0.02326260693371296,
        0.18388058245182037,
        2.142330004062387e-06,
        0.04503940790891647,
        -0.6354421973228455,
        -4.24497284257086e-06,
        -0.16415248811244965,
        -0.04399748519062996,
        0.040952980518341064,
        7.642536729690619e-06,
        3.696766952998587e-06,
        4.690897640102776e-06,
        1.7021195617417106e-06,
        1.4032730177859776e-06,
        -4.333120529054213e-08,
        -0.07469052076339722,
        -0.06285998970270157,
        0.082095667719841,
        -0.2667270004749298,
        -0.3212447166442871,
        0.38233891129493713,
        -0.3671256899833679,
        0.32739368081092834,
        -0.4387921392917633,
        -0.05710547789931297,
        -0.11896499991416931,
        -0.03961757570505142,
        -0.26600298285484314,
        -0.5095952153205872,
        0.28912803530693054,
        -0.2221258133649826,
        0.989201009273529,
        -0.4573879837989807,
        -0.3942793607711792,
        -0.07837364822626114,
        0.08763723075389862,
        -0.2853040099143982,
        0.5843886733055115,
        -0.4502992630004883,
        0.3796195983886719,
        0.21058164536952972,
        -0.006289902608841658,
        -0.4838453531265259,
        -0.12354470044374466,
        0.05679377168416977
    ],
    "transl": [
        -0.08594192564487457,
        1.5961004495620728,
        -0.06870435178279877
    ],
    "left_hand_pose": [
        -3.051345109939575,
        0.7432969212532043,
        -1.7449806928634644,
        -2.595456600189209,
        0.09955520927906036,
        2.5611653327941895,
        -0.4912032186985016,
        -1.204865574836731,
        -1.745902419090271,
        -1.6845754384994507,
        1.1572169065475464,
        -5.605313777923584
    ],
    "right_hand_pose": [
        -3.1100687980651855,
        1.406701922416687,
        1.1516515016555786,
        -1.8600398302078247,
        -1.029470682144165,
        -0.042296506464481354,
        1.4777398109436035,
        -0.8908756375312805,
        -2.7687416076660156,
        0.7332570552825928,
        5.3082475662231445,
        1.4461498260498047
    ],
    "jaw_pose": [
        0.0038763696793466806,
        -0.022347839549183846,
        0.02117285504937172
    ],
    "leye_pose": [
        -0.09676284343004227,
        0.10455989092588425,
        0.15741463005542755
    ],
    "reye_pose": [
        -0.2042614370584488,
        0.14406684041023254,
        -0.49158111214637756
    ],
    "expression": [
        -0.5283816456794739,
        -0.24247318506240845,
        0.5626754760742188,
        0.507220983505249,
        -0.5907482504844666,
        -0.34152236580848694,
        -0.1718122810125351,
        0.4325193762779236,
        -0.3248808681964874,
        0.05397028475999832
    ]
}