{
    "betas": [
        0.6567638516426086,
        -0.8933326005935669,
        0.3864106237888336,
        0.054128747433423996,
        0.2472764104604721,
        -0.05533304810523987,
        0.3301352560520172,
        -0.587420642375946,
        -0.03719153255224228,
        -1.8869352340698242
    ],
    "global_orient": [
        -0.12553900480270386,
        0.1580820381641388,
        -0.030863219872117043
    ],
    "body_pose": [
        -0.07168202102184296,
        0.27202990651130676,
        0.2165064960718155,
        -0.12556582689285278,
        0.02160446159541607,
        -0.06080271676182747,
        -0.021942606195807457,
        -0.0609881691634655,
        0.001689342549070716,
        0.33690640330314636,
        -0.3278587758541107,
        0.023133456707000732,
        0.36259323358535767,
        0.08967769891023636,
        -0.008971176110208035,
        0.15296654403209686,
        -0.010595696046948433,
        -0.039662040770053864,
        0.0031476363074034452,
        0.18125243484973907,
        5.679573860106757e-07,
        0.042265549302101135,
        -0.13749410212039948,
        -2.1420632947410922e-06,
        -0.05104707553982735,
        -0.02280689962208271,
        0.0033109006471931934,
        6.863927410449833e-06,
        1.1490213864817633e-06,
        4.025538146379404e-06,
        2.6651446205505636e-06,
        1.4824687468717457e-06,
        -3.605082952162775e-07,
        -0.06904211640357971,
        0.10780167579650879,
        -0.013899474404752254,
        -0.28962138295173645,
        -0.37025514245033264,
        0.3792969584465027,
        -0.24935702979564667,
        0.2716844379901886,
        -0.07868288457393646,
        -0.07409455627202988,
        -0.11964554339647293,
        0.0028497716411948204,
        -0.12439333647489548,
        -0.9057695269584656,
        0.2324434071779251,
        -0.5273025631904602,
        0.29354116320610046,
        -0.06936196982860565,
        -0.30597350001335144,
        -0.6409603953361511,
        0.3825870156288147,
        -0.4493272006511688,
        0.08812973648309708,
        -0.20377829670906067,
        0.27950116991996765,
        -0.03150548040866852,
        0.2091478556394577,
        -0.6652230024337769,
        -0.11614612489938736,
        -0.33276352286338806
    ],
    "transl": [
        -0.15030796825885773,
        1.5910849571228027,
        -0.038504842668771744
    ],
    "left_hand_pose": [
        -3.2097790241241455,
        0.7876837849617004,
        -1.1353050470352173,
        -2.708892345428467,
        0.14177758991718292,
        2.459228038787842,
        -0.19144877791404724,
        -1.1854207515716553,
        -0.1732042282819748,
        -0.4629632532596588,
        1.5695096254348755,
        -3.2202553749084473
    ],
    "right_hand_pose": [
        -3.006671905517578,
        2.0160083770751953,
        -0.19486835598945618,
        -2.0641002655029297,
        -0.8438484072685242,
        2.1207919120788574,
        0.9683467149734497,
        -1.2321696281433105,
        -0.6310634613037109,
        0.1174701452255249,
        3.79815411567688,
        -1.1371030807495117
    ],
    "jaw_pose": [
        0.010479678399860859,
        -0.014981847256422043,
        0.03137902542948723
    ],
    "leye_pose": [
        -0.043043091893196106,
        0.5820168852806091,
        -0.3449854254722595
    ],
    "reye_pose": [
        -0.31613877415657043,
        0.3637445271015167,
        -0.5854361653327942
    ],
    "expression": [
        -0.7968407273292542,
        -0.27138999104499817,
        0.3615700602531433,
        0.6261459589004517,
        -0.5556055307388306,
        -0.3471481204032898,
        -0.20920751988887787,
        0.7897586822509766,
        0.11463692784309387,
        -0.06342340260744095
    ]
}