{
    "betas": [
        0.7548487782478333,
        -1.1744695901870728,
        0.5212934613227844,
        -0.7466086745262146,
        0.013775519095361233,
        -0.004891218151897192,
        0.9754103422164917,
        -0.34658554196357727,
        0.29485562443733215,
        -1.6253817081451416
    ],
    "global_orient": [
        -0.022736532613635063,
        -1.9183733463287354,
        -0.1201026514172554
    ],
    "body_pose": [
        -0.16777871549129486,
        0.18827854096889496,
        -0.12657380104064941,
        -0.023137127980589867,
        0.08136509358882904,
        0.03960235416889191,
        0.07923105359077454,
        0.028614234179258347,
        0.04951135069131851,
        0.24065928161144257,
        -0.1964520812034607,
        0.08318972587585449,
        0.3718726336956024,
        -0.06162027269601822,
        0.014876404777169228,
        0.16257356107234955,
        0.04057488590478897,
        -0.037174783647060394,
        0.027442462742328644,
        0.12544335424900055,
        4.553141025098739e-06,
        -0.06470929086208344,
        -0.1873003989458084,
        -3.6625301618187223e-06,
        -0.02395118772983551,
        0.04780071601271629,
        0.0005039835232309997,
        6.154156380944187e-06,
        1.4342720078275306e-06,
        5.2637406042777e-06,
        1.089357851924433e-06,
        1.6139092622324824e-06,
        5.88183183936053e-07,
        -0.06854351609945297,
        0.1589818298816681,
        0.050222355872392654,
        -0.11431850492954254,
        -0.10817575454711914,
        -0.09592075645923615,
        -0.1439751237630844,
        0.42481663823127747,
        0.20684200525283813,
        0.08999837189912796,
        0.04638035595417023,
        -0.049620620906353,
        -0.047964662313461304,
        -0.47199347615242004,
        -0.9084272980690002,
        -0.16038841009140015,
        0.6166316866874695,
        0.5944256782531738,
        0.04820438474416733,
        -0.6702163219451904,
        -0.24762976169586182,
        0.051487844437360764,
        0.5708560347557068,
        0.12118104845285416,
        0.19110223650932312,
        0.147621750831604,
        -0.22655269503593445,
        -0.12226571142673492,
        -0.13839563727378845,
        0.5334607362747192
    ],
    "transl": [
        0.09962756931781769,
        1.6042834520339966,
        0.10114933550357819
    ],
    "left_hand_pose": [
        -1.3662950992584229,
        2.2131295204162598,
        -1.828755259513855,
        -2.97487735748291,
        2.2131378650665283,
        2.3904869556427,
        0.4744126498699188,
        -1.8864485025405884,
        -1.3059399127960205,
        -1.639943242073059,
        1.3206599950790405,
        -2.8088996410369873
    ],
    "right_hand_pose": [
        -1.2272648811340332,
        2.345947265625,
        -1.288549780845642,
        -3.238356828689575,
        2.0810768604278564,
        1.9538295269012451,
        0.5285286903381348,
        -1.6765339374542236,
        -2.06219482421875,
        -1.854446291923523,
        1.4981400966644287,
        -2.946939706802368
    ],
    "jaw_pose": [
        0.01980786956846714,
        0.025210846215486526,
        -0.04101612791419029
    ],
    "leye_pose": [
        0.08606518059968948,
        -0.25669288635253906,
        -0.20283512771129608
    ],
    "reye_pose": [
        -0.3883660137653351,
        -0.1812806874513626,
        -0.4398859441280365
    ],
    "expression": [
        -0.44499239325523376,
        -0.5104546546936035,
        -0.15692482888698578,
        0.04412835091352463,
        -0.5539566874504089,
        -0.6334457993507385,
        0.008099116384983063,
        0.5524289608001709,
        -0.12411441653966904,
        0.4364750385284424
    ]
}