{
    "betas": [
        0.8533821702003479,
        -0.7879055142402649,
        1.0315967798233032,
        -0.48073020577430725,
        -0.0833149328827858,
        -0.06256921589374542,
        -0.03734811767935753,
        -0.9712504744529724,
        -0.44632112979888916,
        -1.9202462434768677
    ],
    "global_orient": [
        -0.23110859096050262,
        0.6542426943778992,
        0.039861731231212616
    ],
    "body_pose": [
        -0.14295372366905212,
        0.42272546887397766,
        -0.0009800326079130173,
        -0.03795944154262543,
        0.21160922944545746,
        -0.1341063678264618,
        0.14857488870620728,
        -0.2720535099506378,
        -0.03921535611152649,
        0.4857621192932129,
        -0.357765793800354,
        0.05230594426393509,
        0.616630494594574,
        -0.08924076706171036,
        -0.14988848567008972,
        0.241755411028862,
        0.10113196820020676,
        -0.06270258873701096,
        -0.13801530003547668,
        0.2727181613445282,
        5.866575065738289e-06,
        0.47462135553359985,
        -0.550028920173645,
        -4.193424047116423e-06,
        -0.018617063760757446,
        0.11504309624433517,
        0.01671786978840828,
        9.097590009332635e-06,
        2.9537081900343765e-06,
        6.383540494425688e-06,
        1.260497356270207e-06,
        1.8655903204489732e-06,
        -4.313200179240084e-07,
        -0.31200894713401794,
        -0.019099140539765358,
        0.06365317106246948,
        -0.0985703244805336,
        -0.05813714116811752,
        0.06353183090686798,
        -0.09186273068189621,
        -0.1193637028336525,
        0.05995908007025719,
        0.17779740691184998,
        -0.03200773149728775,
        -0.023806078359484673,
        0.21555060148239136,
        -0.7652720212936401,
        -0.22883641719818115,
        -0.0033537347335368395,
        0.4806896150112152,
        0.4721420705318451,
        -0.04583778232336044,
        -1.7591607570648193,
        0.6483308672904968,
        0.038057681173086166,
        2.0591328144073486,
        0.01186220534145832,
        0.15105663239955902,
        -0.3126569986343384,
        -0.3015020489692688,
        0.006322824861854315,
        0.05461043491959572,
        0.3029153048992157
    ],
    "transl": [
        0.029517199844121933,
        1.5835888385772705,
        -0.16624771058559418
    ],
    "left_hand_pose": [
        -3.5013346672058105,
        0.5342562794685364,
        -0.48815980553627014,
        -2.180752754211426,
        -1.1533293724060059,
        1.5249534845352173,
        1.2133206129074097,
        -0.3562067151069641,
        -0.1527913212776184,
        0.7242809534072876,
        2.66074275970459,
        -0.877844512462616
    ],
    "right_hand_pose": [
        -2.8325634002685547,
        1.0217238664627075,
        0.435269296169281,
        -2.034292697906494,
        -0.1373251974582672,
        0.7443205118179321,
        1.397660732269287,
        -0.5902653336524963,
        -0.2654389441013336,
        0.8630587458610535,
        4.111557960510254,
        2.049786329269409
    ],
    "jaw_pose": [
        -0.0051043969579041,
        -0.01859106868505478,
        0.04371466487646103
    ],
    "leye_pose": [
        -0.13015170395374298,
        0.5137155055999756,
        -0.5012317895889282
    ],
    "reye_pose": [
        -0.3330337703227997,
        0.22700618207454681,
        -0.6706432700157166
    ],
    "expression": [
        -0.9781739711761475,
        -0.5499364733695984,
        -0.1623493731021881,
        -0.04589392989873886,
        -0.5528239011764526,
        -0.6955587267875671,
        -0.05777627229690552,
        0.7058027982711792,
        -0.12561729550361633,
        0.28168079257011414
    ]
}