{
    "betas": [
        0.79256671667099,
        -0.6869794726371765,
        0.8988166451454163,
        -0.26385048031806946,
        0.01790573075413704,
        -0.02263418212532997,
        0.06400793045759201,
        -0.5573443174362183,
        -0.7475553154945374,
        -1.7655800580978394
    ],
    "global_orient": [
        -0.21892325580120087,
        1.517295002937317,
        0.08698724955320358
    ],
    "body_pose": [
        0.01348248589783907,
        0.2965857684612274,
        -0.03018052503466606,
        -0.3353026807308197,
        -0.0685248002409935,
        0.03116656467318535,
        0.18404030799865723,
        -0.2824287414550781,
        0.07918572425842285,
        0.2675960659980774,
        -0.4629323184490204,
        0.0217669066041708,
        0.6942281723022461,
        0.21371148526668549,
        0.023335715755820274,
        0.11340273916721344,
        -0.03426763415336609,
        -0.13091878592967987,
        0.04040025919675827,
        0.2012513279914856,
        4.681853624788346e-06,
        0.33828791975975037,
        -0.25718358159065247,
        -7.600240223837318e-06,
        -0.046211253851652145,
        -0.09315069019794464,
        0.025105943903326988,
        8.111677743727341e-06,
        4.229457317705965e-06,
        7.987272510945331e-06,
        1.6177451698240475e-06,
        4.117171101825079e-06,
        -8.209044608520344e-07,
        -0.13996529579162598,
        -0.03563356027007103,
        0.14866557717323303,
        -0.07778503745794296,
        0.011716651730239391,
        0.22790667414665222,
        -0.04269394278526306,
        -0.07091335952281952,
        0.04256018251180649,
        0.17764197289943695,
        -0.020831173285841942,
        -0.05725966393947601,
        0.24258621037006378,
        -0.7559607625007629,
        -0.2740136981010437,
        0.06832095235586166,
        0.5718694925308228,
        0.4012647867202759,
        -0.16217577457427979,
        -1.7119804620742798,
        0.7757997512817383,
        -0.09900736063718796,
        2.0550687313079834,
        -0.48484113812446594,
        0.02166331373155117,
        -0.4338080883026123,
        -0.1672324687242508,
        -0.32051169872283936,
        0.15864932537078857,
        0.11247614771127701
    ],
    "transl": [
        0.12665598094463348,
        1.6114288568496704,
        -0.18937397003173828
    ],
    "left_hand_pose": [
        -3.5359995365142822,
        0.5663169026374817,
        -0.5685886740684509,
        -2.23721981048584,
        -1.252518653869629,
        1.2037957906723022,
        0.9704880118370056,
        -0.07197706401348114,
        -0.6503021121025085,
        0.4049086272716522,
        2.5219228267669678,
        -1.634556770324707
    ],
    "right_hand_pose": [
        -3.100637674331665,
        1.313868522644043,
        0.4559083580970764,
        -1.81447172164917,
        -1.0764005184173584,
        0.304818719625473,
        1.3307197093963623,
        -0.4967132806777954,
        -1.6949560642242432,
        0.5597466230392456,
        3.8849117755889893,
        0.8762874007225037
    ],
    "jaw_pose": [
        -0.00790418777614832,
        -0.02063395082950592,
        0.050676342099905014
    ],
    "leye_pose": [
        -0.07272019982337952,
        0.5394024848937988,
        -0.46610039472579956
    ],
    "reye_pose": [
        -0.15996651351451874,
        0.24642406404018402,
        -0.6908860802650452
    ],
    "expression": [
        -0.8290411829948425,
        -0.5490455627441406,
        -0.25849270820617676,
        -0.00685829296708107,
        -0.515047550201416,
        -0.7404246926307678,
        -0.11360041797161102,
        0.6866087913513184,
        -0.15712708234786987,
        0.4552139639854431
    ]
}