{
    "betas": [
        0.7812540531158447,
        -0.8053200244903564,
        0.38616326451301575,
        -0.9331383109092712,
        -0.018463296815752983,
        0.024455910548567772,
        0.9251550436019897,
        -0.3262290954589844,
        0.2592800259590149,
        -1.4793205261230469
    ],
    "global_orient": [
        -0.07040604948997498,
        0.29513394832611084,
        -0.013523617759346962
    ],
    "body_pose": [
        -0.09125357121229172,
        0.23764581978321075,
        0.01395697146654129,
        -0.09110323339700699,
        0.02062896639108658,
        -0.2784537672996521,
        0.0509314201772213,
        -0.1923103928565979,
        0.005959496833384037,
        0.3986114263534546,
        -0.24138407409191132,
        0.013764027506113052,
        0.5564639568328857,
        -0.0005191245581954718,
        -0.10511310398578644,
        0.29669541120529175,
        0.13070574402809143,
        -0.08897340297698975,
        -0.18918806314468384,
        0.23570667207241058,
        3.1236086215358227e-06,
        0.5649627447128296,
        -0.4635888338088989,
        -3.5475927688821685e-06,
        -0.1310969591140747,
        0.04118393734097481,
        -0.012742810882627964,
        6.177879640745232e-06,
        2.7577982564253034e-06,
        3.2026259759732056e-06,
        2.0349807172692636e-08,
        2.67627655148317e-07,
        -1.3191645393817453e-06,
        -0.2134953886270523,
        0.11284314095973969,
        -0.013625961728394032,
        -0.040547363460063934,
        -0.08861576020717621,
        -0.22520776093006134,
        -0.0034268656745553017,
        0.023482920601963997,
        0.358233779668808,
        -0.01779077760875225,
        0.04212312027812004,
        -0.022651277482509613,
        0.07377508282661438,
        -0.38450440764427185,
        -0.9804220795631409,
        -0.03942091763019562,
        0.1589307337999344,
        0.7844424247741699,
        0.09582385420799255,
        -0.46105489134788513,
        -0.2301291972398758,
        0.059185098856687546,
        0.6355805397033691,
        0.06585172563791275,
        0.51581871509552,
        -0.04840008541941643,
        0.0721147358417511,
        -0.04459023103117943,
        -0.10068119317293167,
        -0.20470024645328522
    ],
    "transl": [
        0.16116830706596375,
        1.580079197883606,
        0.06233188882470131
    ],
    "left_hand_pose": [
        -2.4914464950561523,
        1.647498369216919,
        -1.1477771997451782,
        -3.433058261871338,
        1.969642162322998,
        2.0485949516296387,
        0.37781110405921936,
        -0.8640528917312622,
        0.7617151737213135,
        -0.04517017677426338,
        1.7303664684295654,
        -0.4229871928691864
    ],
    "right_hand_pose": [
        -2.237440824508667,
        1.1697418689727783,
        -0.7173305749893188,
        -2.429947853088379,
        0.630108654499054,
        1.5025584697723389,
        -0.09291744977235794,
        -0.2855207026004791,
        1.6661670207977295,
        1.1395334005355835,
        3.3998658657073975,
        0.6431317329406738
    ],
    "jaw_pose": [
        -0.005455114878714085,
        -0.019580136984586716,
        0.034663885831832886
    ],
    "leye_pose": [
        -0.6584873795509338,
        0.44919610023498535,
        -1.3102298974990845
    ],
    "reye_pose": [
        -0.3556988835334778,
        0.29409947991371155,
        -0.4113118648529053
    ],
    "expression": [
        -0.35102003812789917,
        -0.37658944725990295,
        0.027422981336712837,
        0.022405380383133888,
        -0.6823206543922424,
        -0.3913133442401886,
        -0.09986990690231323,
        0.6452818512916565,
        -0.06028646603226662,
        0.18927709758281708
    ]
}