{
    "betas": [
        0.889032244682312,
        -1.2115503549575806,
        0.46319931745529175,
        -0.2764846980571747,
        0.1777012199163437,
        -0.03416416049003601,
        1.1608428955078125,
        -0.6634946465492249,
        0.20523948967456818,
        -1.9332714080810547
    ],
    "global_orient": [
        -0.04963810369372368,
        1.4955165386199951,
        -0.11955700069665909
    ],
    "body_pose": [
        -0.26948559284210205,
        0.1234089583158493,
        -0.03686615452170372,
        0.24993593990802765,
        0.18931707739830017,
        0.04281051084399223,
        0.07333008944988251,
        0.00855818297713995,
        0.14500916004180908,
        0.2815817594528198,
        -0.2948465049266815,
        0.04288223385810852,
        0.30881571769714355,
        0.18916653096675873,
        -0.012583328410983086,
        0.028840448707342148,
        0.07849679887294769,
        -0.05017750337719917,
        0.11676619201898575,
        0.08321429044008255,
        2.1715794673582423e-07,
        0.8080078959465027,
        0.02585105039179325,
        7.060253324198129e-07,
        -0.06651465594768524,
        0.040141746401786804,
        0.0032090027816593647,
        4.875045306107495e-06,
        1.8674928696782445e-06,
        4.542382157524116e-06,
        -2.9210838192739175e-07,
        2.159715677407803e-06,
        1.772258883647737e-06,
        -0.013914830051362514,
        -0.05811211094260216,
        0.023992540314793587,
        -0.32351651787757874,
        -0.5392857789993286,
        0.37195083498954773,
        -0.08748325705528259,
        0.6057436466217041,
        0.10814918577671051,
        -0.058076996356248856,
        -0.0892549604177475,
        0.04453825578093529,
        -0.1646599918603897,
        -0.9135403037071228,
        0.17906677722930908,
        -0.11156203597784042,
        0.736737072467804,
        0.4675005376338959,
        -0.11754513531923294,
        -0.15650151669979095,
        0.025685906410217285,
        -0.0005997250555083156,
        0.33542150259017944,
        0.11702002584934235,
        0.01927279680967331,
        0.1415184736251831,
        0.04687066748738289,
        -0.1271003931760788,
        -0.11892694234848022,
        0.0897475853562355
    ],
    "transl": [
        -0.14035741984844208,
        1.6088125705718994,
        -0.03802168741822243
    ],
    "left_hand_pose": [
        -3.0324151515960693,
        0.9502121210098267,
        -1.0717310905456543,
        -2.651555061340332,
        0.328581839799881,
        2.4088504314422607,
        0.23356787860393524,
        -1.3312809467315674,
        -0.7282291650772095,
        -0.7811524868011475,
        1.141759991645813,
        -2.823577404022217
    ],
    "right_hand_pose": [
        -2.608264923095703,
        1.2845655679702759,
        -0.8266701698303223,
        -2.903961420059204,
        0.829277515411377,
        0.7921941876411438,
        -0.280491441488266,
        -0.4476645886898041,
        -0.46182981133461,
        -0.7822698950767517,
        2.113607883453369,
        -2.588451862335205
    ],
    "jaw_pose": [
        0.009265285916626453,
        -0.043229978531599045,
        0.04567993804812431
    ],
    "leye_pose": [
        0.23960848152637482,
        0.5035999417304993,
        -0.26463186740875244
    ],
    "reye_pose": [
        -0.35390639305114746,
        0.3167167901992798,
        -0.36683082580566406
    ],
    "expression": [
        -0.4011155664920807,
        -1.079039216041565,
        -0.09126759320497513,
        0.08211119472980499,
        -0.5739853978157043,
        -0.6892441511154175,
        -0.10006958991289139,
        0.6364887356758118,
        -0.1489890068769455,
        0.5255376100540161
    ]
}