{
    "betas": [
        0.6697007417678833,
        -0.8288959264755249,
        0.2686576843261719,
        -0.12872736155986786,
        0.07444239407777786,
        0.014702222310006618,
        0.6954839825630188,
        -0.3840785026550293,
        0.15887875854969025,
        -1.88887357711792
    ],
    "global_orient": [
        -0.1303374320268631,
        0.1906559020280838,
        -0.01335203368216753
    ],
    "body_pose": [
        -0.09947988390922546,
        0.21245966851711273,
        0.18019385635852814,
        -0.14309045672416687,
        -0.08986378461122513,
        -0.07121437788009644,
        0.01272647362202406,
        -0.09931614249944687,
        0.03286859393119812,
        0.39459484815597534,
        -0.22995659708976746,
        0.05069858580827713,
        0.387326180934906,
        0.1262599676847458,
        -0.013726262375712395,
        0.2338075488805771,
        -0.03582233563065529,
        -0.06435845792293549,
        0.05382048338651657,
        0.27811199426651,
        2.3017304329187027e-07,
        0.026335809379816055,
        -0.09670689702033997,
        -3.2984976314764936e-06,
        -0.06534941494464874,
        -0.0022603694815188646,
        0.027048349380493164,
        5.228559075476369e-06,
        2.2904007437318796e-06,
        5.153035999683198e-06,
        2.172880613215966e-06,
        1.4793246236877167e-06,
        1.2262102018212317e-06,
        -0.1493389904499054,
        0.05198803171515465,
        0.005193289835005999,
        -0.23668862879276276,
        -0.31851354241371155,
        0.21805672347545624,
        -0.140697181224823,
        0.31305304169654846,
        0.15069594979286194,
        -0.01985878311097622,
        -0.03128625452518463,
        -0.011098243296146393,
        -0.10191730409860611,
        -0.9009274244308472,
        -0.5289424657821655,
        -0.38611993193626404,
        0.2102212905883789,
        0.2900835871696472,
        -0.14264465868473053,
        -0.7166872620582581,
        0.1463039517402649,
        -0.25421053171157837,
        0.30821073055267334,
        -0.0540427528321743,
        0.311032235622406,
        -0.1395016610622406,
        0.03224984556436539,
        -0.5478622913360596,
        -0.09782928228378296,
        0.0038994294591248035
    ],
    "transl": [
        -0.16757448017597198,
        1.5918474197387695,
        -0.04103941470384598
    ],
    "left_hand_pose": [
        -2.975754737854004,
        0.9188141226768494,
        -0.8236510157585144,
        -3.2704403400421143,
        1.0503976345062256,
        1.8039109706878662,
        -0.2833889126777649,
        -0.7438386082649231,
        0.7168689966201782,
        -0.18666799366474152,
        1.879292368888855,
        -1.7910659313201904
    ],
    "right_hand_pose": [
        -2.7881672382354736,
        1.4271661043167114,
        -0.7963780164718628,
        -2.519912004470825,
        -0.28855109214782715,
        2.5146713256835938,
        0.5905056595802307,
        -1.0166633129119873,
        -0.2964504659175873,
        -0.03644871339201927,
        2.762913942337036,
        -1.5716280937194824
    ],
    "jaw_pose": [
        0.0017111110500991344,
        -0.011196808889508247,
        0.01216809917241335
    ],
    "leye_pose": [
        0.11179392784833908,
        0.33570268750190735,
        -0.5549773573875427
    ],
    "reye_pose": [
        -0.18580833077430725,
        0.18456628918647766,
        -0.38722631335258484
    ],
    "expression": [
        -1.1239956617355347,
        0.022715501487255096,
        0.5459268093109131,
        0.6323316097259521,
        -0.6090368032455444,
        -0.4290260672569275,
        -0.07078596204519272,
        0.5297003984451294,
        0.08782440423965454,
        0.09763628989458084
    ]
}