{
    "betas": [
        0.6578681468963623,
        -0.8025809526443481,
        0.36391130089759827,
        0.04180256277322769,
        0.26841995120048523,
        -0.03683294355869293,
        0.7117308378219604,
        -0.4406322240829468,
        0.06950684636831284,
        -1.7407029867172241
    ],
    "global_orient": [
        -0.133126899600029,
        0.1536668837070465,
        -0.016948413103818893
    ],
    "body_pose": [
        -0.05369614437222481,
        0.25643113255500793,
        0.20590156316757202,
        -0.14109866321086884,
        -0.0363927036523819,
        -0.08112403005361557,
        -8.656375939608552e-06,
        -0.14036324620246887,
        0.030929813161492348,
        0.32417547702789307,
        -0.35637304186820984,
        0.03863495588302612,
        0.38968950510025024,
        0.11835431307554245,
        0.006596056744456291,
        0.22193275392055511,
        -0.014611375518143177,
        -0.08722623437643051,
        0.011570394970476627,
        0.17683959007263184,
        -1.2098489605705254e-06,
        0.04954782873392105,
        -0.08456484973430634,
        -1.3910841971664922e-06,
        -0.07345085591077805,
        0.03653137385845184,
        0.006916493643075228,
        6.1773762354278006e-06,
        1.8998999848918174e-06,
        4.40089615949546e-06,
        2.0308784769440535e-06,
        2.5152237412839895e-06,
        1.085821622837102e-06,
        -0.14379848539829254,
        0.09748055040836334,
        0.008795461617410183,
        -0.26275134086608887,
        -0.3313363492488861,
        0.3298411965370178,
        -0.1685531884431839,
        0.2727888226509094,
        0.07065039128065109,
        -0.040707483887672424,
        -0.08025187999010086,
        -0.0013063696678727865,
        -0.11246573179960251,
        -0.9680755138397217,
        -0.128440260887146,
        -0.5636595487594604,
        0.153135284781456,
        0.08378056436777115,
        -0.24307391047477722,
        -0.7364315390586853,
        0.3132077157497406,
        -0.27811989188194275,
        0.31203803420066833,
        -0.09316615760326385,
        0.283996045589447,
        -0.13622291386127472,
        0.16001005470752716,
        -0.6463461518287659,
        -0.11741231381893158,
        -0.07721428573131561
    ],
    "transl": [
        -0.15879230201244354,
        1.5903490781784058,
        -0.04173562675714493
    ],
    "left_hand_pose": [
        -3.1165223121643066,
        0.8006613850593567,
        -0.9541877508163452,
        -2.994908094406128,
        0.4445543885231018,
        2.1670072078704834,
        -0.018915541470050812,
        -1.1203837394714355,
        -0.23221035301685333,
        -0.5314252972602844,
        1.5265218019485474,
        -2.8203089237213135
    ],
    "right_hand_pose": [
        -2.892127513885498,
        1.3884851932525635,
        -0.7196627259254456,
        -2.2375144958496094,
        -0.6230823993682861,
        2.8159923553466797,
        0.5158489942550659,
        -1.2798265218734741,
        -0.40424859523773193,
        -0.001262651407159865,
        2.974153757095337,
        -1.8694466352462769
    ],
    "jaw_pose": [
        0.003503026207908988,
        -0.013326533138751984,
        0.02075953781604767
    ],
    "leye_pose": [
        0.0768987312912941,
        0.45564550161361694,
        -0.4740138649940491
    ],
    "reye_pose": [
        -0.2294275313615799,
        0.15774886310100555,
        -0.3696475028991699
    ],
    "expression": [
        -1.0788465738296509,
        -0.22894395887851715,
        0.4710234999656677,
        0.47009995579719543,
        -0.5839534997940063,
        -0.5118201971054077,
        -0.1432953029870987,
        0.6044952869415283,
        0.057658713310956955,
        -0.031074756756424904
    ]
}