{
    "betas": [
        0.741577684879303,
        -1.2907869815826416,
        0.4638235867023468,
        -0.1805000603199005,
        -0.012732024304568768,
        0.19803549349308014,
        0.8953409194946289,
        -0.6371780037879944,
        0.28567248582839966,
        -0.8878796696662903
    ],
    "global_orient": [
        -0.012816580943763256,
        -1.3565441370010376,
        -0.07645271718502045
    ],
    "body_pose": [
        0.10071118921041489,
        0.005114560481160879,
        0.0038393486756831408,
        -0.26013997197151184,
        -0.06167107820510864,
        0.1155323013663292,
        0.04494977742433548,
        -0.21122907102108002,
        0.02987634390592575,
        0.5145512223243713,
        -0.1531449407339096,
        0.013588828034698963,
        0.3001626431941986,
        0.19211691617965698,
        -0.024086084216833115,
        0.0826474204659462,
        -0.06025651469826698,
        -0.01731972023844719,
        0.06639514118432999,
        0.2644454538822174,
        2.26591328100767e-06,
        0.08625837415456772,
        0.01094610895961523,
        -2.0896461592201376e-06,
        -0.03187420591711998,
        -0.014930510893464088,
        0.03331852704286575,
        3.141178694932023e-06,
        1.5359178178186994e-06,
        3.6975250168325147e-06,
        2.197332150899456e-06,
        1.4614611245633569e-06,
        -2.556139691023418e-07,
        -0.025777675211429596,
        0.0889752060174942,
        0.046498704701662064,
        -0.29751068353652954,
        -0.5298759937286377,
        0.4241286516189575,
        -0.026029005646705627,
        0.44467782974243164,
        0.31220778822898865,
        -0.03963998332619667,
        0.05709463357925415,
        0.010316848754882812,
        -0.22782869637012482,
        -0.8146819472312927,
        0.34049028158187866,
        -0.10039281100034714,
        0.4743613600730896,
        0.8963077664375305,
        -0.284711629152298,
        -0.42811381816864014,
        0.11832303553819656,
        0.08916222304105759,
        0.3214782178401947,
        0.06477975100278854,
        -0.05427047237753868,
        -0.013871047645807266,
        -0.037087708711624146,
        0.03711361065506935,
        -0.1901007443666458,
        0.15110880136489868
    ],
    "transl": [
        -0.3967984616756439,
        1.6020478010177612,
        -0.0010926038958132267
    ],
    "left_hand_pose": [
        -2.966198205947876,
        0.4230455756187439,
        -1.6666340827941895,
        -1.9573540687561035,
        -0.6783270239830017,
        2.2420756816864014,
        -0.08819238841533661,
        -0.5081564784049988,
        -0.2896294593811035,
        -0.12485069781541824,
        1.7048425674438477,
        -3.3712871074676514
    ],
    "right_hand_pose": [
        -2.6818885803222656,
        1.1057895421981812,
        -1.465842843055725,
        -2.592574119567871,
        0.7770357728004456,
        1.1677483320236206,
        -1.2425730228424072,
        -0.29947394132614136,
        0.6089665293693542,
        -0.4990285038948059,
        2.428664207458496,
        -3.4760653972625732
    ],
    "jaw_pose": [
        -0.004502587020397186,
        0.0068261632695794106,
        -0.019690608605742455
    ],
    "leye_pose": [
        0.4341164827346802,
        -0.12769091129302979,
        -0.2707488238811493
    ],
    "reye_pose": [
        0.0634775310754776,
        -0.13606691360473633,
        0.30263471603393555
    ],
    "expression": [
        -0.7031118273735046,
        -0.29656553268432617,
        -0.13670136034488678,
        0.3594036400318146,
        -0.5729151368141174,
        -0.5488622784614563,
        0.027090737596154213,
        0.4354470372200012,
        -0.09829342365264893,
        0.2914084792137146
    ]
}