{
    "betas": [
        0.5458985567092896,
        -0.6528841257095337,
        0.34221628308296204,
        0.20010749995708466,
        0.2536979615688324,
        -0.0732172504067421,
        0.4791657626628876,
        -0.8979798555374146,
        0.029705043882131577,
        -1.5579251050949097
    ],
    "global_orient": [
        -0.14107459783554077,
        0.44756218791007996,
        0.010923260822892189
    ],
    "body_pose": [
        -0.149947851896286,
        0.46876123547554016,
        0.12085718661546707,
        0.09908071905374527,
        0.4161258935928345,
        -0.12692704796791077,
        -0.015919668599963188,
        0.09657678753137589,
        0.08109483122825623,
        0.35845476388931274,
        -0.6147693395614624,
        0.03168806433677673,
        0.21724249422550201,
        -0.07032974809408188,
        0.0760204866528511,
        0.11445922404527664,
        0.14173974096775055,
        -0.1035785898566246,
        -0.042815618216991425,
        0.026306256651878357,
        -4.599826866069634e-07,
        0.05650480464100838,
        -0.6814323663711548,
        -3.488075890345499e-06,
        -0.0804961770772934,
        -0.0021101327147334814,
        0.04006358981132507,
        7.2746652222122066e-06,
        2.6967361463903217e-06,
        3.8069292713771574e-06,
        9.248042829312908e-07,
        2.1385037598520285e-06,
        -8.943615625867096e-07,
        -0.08138453215360641,
        -0.03689995035529137,
        0.10026886314153671,
        -0.18246842920780182,
        -0.29154714941978455,
        0.42546674609184265,
        -0.34608030319213867,
        0.2462475448846817,
        -0.41810938715934753,
        -0.032065536826848984,
        -0.14712588489055634,
        -0.056051310151815414,
        -0.26464495062828064,
        -0.43845683336257935,
        0.40840721130371094,
        -0.2742605209350586,
        0.8902772068977356,
        -0.5446923971176147,
        -0.42653459310531616,
        -0.09778816252946854,
        0.1686108261346817,
        -0.3177438974380493,
        0.5438492894172668,
        -0.6003574728965759,
        0.3380400836467743,
        0.2100125104188919,
        0.07802864909172058,
        -0.510513961315155,
        -0.12413641810417175,
        0.07386744022369385
    ],
    "transl": [
        -0.08181588351726532,
        1.5957382917404175,
        -0.060598962008953094
    ],
    "left_hand_pose": [
        -3.16005802154541,
        0.5797847509384155,
        -2.064634084701538,
        -2.232787847518921,
        -0.6285306215286255,
        2.5004327297210693,
        -1.1180893182754517,
        -0.7302190065383911,
        -0.7678319811820984,
        -1.179665446281433,
        1.604478359222412,
        -6.483036518096924
    ],
    "right_hand_pose": [
        -3.2285749912261963,
        1.277570128440857,
        0.5531963109970093,
        -1.6751147508621216,
        -0.9255600571632385,
        1.0374155044555664,
        0.5568536520004272,
        -0.6221254467964172,
        -0.7509644627571106,
        1.0771315097808838,
        5.740075588226318,
        0.514458954334259
    ],
    "jaw_pose": [
        0.014327679760754108,
        -0.02315499261021614,
        0.025084856897592545
    ],
    "leye_pose": [
        -0.04183470457792282,
        0.3750704526901245,
        0.11152808368206024
    ],
    "reye_pose": [
        -0.23666536808013916,
        0.38496845960617065,
        -0.7331469058990479
    ],
    "expression": [
        -0.6331350803375244,
        -0.32210519909858704,
        0.39363259077072144,
        0.2204112559556961,
        -0.4300437569618225,
        -0.5306426286697388,
        -0.19013790786266327,
        0.4852069318294525,
        -0.22649939358234406,
        0.11903112381696701
    ]
}