{
    "betas": [
        0.861819863319397,
        -0.9680132865905762,
        0.6962711811065674,
        -0.44937416911125183,
        0.030916856601834297,
        -0.05723094567656517,
        1.0907975435256958,
        -0.48272091150283813,
        0.2497081458568573,
        -1.353533148765564
    ],
    "global_orient": [
        -0.024069631472229958,
        -1.7241368293762207,
        -0.14181159436702728
    ],
    "body_pose": [
        0.05712403357028961,
        0.030223853886127472,
        -0.06360633671283722,
        -0.35138198733329773,
        -0.450079083442688,
        0.05359433963894844,
        0.06410805881023407,
        -0.011766215786337852,
        0.05435939133167267,
        0.09199672937393188,
        -0.25547099113464355,
        -0.009387839585542679,
        0.9077451825141907,
        0.16096730530261993,
        -0.20978452265262604,
        0.27239876985549927,
        -0.043558940291404724,
        -0.028416141867637634,
        0.060332052409648895,
        0.2492268830537796,
        2.5268250283261295e-06,
        0.252893328666687,
        -0.0985184982419014,
        -2.4404046143899905e-06,
        -0.11649877578020096,
        -0.07832352072000504,
        -0.021606208756566048,
        4.726392489828868e-06,
        2.8585407108039362e-06,
        4.405710569699295e-06,
        5.455588052427629e-07,
        1.1365154932718724e-06,
        2.267122454213677e-06,
        -0.12245391309261322,
        0.16747204959392548,
        0.12322085350751877,
        -0.015646910294890404,
        -0.0901501253247261,
        -0.18235372006893158,
        -0.4114609658718109,
        0.4744223654270172,
        -0.18366849422454834,
        0.08480581641197205,
        0.08705133199691772,
        -0.1074654832482338,
        -0.05994364246726036,
        -0.18077832460403442,
        -0.9603009819984436,
        -0.28069621324539185,
        1.064597487449646,
        0.13347221910953522,
        -0.10015440732240677,
        -0.1678125113248825,
        -0.3128771185874939,
        -0.10421251505613327,
        0.46652522683143616,
        -0.18664172291755676,
        0.404326856136322,
        0.14145363867282867,
        -0.31140410900115967,
        -0.31514522433280945,
        -0.15904851257801056,
        0.20533592998981476
    ],
    "transl": [
        0.004821460228413343,
        1.609184980392456,
        0.0717553049325943
    ],
    "left_hand_pose": [
        -2.246077299118042,
        1.2781643867492676,
        -1.8872778415679932,
        -2.8118035793304443,
        1.4858559370040894,
        2.126514434814453,
        -1.1347341537475586,
        -0.5488644242286682,
        0.6558648943901062,
        -1.2454904317855835,
        1.8400319814682007,
        -4.590888023376465
    ],
    "right_hand_pose": [
        -2.457820415496826,
        1.6073154211044312,
        -0.8702815175056458,
        -3.1622085571289062,
        1.6043119430541992,
        2.1063954830169678,
        -0.7700880765914917,
        -1.173547625541687,
        1.0673778057098389,
        -0.2760007381439209,
        2.3507776260375977,
        -1.441812515258789
    ],
    "jaw_pose": [
        0.01493468601256609,
        0.03447111323475838,
        -0.04865209013223648
    ],
    "leye_pose": [
        -0.1760043203830719,
        -0.01883154734969139,
        0.25498294830322266
    ],
    "reye_pose": [
        -0.38263657689094543,
        -0.2814636826515198,
        -0.13702331483364105
    ],
    "expression": [
        -0.0925963968038559,
        -0.6551854610443115,
        -0.11415790021419525,
        0.11216582357883453,
        -0.48515480756759644,
        -0.5850579142570496,
        -0.11363542079925537,
        0.5254436135292053,
        -0.22299078106880188,
        0.320077508687973
    ]
}