{
    "betas": [
        0.6596567034721375,
        -1.06917142868042,
        0.3594059348106384,
        -0.2693628668785095,
        -0.0994948297739029,
        0.12794581055641174,
        1.108433723449707,
        -0.3970230519771576,
        0.2779024839401245,
        -1.243700623512268
    ],
    "global_orient": [
        -0.06832746416330338,
        -1.2142895460128784,
        -0.016523411497473717
    ],
    "body_pose": [
        0.1554792821407318,
        -0.0033878067042678595,
        -0.01194564625620842,
        -0.2675180733203888,
        0.10967021435499191,
        0.04726288467645645,
        0.12699167430400848,
        -0.03446212038397789,
        -0.039931755512952805,
        0.4295365810394287,
        -0.1381310671567917,
        -0.0037474476266652346,
        0.3894595801830292,
        0.0478961355984211,
        0.010251048021018505,
        0.11190786212682724,
        -0.13013386726379395,
        -0.019443120807409286,
        0.03974262997508049,
        0.28890883922576904,
        1.8861956050386652e-06,
        0.047200605273246765,
        -0.23357856273651123,
        -1.1356905815773644e-05,
        -0.12202764302492142,
        -0.139657661318779,
        0.039903752505779266,
        3.850600478472188e-06,
        2.192479769291822e-06,
        3.3118046758318087e-06,
        4.951766186422901e-06,
        9.879927347355988e-07,
        -3.7463894386746688e-06,
        -0.09950234740972519,
        0.10756133496761322,
        0.10422243922948837,
        -0.14318601787090302,
        -0.4112599194049835,
        -0.09791997820138931,
        -0.2598237693309784,
        0.5133267045021057,
        -0.13542889058589935,
        -0.0626661628484726,
        0.07025516033172607,
        -0.10100526362657547,
        -0.0729115754365921,
        -0.6989027857780457,
        -0.8245610594749451,
        -0.2739531397819519,
        0.7309229969978333,
        -0.2531948685646057,
        0.0784551128745079,
        -0.3494367301464081,
        -0.22407259047031403,
        -0.10655498504638672,
        0.49376294016838074,
        -0.2013968825340271,
        0.29095929861068726,
        0.10540947318077087,
        -0.20240658521652222,
        -0.2869950532913208,
        -0.10204073786735535,
        0.0007563040708191693
    ],
    "transl": [
        -0.4173419177532196,
        1.6004468202590942,
        -0.012664767913520336
    ],
    "left_hand_pose": [
        -2.547771692276001,
        0.6495363116264343,
        -1.4942495822906494,
        -2.4111690521240234,
        0.25189265608787537,
        1.8002939224243164,
        -0.1073361188173294,
        -0.5292847156524658,
        -0.387027770280838,
        -0.5505212545394897,
        1.306001901626587,
        -3.2491064071655273
    ],
    "right_hand_pose": [
        -2.5712976455688477,
        1.064029335975647,
        -1.257355809211731,
        -2.070565938949585,
        -0.2759973704814911,
        1.9709876775741577,
        0.5460641980171204,
        -1.0753720998764038,
        -1.534265398979187,
        -0.7455807328224182,
        1.6985317468643188,
        -2.783165216445923
    ],
    "jaw_pose": [
        0.0020168880000710487,
        0.03865805268287659,
        -0.04972454160451889
    ],
    "leye_pose": [
        0.391135036945343,
        -0.16359305381774902,
        -0.3206997215747833
    ],
    "reye_pose": [
        -0.1705995798110962,
        -0.14354228973388672,
        0.3017982244491577
    ],
    "expression": [
        -0.5460928082466125,
        -1.0001025199890137,
        -0.16765378415584564,
        0.26752784848213196,
        -0.7047030925750732,
        -0.6594113707542419,
        -0.030456822365522385,
        0.5915728807449341,
        -0.14033178985118866,
        0.46769747138023376
    ]
}