{
    "betas": [
        0.7998862266540527,
        -0.6010428071022034,
        0.8452409505844116,
        -0.375545471906662,
        -0.040516484528779984,
        -0.08815447241067886,
        0.23538145422935486,
        -0.87786465883255,
        -0.8122299313545227,
        -1.9368783235549927
    ],
    "global_orient": [
        -0.15275931358337402,
        0.24922919273376465,
        -0.05571146681904793
    ],
    "body_pose": [
        0.1315298080444336,
        0.14617690443992615,
        -0.20935708284378052,
        -0.2858933210372925,
        -0.07573357224464417,
        -0.19512368738651276,
        0.17242082953453064,
        -0.2151734083890915,
        0.084160715341568,
        0.05855549871921539,
        -0.170047789812088,
        0.4109845757484436,
        0.6310784220695496,
        0.11599990725517273,
        0.07990840077400208,
        0.163236603140831,
        0.03029840812087059,
        -0.10045193880796432,
        0.1165783554315567,
        0.6003002524375916,
        4.955388703820063e-06,
        0.4970244765281677,
        -0.44044819474220276,
        -4.4678185986413155e-06,
        -0.06476351618766785,
        -0.23777420818805695,
        0.08222740143537521,
        8.46809780341573e-06,
        5.862764737685211e-06,
        7.219965482363477e-06,
        1.210108393934206e-06,
        6.241737537493464e-06,
        9.544899057800649e-07,
        -0.20427437126636505,
        -0.023271601647138596,
        0.19333839416503906,
        -0.010740323923528194,
        -0.09048230201005936,
        0.16196022927761078,
        -0.03462450951337814,
        0.0062814271077513695,
        0.020749151706695557,
        0.09254547208547592,
        -0.10061073303222656,
        -0.1723836213350296,
        0.3360077738761902,
        -0.7317590713500977,
        -0.23700295388698578,
        0.013433202169835567,
        0.5636585354804993,
        0.15404844284057617,
        -0.09304673969745636,
        -1.8637216091156006,
        0.5724465847015381,
        -0.06948840618133545,
        2.0638856887817383,
        -0.4277998208999634,
        0.17468254268169403,
        -0.37743645906448364,
        -0.13776911795139313,
        -0.34408414363861084,
        0.2131960242986679,
        0.3026699125766754
    ],
    "transl": [
        0.06719879806041718,
        1.6140313148498535,
        -0.09705197066068649
    ],
    "left_hand_pose": [
        -3.7828943729400635,
        -0.11833897233009338,
        -0.939444363117218,
        -2.4777157306671143,
        0.7372773885726929,
        4.4395341873168945,
        -1.618773102760315,
        -2.282599687576294,
        -0.4911537766456604,
        -0.31204020977020264,
        0.9284612536430359,
        -3.122816801071167
    ],
    "right_hand_pose": [
        -2.924790382385254,
        1.7268517017364502,
        1.17357337474823,
        -1.975081443786621,
        -0.9262292981147766,
        -0.3321399688720703,
        2.2185018062591553,
        -0.93736332654953,
        -3.6567187309265137,
        0.005214319564402103,
        4.234866619110107,
        1.8346461057662964
    ],
    "jaw_pose": [
        -0.027357351034879684,
        0.00814241636544466,
        -0.00548086641356349
    ],
    "leye_pose": [
        -0.11195580661296844,
        -0.3196772336959839,
        -1.3190778493881226
    ],
    "reye_pose": [
        -0.1431623250246048,
        -0.2684245705604553,
        -0.23294678330421448
    ],
    "expression": [
        -1.188063383102417,
        0.2780548334121704,
        0.023118620738387108,
        0.5233798027038574,
        -0.6189354062080383,
        -0.6003915667533875,
        0.05547303706407547,
        0.34277546405792236,
        -0.061389777809381485,
        0.16708898544311523
    ]
}