{
    "betas": [
        0.6504039168357849,
        -0.6881812214851379,
        0.20395903289318085,
        0.09530910849571228,
        0.17867544293403625,
        -0.04234485700726509,
        0.5760269165039062,
        -0.566948413848877,
        0.0757272019982338,
        -1.78115975856781
    ],
    "global_orient": [
        -0.21385478973388672,
        0.019034700468182564,
        -0.07120777666568756
    ],
    "body_pose": [
        0.04676095396280289,
        0.05517758056521416,
        0.22986440360546112,
        -0.05362110212445259,
        0.03787655383348465,
        -0.011831233277916908,
        -0.017080364748835564,
        -0.21420443058013916,
        -0.0023645467590540648,
        0.3769676685333252,
        -0.17398710548877716,
        -0.002376740099862218,
        0.2782618999481201,
        0.21936233341693878,
        0.020490678027272224,
        0.1777953803539276,
        -0.052195630967617035,
        -0.01491469331085682,
        0.016417773440480232,
        0.49200743436813354,
        2.654459194673109e-07,
        0.06490395963191986,
        -0.15697994828224182,
        -3.4738391150312964e-06,
        -0.06686464697122574,
        0.030751850455999374,
        0.03522906079888344,
        8.54838071973063e-06,
        2.590928943391191e-06,
        5.307172159518814e-06,
        2.597312231955584e-06,
        2.522503791624331e-06,
        -2.7569711846808787e-07,
        -0.012946093454957008,
        0.051322609186172485,
        0.06616733223199844,
        -0.2543568015098572,
        -0.36501264572143555,
        0.458625853061676,
        -0.21309542655944824,
        0.4413113594055176,
        -0.20812484622001648,
        0.04355456307530403,
        -0.04171418398618698,
        -0.04473418742418289,
        -0.09424956142902374,
        -0.8393086791038513,
        0.1996261328458786,
        -0.2915903329849243,
        0.7253932356834412,
        -0.17844846844673157,
        -0.21579541265964508,
        -0.4538170397281647,
        0.17797504365444183,
        -0.2842884063720703,
        0.11976698786020279,
        -0.05096329748630524,
        0.19925245642662048,
        0.053885042667388916,
        -0.054863158613443375,
        -0.3750768005847931,
        -0.2188052237033844,
        0.11055868864059448
    ],
    "transl": [
        -0.1563831865787506,
        1.588147759437561,
        -0.06474848836660385
    ],
    "left_hand_pose": [
        -2.9946701526641846,
        1.1010054349899292,
        -0.9320298433303833,
        -2.8087499141693115,
        0.19721144437789917,
        1.868579387664795,
        0.5853912234306335,
        -1.020911455154419,
        -1.000563144683838,
        -0.9693261981010437,
        1.0375398397445679,
        -2.960552215576172
    ],
    "right_hand_pose": [
        -2.8719892501831055,
        1.0895406007766724,
        0.35572782158851624,
        -2.2276179790496826,
        -0.7870481610298157,
        0.19704292714595795,
        1.9795650243759155,
        -0.6783204078674316,
        -3.3134477138519287,
        -0.2938326895236969,
        3.0842127799987793,
        0.18980804085731506
    ],
    "jaw_pose": [
        -0.017549246549606323,
        0.0007931620930321515,
        -0.011428947560489178
    ],
    "leye_pose": [
        0.042000316083431244,
        0.13080616295337677,
        -0.33760571479797363
    ],
    "reye_pose": [
        -0.2955097258090973,
        0.12495364248752594,
        -0.48480549454689026
    ],
    "expression": [
        -0.9374807476997375,
        0.25266823172569275,
        0.2711218297481537,
        0.5253241062164307,
        -0.7673051357269287,
        -0.38801854848861694,
        0.0264347642660141,
        0.34594959020614624,
        -0.05111369118094444,
        0.3367874324321747
    ]
}