{
    "betas": [
        0.7352871298789978,
        -1.218971610069275,
        0.4578233063220978,
        -0.3542378842830658,
        -0.1360703706741333,
        0.1551722139120102,
        0.931447446346283,
        -0.582962691783905,
        0.23266474902629852,
        -1.47589910030365
    ],
    "global_orient": [
        -0.012281727977097034,
        1.2313177585601807,
        -0.07820931077003479
    ],
    "body_pose": [
        -0.2849888205528259,
        0.2717938721179962,
        -0.031834568828344345,
        0.11327699571847916,
        0.11744483560323715,
        -0.03745672479271889,
        0.04744663089513779,
        0.07306236028671265,
        0.0413438156247139,
        0.34666964411735535,
        -0.17201842367649078,
        -0.0031972655560821295,
        0.5109878182411194,
        -0.007766615133732557,
        -0.061063338071107864,
        0.15656691789627075,
        0.0031836796551942825,
        -0.044947169721126556,
        0.012577677145600319,
        0.10854209959506989,
        2.7577320906857494e-06,
        0.37067484855651855,
        -0.20572707056999207,
        -3.4318333064220496e-07,
        -0.10251661390066147,
        -0.07146073132753372,
        0.04184834286570549,
        5.155368398845894e-06,
        2.072221604976221e-06,
        4.562861704471288e-06,
        1.2564981943796738e-06,
        1.4665521348433685e-06,
        2.0714855963888112e-06,
        -0.11446408927440643,
        -0.055519767105579376,
        0.07043134421110153,
        -0.005550006870180368,
        -0.323832631111145,
        -0.16145223379135132,
        -0.342352956533432,
        0.5659787654876709,
        -0.2077750712633133,
        -0.07367481291294098,
        -0.12155430763959885,
        0.021385665982961655,
        -0.05223775655031204,
        -0.3345606327056885,
        -0.8480596542358398,
        -0.2749840319156647,
        1.06174898147583,
        -0.2296510636806488,
        -0.0417664460837841,
        -0.3021702468395233,
        -0.3053245544433594,
        -0.200597882270813,
        0.5551725029945374,
        -0.39414137601852417,
        0.2355281114578247,
        0.009933223016560078,
        -0.14183159172534943,
        -0.48920583724975586,
        0.06023680046200752,
        -0.07923805713653564
    ],
    "transl": [
        -0.13445264101028442,
        1.6045337915420532,
        -0.02668134681880474
    ],
    "left_hand_pose": [
        -2.9128496646881104,
        0.6534845232963562,
        -1.4085432291030884,
        -2.588742256164551,
        0.6190575361251831,
        1.2055765390396118,
        -0.542387068271637,
        -0.16033834218978882,
        -0.3551262319087982,
        -0.7070843577384949,
        1.2585560083389282,
        -3.417233467102051
    ],
    "right_hand_pose": [
        -2.870795726776123,
        1.1079832315444946,
        -0.7522924542427063,
        -2.025179862976074,
        -0.5046237111091614,
        2.4167988300323486,
        0.761346697807312,
        -1.2686669826507568,
        -1.5822317600250244,
        -0.7251168489456177,
        2.224534034729004,
        -2.672663450241089
    ],
    "jaw_pose": [
        0.00875359121710062,
        -0.024752678349614143,
        0.024292416870594025
    ],
    "leye_pose": [
        0.15910260379314423,
        0.40844234824180603,
        -0.5490008592605591
    ],
    "reye_pose": [
        -0.2370104044675827,
        0.41963374614715576,
        -0.4529370963573456
    ],
    "expression": [
        -0.5172802805900574,
        -0.6131864190101624,
        0.025468097999691963,
        0.3451822102069855,
        -0.45126914978027344,
        -0.7656754851341248,
        -0.23632074892520905,
        0.5740039348602295,
        -0.16754886507987976,
        0.34150615334510803
    ]
}