{
    "betas": [
        0.5716421604156494,
        -0.8691206574440002,
        0.3178548216819763,
        -0.2307932823896408,
        0.04112274572253227,
        0.026424994692206383,
        0.9095028042793274,
        -0.21678251028060913,
        0.21225206553936005,
        -1.312785029411316
    ],
    "global_orient": [
        -0.09687432646751404,
        0.04138868674635887,
        -0.031452350318431854
    ],
    "body_pose": [
        -0.20844458043575287,
        0.3676728308200836,
        0.1280597299337387,
        -0.12400653958320618,
        -0.23313923180103302,
        -0.09326453506946564,
        0.11500279605388641,
        -0.09928005188703537,
        0.013905947096645832,
        0.3517729341983795,
        -0.09755750745534897,
        0.03358696401119232,
        0.401164174079895,
        -0.07036744058132172,
        -0.017404519021511078,
        0.18601277470588684,
        0.03644337132573128,
        -0.03390508145093918,
        0.062085989862680435,
        0.375440776348114,
        3.574361926439451e-06,
        0.050675977021455765,
        -0.642116904258728,
        -5.843340204592096e-06,
        -0.04088073968887329,
        0.07573626935482025,
        -0.005446775816380978,
        6.872445283079287e-06,
        2.859688720491249e-06,
        6.244981705094688e-06,
        7.099707772795227e-07,
        2.3052728010952706e-06,
        -9.30442297431e-07,
        -0.20998400449752808,
        0.08953559398651123,
        -0.06488241255283356,
        -0.1875459849834442,
        -0.2455097734928131,
        0.10342541337013245,
        -0.024276597425341606,
        0.2228868156671524,
        0.3002462685108185,
        -0.07752952724695206,
        0.015709392726421356,
        0.05748872086405754,
        -0.12606845796108246,
        -0.6183236837387085,
        -0.2250411957502365,
        0.011292030103504658,
        0.32857105135917664,
        0.5441434979438782,
        -0.26433882117271423,
        -0.5191313028335571,
        -0.09818578511476517,
        0.13062258064746857,
        0.3616218566894531,
        0.09703435003757477,
        0.24676750600337982,
        0.014034713618457317,
        -0.2233051061630249,
        0.08221892267465591,
        -0.05502462759613991,
        0.22481423616409302
    ],
    "transl": [
        -0.32604777812957764,
        1.604168176651001,
        -0.018723340705037117
    ],
    "left_hand_pose": [
        -2.7702529430389404,
        0.5919375419616699,
        -1.3754749298095703,
        -2.4858055114746094,
        0.1946994960308075,
        1.3884934186935425,
        -0.17317195236682892,
        -0.5743403434753418,
        -1.132451057434082,
        -0.9466162919998169,
        1.027725338935852,
        -3.8848447799682617
    ],
    "right_hand_pose": [
        -1.894062876701355,
        1.4849474430084229,
        -1.5028969049453735,
        -3.0117998123168945,
        1.927082896232605,
        2.3999061584472656,
        -1.1944366693496704,
        -0.9017764925956726,
        1.6789017915725708,
        0.011154203675687313,
        2.4424734115600586,
        -1.9694384336471558
    ],
    "jaw_pose": [
        -0.013659744523465633,
        -0.0020841234363615513,
        0.007030372973531485
    ],
    "leye_pose": [
        0.21390506625175476,
        0.30034083127975464,
        -0.04374489560723305
    ],
    "reye_pose": [
        -0.43594494462013245,
        0.21227703988552094,
        -0.09773306548595428
    ],
    "expression": [
        -1.0766319036483765,
        0.07642829418182373,
        0.36359724402427673,
        0.7592654228210449,
        -0.6066717505455017,
        -0.4843699038028717,
        -0.1061147004365921,
        0.5308842062950134,
        0.046084530651569366,
        0.11781951040029526
    ]
}