{
    "betas": [
        0.8113436102867126,
        -0.819930374622345,
        0.8217248320579529,
        -0.49186643958091736,
        -0.0064973910339176655,
        0.05499550700187683,
        -0.08992011100053787,
        -0.8269218802452087,
        -0.4051554501056671,
        -1.9634579420089722
    ],
    "global_orient": [
        -0.18457721173763275,
        0.3567085564136505,
        -0.023464594036340714
    ],
    "body_pose": [
        -0.20037297904491425,
        0.39109933376312256,
        0.20208851993083954,
        0.07035640627145767,
        0.34643104672431946,
        -0.1799648553133011,
        0.10050174593925476,
        -0.3220277428627014,
        -0.03683282807469368,
        0.5170609951019287,
        -0.03304008021950722,
        -0.02695600315928459,
        0.1918720155954361,
        -0.03259642794728279,
        0.03822590038180351,
        0.11011050641536713,
        0.041765302419662476,
        -0.05292161554098129,
        -0.08726122230291367,
        0.3617050349712372,
        7.644444849574938e-06,
        0.14458343386650085,
        -0.48381316661834717,
        -5.339762992662145e-06,
        -0.02717571146786213,
        0.11552052944898605,
        0.029193976894021034,
        8.575516403652728e-06,
        3.1602667149854824e-06,
        7.807249858160503e-06,
        3.0803792014921783e-06,
        2.6366947167844046e-06,
        -1.956714186235331e-07,
        -0.130281001329422,
        -0.01836029253900051,
        0.06904879957437515,
        -0.13030560314655304,
        -0.009468174539506435,
        0.32921096682548523,
        -0.10109101980924606,
        -0.08840911835432053,
        -0.12169855833053589,
        0.14077624678611755,
        -0.019599784165620804,
        -0.005520612932741642,
        0.029798055067658424,
        -0.706908106803894,
        -0.008412548340857029,
        -0.04197382181882858,
        0.5285824537277222,
        0.14793814718723297,
        -0.2941489517688751,
        -1.3170987367630005,
        0.9691082835197449,
        -0.13740047812461853,
        1.7751197814941406,
        -1.1118258237838745,
        -0.0694916695356369,
        -0.3785960376262665,
        -0.013015340082347393,
        -0.43727272748947144,
        -0.033568717539310455,
        0.10534495115280151
    ],
    "transl": [
        -0.03356926515698433,
        1.5837770700454712,
        -0.1325952261686325
    ],
    "left_hand_pose": [
        -3.648580312728882,
        0.5147523880004883,
        -0.9914718270301819,
        -1.663923978805542,
        -1.559629201889038,
        2.5546650886535645,
        0.24523380398750305,
        -0.5126851797103882,
        0.6573427319526672,
        0.7671912908554077,
        2.91894268989563,
        -2.218648910522461
    ],
    "right_hand_pose": [
        -3.0263571739196777,
        1.0085707902908325,
        1.0111089944839478,
        -1.6249041557312012,
        -0.9429000616073608,
        0.5964339375495911,
        1.6579811573028564,
        -1.2743912935256958,
        -2.441429615020752,
        0.48405954241752625,
        4.2320237159729,
        1.9276130199432373
    ],
    "jaw_pose": [
        -0.013993177562952042,
        -0.002809271216392517,
        0.024287907406687737
    ],
    "leye_pose": [
        -0.1272931843996048,
        0.47820544242858887,
        -0.49943968653678894
    ],
    "reye_pose": [
        -0.23800957202911377,
        0.1649715006351471,
        -0.624765157699585
    ],
    "expression": [
        -0.8955355882644653,
        0.10279123485088348,
        0.10778608918190002,
        0.42239823937416077,
        -0.5138993263244629,
        -0.33804425597190857,
        -0.061419662088155746,
        0.6276867389678955,
        0.10014695674180984,
        0.13790494203567505
    ]
}