{
    "betas": [
        0.8101909160614014,
        -0.61287921667099,
        0.7977901101112366,
        -0.24850217998027802,
        0.024775506928563118,
        -0.056871652603149414,
        0.11790082603693008,
        -0.7244434952735901,
        -0.2824249565601349,
        -1.731956958770752
    ],
    "global_orient": [
        -0.12468237429857254,
        -0.7426832318305969,
        -0.14760135114192963
    ],
    "body_pose": [
        0.07340943813323975,
        -0.016674740239977837,
        0.1532006710767746,
        -0.1635371595621109,
        -0.024637728929519653,
        0.07666861265897751,
        0.08862882852554321,
        -0.26553067564964294,
        0.0004233068320900202,
        0.6942762732505798,
        -0.12679746747016907,
        -0.08520837873220444,
        0.34872815012931824,
        0.3057374358177185,
        0.04453321173787117,
        0.32138368487358093,
        -0.00602729432284832,
        -0.11831017583608627,
        0.06878506392240524,
        0.5685860514640808,
        7.276283326973498e-07,
        0.1673823893070221,
        -0.014042874798178673,
        -5.156556653673761e-06,
        -0.1653328239917755,
        -0.08589405566453934,
        0.13933300971984863,
        4.84419661006541e-06,
        2.6552875169727486e-06,
        8.75665409694193e-06,
        4.216939032630762e-06,
        4.223581527185161e-06,
        -7.83110976954049e-07,
        -0.22901098430156708,
        -0.044149015098810196,
        0.19082288444042206,
        0.04044459015130997,
        -0.08588621765375137,
        0.12601523101329803,
        -0.017970124259591103,
        0.056518737226724625,
        0.05204044282436371,
        0.09583241492509842,
        0.02848769538104534,
        -0.1506362408399582,
        0.2639443576335907,
        -0.6788347363471985,
        -0.3566136658191681,
        -0.02700328268110752,
        0.5988324880599976,
        0.4298000931739807,
        -0.1363135129213333,
        -1.8012512922286987,
        0.6905688643455505,
        -0.03896855562925339,
        2.032573938369751,
        -0.3745490610599518,
        0.15257669985294342,
        -0.472232460975647,
        -0.02113272435963154,
        -0.34042683243751526,
        0.2543235421180725,
        0.14793623983860016
    ],
    "transl": [
        -0.16656038165092468,
        1.5960232019424438,
        -0.03078542649745941
    ],
    "left_hand_pose": [
        -3.8367795944213867,
        0.2860347032546997,
        -1.0065292119979858,
        -1.9049726724624634,
        -2.2302393913269043,
        1.3321430683135986,
        -0.09615875035524368,
        0.47359755635261536,
        0.8896681070327759,
        1.7460755109786987,
        4.514327049255371,
        -2.176731586456299
    ],
    "right_hand_pose": [
        -3.0514135360717773,
        1.1796594858169556,
        1.0278481245040894,
        -1.9481909275054932,
        -0.9290980100631714,
        -0.27888596057891846,
        1.7629280090332031,
        -0.6128770709037781,
        -2.7954978942871094,
        0.4498262405395508,
        4.393126487731934,
        1.7093844413757324
    ],
    "jaw_pose": [
        -0.016082560643553734,
        0.03653351217508316,
        -0.03137966990470886
    ],
    "leye_pose": [
        -0.1427503079175949,
        -0.34290745854377747,
        -1.3147891759872437
    ],
    "reye_pose": [
        -0.12783277034759521,
        -0.22528450191020966,
        -0.04583403095602989
    ],
    "expression": [
        -0.4943435490131378,
        -0.4263717532157898,
        0.052005741745233536,
        0.10071718692779541,
        -0.5616136193275452,
        -0.7026515007019043,
        -0.16846446692943573,
        0.5420694351196289,
        -0.2201966792345047,
        0.2241133153438568
    ]
}