{
    "betas": [
        0.7002362608909607,
        -1.1459405422210693,
        0.46529072523117065,
        -0.16940347850322723,
        0.026005996391177177,
        0.06706345081329346,
        0.8801587820053101,
        -0.7916164994239807,
        0.23873454332351685,
        -1.555614709854126
    ],
    "global_orient": [
        -0.09841238707304001,
        -1.4711250066757202,
        -0.0949297696352005
    ],
    "body_pose": [
        0.24766212701797485,
        -0.035061974078416824,
        -0.08097708970308304,
        -0.3322727680206299,
        0.014797177165746689,
        -0.012324324809014797,
        0.06145273149013519,
        -0.07148030400276184,
        0.020598283037543297,
        0.2228987067937851,
        -0.29145491123199463,
        0.01461209636181593,
        0.1246306523680687,
        0.12461214512586594,
        -0.019109273329377174,
        0.19558677077293396,
        0.015549296513199806,
        -0.07135114818811417,
        -0.19801971316337585,
        0.09304890781641006,
        4.6206655497371685e-06,
        0.2764992117881775,
        0.1709691882133484,
        -2.5640156309236772e-06,
        -0.09986673295497894,
        -0.10336098074913025,
        0.03646426647901535,
        5.487297130457591e-06,
        1.9347721718077082e-06,
        3.214825483155437e-06,
        5.899613825022243e-06,
        1.3341287967705284e-06,
        -2.3400232862513803e-07,
        -0.03583882004022598,
        0.09819437563419342,
        0.0612533874809742,
        -0.11234961450099945,
        -0.4400686025619507,
        -0.01171768270432949,
        -0.2687877416610718,
        0.49934738874435425,
        -0.2295432686805725,
        0.0401151180267334,
        0.030227286741137505,
        -0.05664229393005371,
        -0.164631649851799,
        -0.5640304088592529,
        -0.774657666683197,
        -0.25796255469322205,
        0.8812968730926514,
        -0.08327092230319977,
        -0.12859658896923065,
        -0.36423659324645996,
        -0.16186216473579407,
        -0.11543525755405426,
        0.5155672430992126,
        -0.22674411535263062,
        0.3165106177330017,
        -0.016367584466934204,
        -0.1552439033985138,
        -0.35998672246932983,
        -0.10244345664978027,
        -0.07970861345529556
    ],
    "transl": [
        -0.18682809174060822,
        1.5809428691864014,
        0.032644014805555344
    ],
    "left_hand_pose": [
        -2.8911280632019043,
        0.6126030087471008,
        -1.6940951347351074,
        -2.8126206398010254,
        0.6243962049484253,
        1.4070470333099365,
        -1.1731740236282349,
        -0.239068403840065,
        0.34316879510879517,
        -0.773797333240509,
        1.477933645248413,
        -4.4972052574157715
    ],
    "right_hand_pose": [
        -2.6404292583465576,
        1.1439714431762695,
        -1.4270612001419067,
        -1.8072285652160645,
        -0.40551915764808655,
        2.986760377883911,
        0.3680526614189148,
        -1.323167324066162,
        -0.13072790205478668,
        -0.24406631290912628,
        2.2329392433166504,
        -2.5749049186706543
    ],
    "jaw_pose": [
        0.00420345738530159,
        0.0289296954870224,
        -0.05211104452610016
    ],
    "leye_pose": [
        0.2733610272407532,
        -0.1566265970468521,
        -0.0442475788295269
    ],
    "reye_pose": [
        -0.3119976818561554,
        -0.20282189548015594,
        0.1833447813987732
    ],
    "expression": [
        -0.46883606910705566,
        -0.7623199820518494,
        -0.2131195217370987,
        0.18060408532619476,
        -0.49581608176231384,
        -0.7311804294586182,
        -0.04512730985879898,
        0.5828173160552979,
        -0.11996618658304214,
        0.42163175344467163
    ]
}