{
    "betas": [
        0.6077532768249512,
        -1.2272390127182007,
        0.34815022349357605,
        -0.2257727086544037,
        -0.11769041419029236,
        0.14159077405929565,
        0.9303425550460815,
        -0.5313394069671631,
        0.3016561269760132,
        -1.233889102935791
    ],
    "global_orient": [
        -0.043831825256347656,
        -1.2937346696853638,
        -0.03121393360197544
    ],
    "body_pose": [
        0.13134849071502686,
        0.005901742726564407,
        -0.01032660249620676,
        -0.2149028331041336,
        0.10566568374633789,
        0.061831600964069366,
        0.08741572499275208,
        -0.06368563324213028,
        -0.04405698552727699,
        0.4354049563407898,
        -0.14132820069789886,
        -0.008478769101202488,
        0.2572040259838104,
        0.04780076444149017,
        0.0016685574082657695,
        0.08394242078065872,
        -0.0885692834854126,
        0.0543602779507637,
        0.09826698154211044,
        0.2974178194999695,
        2.1405137431429466e-06,
        0.10464406758546829,
        -0.12291710078716278,
        -8.691448783793021e-06,
        -0.1019691601395607,
        -0.08249866217374802,
        0.006843956187367439,
        4.344047738413792e-06,
        1.6377560996261309e-06,
        3.1875754302745918e-06,
        4.781944880960509e-06,
        1.0611028073981288e-06,
        -2.3843635972298216e-06,
        -0.05248214304447174,
        0.0868648886680603,
        0.0669039934873581,
        -0.23029488325119019,
        -0.5403673052787781,
        -0.007893177680671215,
        -0.2046152949333191,
        0.5133056044578552,
        -0.10216666013002396,
        -0.021735161542892456,
        0.04469287022948265,
        -0.059054408222436905,
        -0.1308027058839798,
        -0.8780761957168579,
        -0.5932496786117554,
        -0.2375101000070572,
        0.7423489689826965,
        0.028984183445572853,
        -0.04158715158700943,
        -0.4513522684574127,
        -0.09186182916164398,
        -0.07618135958909988,
        0.4651728570461273,
        -0.05694156512618065,
        0.1738092303276062,
        0.08059203624725342,
        -0.195364847779274,
        -0.23058637976646423,
        -0.10375368595123291,
        0.027013704180717468
    ],
    "transl": [
        -0.41277286410331726,
        1.6165577173233032,
        -0.007717529311776161
    ],
    "left_hand_pose": [
        -2.740854501724243,
        0.589532196521759,
        -1.504963994026184,
        -2.238616466522217,
        -0.0774746760725975,
        2.122375965118408,
        -0.029830854386091232,
        -0.4950103759765625,
        -0.3692614436149597,
        -0.30678635835647583,
        1.4560797214508057,
        -2.953765630722046
    ],
    "right_hand_pose": [
        -2.8071084022521973,
        0.9273818135261536,
        -1.4484636783599854,
        -2.10471510887146,
        -0.31215202808380127,
        1.6911516189575195,
        -0.017979204654693604,
        -0.7703904509544373,
        -0.4312640428543091,
        -0.35934749245643616,
        2.169085741043091,
        -2.873037338256836
    ],
    "jaw_pose": [
        0.0016315467655658722,
        0.03430519253015518,
        -0.05185830965638161
    ],
    "leye_pose": [
        0.4604929983615875,
        -0.04706845059990883,
        -0.1943131536245346
    ],
    "reye_pose": [
        0.027984675019979477,
        0.05378485843539238,
        0.49483445286750793
    ],
    "expression": [
        -0.570566713809967,
        -0.9620372653007507,
        -0.15605051815509796,
        0.3928656578063965,
        -0.6002175211906433,
        -0.7008314728736877,
        -0.04259048402309418,
        0.6127075552940369,
        -0.14052549004554749,
        0.4653874635696411
    ]
}