{
    "betas": [
        0.8350857496261597,
        -0.7683759331703186,
        0.8143999576568604,
        -0.6861918568611145,
        -0.11390268057584763,
        0.0033551468513906,
        -0.02395741641521454,
        -0.4623276889324188,
        -0.3955811858177185,
        -1.7017658948898315
    ],
    "global_orient": [
        -0.18859250843524933,
        0.7114045023918152,
        -0.026315296068787575
    ],
    "body_pose": [
        -0.039363760501146317,
        0.24239882826805115,
        0.022443244233727455,
        -0.33038172125816345,
        -0.23122301697731018,
        0.1314336061477661,
        0.15315663814544678,
        -0.20893840491771698,
        0.00890069268643856,
        0.3468475937843323,
        -0.4286420941352844,
        0.012445651926100254,
        0.564801812171936,
        0.2132158875465393,
        -0.12193501740694046,
        0.3606140911579132,
        -0.12046253681182861,
        -0.03606355935335159,
        -0.018709681928157806,
        0.453507661819458,
        4.4253501982893795e-06,
        0.18015460669994354,
        -0.03465785086154938,
        -2.6880429686571006e-06,
        -0.21755827963352203,
        -0.13796062767505646,
        0.08586734533309937,
        5.3459884838957805e-06,
        3.325129682707484e-06,
        7.685194759687874e-06,
        2.2819199330115225e-06,
        3.533809604050475e-06,
        1.915133680086001e-06,
        -0.14022040367126465,
        -0.07178887724876404,
        0.13477696478366852,
        0.019427573308348656,
        -0.08306286484003067,
        0.034554000943899155,
        -0.0059363944455981255,
        0.057790059596300125,
        0.05512773245573044,
        0.02302664890885353,
        -0.08513835072517395,
        -0.06965401768684387,
        0.23922604322433472,
        -0.7524752616882324,
        -0.5576065182685852,
        0.0054169222712516785,
        0.618333101272583,
        0.5586050152778625,
        -0.15142720937728882,
        -1.7932370901107788,
        0.637313961982727,
        -0.07588104158639908,
        2.038283586502075,
        -0.5120237469673157,
        0.13714301586151123,
        -0.3796520531177521,
        -0.04021545127034187,
        -0.40718650817871094,
        0.20245769619941711,
        0.2327239215373993
    ],
    "transl": [
        0.11986659467220306,
        1.6119354963302612,
        -0.11872956901788712
    ],
    "left_hand_pose": [
        -3.3425779342651367,
        0.8244553208351135,
        -0.18288981914520264,
        -2.006898880004883,
        -1.2437150478363037,
        1.2490384578704834,
        1.357024908065796,
        -0.28240254521369934,
        -0.382894366979599,
        0.9329887628555298,
        4.205261707305908,
        -0.13614724576473236
    ],
    "right_hand_pose": [
        -3.100167989730835,
        1.3853704929351807,
        1.0922887325286865,
        -2.2412216663360596,
        -1.099907398223877,
        -1.0021474361419678,
        2.696746587753296,
        -0.5899656414985657,
        -4.630317211151123,
        -0.8793919682502747,
        2.9735405445098877,
        0.08479656279087067
    ],
    "jaw_pose": [
        -0.013488863594830036,
        -0.008723817765712738,
        0.02435554750263691
    ],
    "leye_pose": [
        -0.25782760977745056,
        0.15892662107944489,
        -0.8519976139068604
    ],
    "reye_pose": [
        -0.0805433839559555,
        0.16324031352996826,
        -0.5981966257095337
    ],
    "expression": [
        -1.1578768491744995,
        0.031682346016168594,
        -0.012247024103999138,
        0.35286328196525574,
        -0.6014481782913208,
        -0.43895575404167175,
        -0.013351856730878353,
        0.5432529449462891,
        0.09668269008398056,
        0.15482114255428314
    ]
}