{
    "betas": [
        0.7684648036956787,
        -1.3639185428619385,
        0.39541301131248474,
        -0.2914004921913147,
        0.23121057450771332,
        0.12954871356487274,
        0.8954399824142456,
        -0.5304244756698608,
        0.19679485261440277,
        -1.0932308435440063
    ],
    "global_orient": [
        0.05217968299984932,
        1.511547327041626,
        -0.07745802402496338
    ],
    "body_pose": [
        -0.4783158302307129,
        0.1988927125930786,
        -0.09340384602546692,
        0.23827631771564484,
        0.22644948959350586,
        -0.0710473358631134,
        0.061745721846818924,
        0.08087511360645294,
        0.006607630290091038,
        0.5274789333343506,
        -0.23399077355861664,
        0.00273156282491982,
        0.31933698058128357,
        0.28403881192207336,
        -0.017944473773241043,
        0.09138714522123337,
        0.0769684687256813,
        -0.06782281398773193,
        0.0013285934692248702,
        -0.04022293537855148,
        1.5063953924254747e-06,
        0.35443738102912903,
        0.349114328622818,
        1.1144504696858348e-06,
        -0.11494800448417664,
        0.004399252589792013,
        0.014630062505602837,
        3.2813852612889605e-06,
        1.703298039501533e-06,
        3.1005013170215534e-06,
        -1.3538596022044658e-06,
        1.028271753966692e-06,
        1.927603079820983e-06,
        -0.09559495747089386,
        -0.04155794158577919,
        0.041326817125082016,
        -0.07527945190668106,
        -0.4064636528491974,
        -0.1085180789232254,
        -0.28661805391311646,
        0.46602851152420044,
        -0.34283870458602905,
        -0.1170872375369072,
        -0.11561659723520279,
        0.0027491680812090635,
        -0.0920206680893898,
        -0.5702285766601562,
        -0.696426510810852,
        -0.26595446467399597,
        0.5865400433540344,
        -0.6982115507125854,
        -0.03883233293890953,
        -0.24666492640972137,
        -0.17802903056144714,
        -0.26678547263145447,
        0.3962702751159668,
        -0.29740458726882935,
        0.201637402176857,
        0.1339564174413681,
        -0.11332729458808899,
        -0.4945412278175354,
        -0.034108035266399384,
        -0.10377033799886703
    ],
    "transl": [
        -0.16921696066856384,
        1.5798051357269287,
        -0.01969788782298565
    ],
    "left_hand_pose": [
        -2.66800594329834,
        0.7781908512115479,
        -1.61945641040802,
        -2.4634833335876465,
        0.15337634086608887,
        1.9415557384490967,
        -0.25728368759155273,
        -0.35405632853507996,
        0.23021520674228668,
        -0.28692105412483215,
        1.6307084560394287,
        -3.2165424823760986
    ],
    "right_hand_pose": [
        -2.5522422790527344,
        1.0724022388458252,
        -1.1070988178253174,
        -2.01526141166687,
        -0.3309711217880249,
        2.5664570331573486,
        0.6500772833824158,
        -1.5441144704818726,
        -2.096858024597168,
        -0.9995909929275513,
        1.5830975770950317,
        -2.7579474449157715
    ],
    "jaw_pose": [
        0.010619929060339928,
        -0.02673722431063652,
        0.007025945000350475
    ],
    "leye_pose": [
        0.11737208813428879,
        0.4457273781299591,
        -0.18441066145896912
    ],
    "reye_pose": [
        -0.17648987472057343,
        0.466154009103775,
        -0.48679792881011963
    ],
    "expression": [
        -0.7568430304527283,
        -0.3556400537490845,
        0.1913049817085266,
        0.3764196038246155,
        -0.5792930126190186,
        -0.5333660244941711,
        -0.3052656352519989,
        0.5341323614120483,
        -0.25596264004707336,
        0.2047155201435089
    ]
}