{
    "betas": [
        0.7686169743537903,
        -0.9403790831565857,
        0.6351342797279358,
        -0.35226595401763916,
        -0.009383758530020714,
        -0.017170514911413193,
        1.0697344541549683,
        -0.4272182285785675,
        0.2758283317089081,
        -1.332067847251892
    ],
    "global_orient": [
        -0.021988194435834885,
        -1.8287625312805176,
        -0.13807789981365204
    ],
    "body_pose": [
        -0.06658732891082764,
        0.14427168667316437,
        -0.09221746027469635,
        -0.19357508420944214,
        -0.2023572474718094,
        0.03361115977168083,
        0.07871322333812714,
        0.030720969662070274,
        0.04231735318899155,
        0.20140351355075836,
        -0.25768613815307617,
        0.03055882267653942,
        0.7435361742973328,
        0.07808197289705276,
        -0.04914475977420807,
        0.15033619105815887,
        0.0027539690490812063,
        -0.02474133111536503,
        -0.0032205991446971893,
        0.17901639640331268,
        4.676005119108595e-06,
        0.15989969670772552,
        -0.08895865827798843,
        -1.9518627141223988e-06,
        0.0012547372607514262,
        -0.024278998374938965,
        0.012010614387691021,
        6.492327429441502e-06,
        2.8906699753861176e-06,
        6.259374004002893e-06,
        -1.1383825437860651e-07,
        1.1306379974485026e-06,
        9.414762303094903e-07,
        -0.12611781060695648,
        0.17989042401313782,
        0.07057134062051773,
        -0.07578905671834946,
        -0.1374816745519638,
        -0.19136904180049896,
        -0.2198990434408188,
        0.49084001779556274,
        -0.02091761864721775,
        0.12599784135818481,
        0.030949348583817482,
        -0.05558163672685623,
        -0.05147980526089668,
        -0.3685263991355896,
        -0.9080774784088135,
        -0.20305955410003662,
        0.8368145823478699,
        0.2576933205127716,
        -0.03438080474734306,
        -0.34898385405540466,
        -0.33025920391082764,
        0.014020459726452827,
        0.6685121059417725,
        0.005331271793693304,
        0.34711945056915283,
        0.10777726769447327,
        -0.3003196120262146,
        -0.3940936028957367,
        -0.003235426964238286,
        0.35834410786628723
    ],
    "transl": [
        0.05224150791764259,
        1.604878544807434,
        0.08493627607822418
    ],
    "left_hand_pose": [
        -2.0875861644744873,
        1.7497962713241577,
        -2.1445152759552,
        -3.0115127563476562,
        1.7891005277633667,
        2.275261878967285,
        -0.6613419651985168,
        -1.196446180343628,
        -0.044513966888189316,
        -1.4596127271652222,
        1.6448382139205933,
        -3.800184965133667
    ],
    "right_hand_pose": [
        -2.101177215576172,
        1.7902990579605103,
        -1.3899794816970825,
        -3.2025864124298096,
        1.5186880826950073,
        2.1022326946258545,
        -0.565453827381134,
        -1.3690247535705566,
        -0.14758677780628204,
        -1.1136006116867065,
        2.092672824859619,
        -2.9389078617095947
    ],
    "jaw_pose": [
        0.02088535949587822,
        0.027858249843120575,
        -0.04344584047794342
    ],
    "leye_pose": [
        0.12770847976207733,
        -0.13640621304512024,
        -0.05977967754006386
    ],
    "reye_pose": [
        -0.3184712827205658,
        -0.10676989704370499,
        -0.3071393668651581
    ],
    "expression": [
        -0.4359521269798279,
        -0.6107051372528076,
        -0.20443102717399597,
        0.09711850434541702,
        -0.5207957625389099,
        -0.7357767820358276,
        -0.019797252491116524,
        0.5553910136222839,
        -0.10036137700080872,
        0.4098252058029175
    ]
}