{
    "betas": [
        0.7697992920875549,
        -0.6444267630577087,
        0.7297112941741943,
        -0.36544036865234375,
        -0.1470504105091095,
        -0.03255406394600868,
        0.019884886220097542,
        -0.38778141140937805,
        -0.6372274160385132,
        -1.855196475982666
    ],
    "global_orient": [
        -0.18008945882320404,
        0.4428923726081848,
        -0.06278861314058304
    ],
    "body_pose": [
        0.0075140236876904964,
        0.1875489503145218,
        0.07584838569164276,
        -0.3111359179019928,
        -0.10354266315698624,
        -0.01398563850671053,
        0.21341904997825623,
        -0.3104325830936432,
        0.08131049573421478,
        0.2799775302410126,
        -0.24261246621608734,
        -0.016521031036973,
        0.6537868976593018,
        0.0982356071472168,
        -0.027988452464342117,
        0.16180521249771118,
        0.07755191624164581,
        -0.07792098075151443,
        -0.0023404723033308983,
        0.4140152931213379,
        4.916808393318206e-06,
        0.2696933448314667,
        -0.33019372820854187,
        -7.76548586145509e-06,
        -0.06867387145757675,
        -0.2024003565311432,
        0.06214386597275734,
        7.734599421382882e-06,
        1.7465183645981597e-06,
        8.953527867561206e-06,
        2.4879982447600923e-06,
        5.899865755054634e-06,
        -3.1010247880658426e-07,
        -0.21347513794898987,
        -0.08470810949802399,
        0.166592538356781,
        -0.02725568227469921,
        -0.08193943649530411,
        0.0924026370048523,
        -0.055598318576812744,
        0.035204045474529266,
        0.023540744557976723,
        0.10349912196397781,
        -0.05805341899394989,
        -0.12441468983888626,
        0.3112999200820923,
        -0.7274714112281799,
        -0.34188544750213623,
        0.01438935101032257,
        0.6002588272094727,
        0.2875676453113556,
        -0.12210609763860703,
        -1.8561036586761475,
        0.5606421828269958,
        -0.06844224035739899,
        2.05039119720459,
        -0.5080206394195557,
        0.11051591485738754,
        -0.40292155742645264,
        -0.09705644100904465,
        -0.37385094165802,
        0.1599428504705429,
        0.2765025794506073
    ],
    "transl": [
        0.09658381342887878,
        1.6162152290344238,
        -0.1144014298915863
    ],
    "left_hand_pose": [
        -3.8138575553894043,
        -0.2798053026199341,
        -0.45009320974349976,
        -2.6183907985687256,
        0.748428225517273,
        4.192828178405762,
        -0.8513954281806946,
        -2.6204652786254883,
        -1.8688328266143799,
        -1.1676563024520874,
        1.381404161453247,
        -3.5671095848083496
    ],
    "right_hand_pose": [
        -3.031998872756958,
        1.449804663658142,
        1.0126605033874512,
        -1.9193212985992432,
        -1.041013240814209,
        -0.4827612638473511,
        2.0250442028045654,
        -0.5863844752311707,
        -3.2676517963409424,
        -0.007374570704996586,
        3.7947466373443604,
        0.9509145021438599
    ],
    "jaw_pose": [
        -0.02265731245279312,
        0.002288080519065261,
        0.003647834062576294
    ],
    "leye_pose": [
        -0.05460663139820099,
        -0.04898406192660332,
        -1.0558762550354004
    ],
    "reye_pose": [
        -0.21475104987621307,
        0.05918680131435394,
        -0.5158829689025879
    ],
    "expression": [
        -1.162998080253601,
        0.38202130794525146,
        0.2673132121562958,
        0.538408100605011,
        -0.5906665325164795,
        -0.5433738827705383,
        0.12440657615661621,
        0.30966076254844666,
        0.02070796862244606,
        0.27017781138420105
    ]
}