{
    "betas": [
        0.6662733554840088,
        -0.5681459903717041,
        0.22324642539024353,
        0.1767285019159317,
        0.2489820122718811,
        -0.08833596110343933,
        0.5470154285430908,
        -0.7340874671936035,
        0.06256261467933655,
        -1.969748854637146
    ],
    "global_orient": [
        -0.1847488433122635,
        -0.08914200961589813,
        -0.08680793642997742
    ],
    "body_pose": [
        0.04914155974984169,
        0.17536523938179016,
        0.233820378780365,
        -0.07796020805835724,
        0.13799111545085907,
        0.007276584394276142,
        -0.06670292466878891,
        -0.1574542075395584,
        0.003936943598091602,
        0.3383431136608124,
        -0.22859299182891846,
        0.026671821251511574,
        0.25799834728240967,
        0.2365899384021759,
        0.046436481177806854,
        0.18568651378154755,
        -0.08295750617980957,
        -0.027016514912247658,
        -0.06566991657018661,
        0.42084845900535583,
        2.458254357406986e-06,
        0.12274931371212006,
        -0.19287844002246857,
        -2.1575172013399424e-06,
        -0.051864057779312134,
        0.005790855269879103,
        0.015517915599048138,
        6.645896974077914e-06,
        1.958754410225083e-06,
        5.8609284678823315e-06,
        2.2234994503378402e-06,
        2.8723172817990417e-06,
        4.34315865049939e-07,
        -0.02805229462683201,
        0.10462762415409088,
        0.0009371748310513794,
        -0.2857544422149658,
        -0.2789783477783203,
        0.4978477358818054,
        -0.17885291576385498,
        0.3660871684551239,
        -0.18216058611869812,
        0.07574593275785446,
        -0.005879493895918131,
        -0.02618980221450329,
        -0.07966247946023941,
        -0.8138915300369263,
        0.4261135756969452,
        -0.425784707069397,
        0.47436562180519104,
        -0.19017691910266876,
        -0.3420459032058716,
        -0.6119893193244934,
        0.3265499174594879,
        -0.3773688077926636,
        -0.015379072166979313,
        -0.07095792144536972,
        0.171803817152977,
        -0.030840454623103142,
        0.06403433531522751,
        -0.4646274149417877,
        -0.32438403367996216,
        -0.08987003564834595
    ],
    "transl": [
        -0.15907225012779236,
        1.5879435539245605,
        -0.058783430606126785
    ],
    "left_hand_pose": [
        -3.0872833728790283,
        0.9678221344947815,
        -1.0666545629501343,
        -2.5208513736724854,
        -0.17561335861682892,
        1.8848950862884521,
        0.5190640091896057,
        -0.9941884279251099,
        -1.5786850452423096,
        -1.1373893022537231,
        1.1089701652526855,
        -3.909231424331665
    ],
    "right_hand_pose": [
        -3.0150084495544434,
        1.1255393028259277,
        -0.16492962837219238,
        -2.131736993789673,
        -0.5405707955360413,
        1.0619162321090698,
        1.2807626724243164,
        -0.9108178615570068,
        -1.9490032196044922,
        -0.29651957750320435,
        2.821770668029785,
        -1.0897270441055298
    ],
    "jaw_pose": [
        -0.017065083608031273,
        0.009541983716189861,
        -0.017311453819274902
    ],
    "leye_pose": [
        -0.3479854464530945,
        -0.18355077505111694,
        0.010295906104147434
    ],
    "reye_pose": [
        -0.6208485960960388,
        -0.15486346185207367,
        -0.16924628615379333
    ],
    "expression": [
        -0.697847306728363,
        0.12422513216733932,
        0.14367228746414185,
        0.5111678838729858,
        -0.7603442668914795,
        -0.31838467717170715,
        -0.02871381863951683,
        0.43465274572372437,
        -0.08577410876750946,
        0.2653670310974121
    ]
}