{
    "betas": [
        0.7290233969688416,
        -0.7010934352874756,
        0.4421059489250183,
        0.028432101011276245,
        0.19973689317703247,
        -0.1612410843372345,
        0.3888961970806122,
        -0.8215692043304443,
        -0.18340341746807098,
        -1.862860083580017
    ],
    "global_orient": [
        -0.15280066430568695,
        0.013894149102270603,
        -0.0630030557513237
    ],
    "body_pose": [
        -0.05683877319097519,
        0.2211165726184845,
        0.17759034037590027,
        -0.12425767630338669,
        0.005438403692096472,
        -0.06532473117113113,
        -0.09161078929901123,
        -0.14458057284355164,
        0.011068494990468025,
        0.3903183043003082,
        -0.223564013838768,
        0.02949652448296547,
        0.2590053379535675,
        0.2047223299741745,
        -0.01583261974155903,
        0.17755895853042603,
        -0.05691702291369438,
        -0.060641802847385406,
        -0.07257197797298431,
        0.287782222032547,
        2.585654556241934e-06,
        0.16192609071731567,
        -0.0419577918946743,
        6.289664611358603e-07,
        -0.028879491612315178,
        0.03508898615837097,
        0.02309437468647957,
        6.699287951050792e-06,
        4.831612727684842e-07,
        4.65868424726068e-06,
        1.6130519497892237e-06,
        1.918013595059165e-06,
        4.7460733298976265e-07,
        0.02727830410003662,
        0.1265966296195984,
        0.06273239850997925,
        -0.31146419048309326,
        -0.26715928316116333,
        0.4613271951675415,
        -0.2760196626186371,
        0.249940887093544,
        -0.15931157767772675,
        0.060128118842840195,
        -0.10041205585002899,
        0.008010860532522202,
        -0.23862463235855103,
        -0.6080682277679443,
        0.44872918725013733,
        -0.3482298254966736,
        0.4110240340232849,
        -0.24715827405452728,
        -0.5317235589027405,
        -0.5454738140106201,
        0.6458602547645569,
        -0.30849018692970276,
        0.36468592286109924,
        -0.7384921908378601,
        -0.1436627358198166,
        -0.09606336057186127,
        0.2214820384979248,
        -0.6756601929664612,
        -0.15779532492160797,
        -0.09808318316936493
    ],
    "transl": [
        -0.11540894210338593,
        1.5888614654541016,
        -0.07324022799730301
    ],
    "left_hand_pose": [
        -3.2635271549224854,
        0.7300461530685425,
        -1.6497867107391357,
        -1.9702099561691284,
        -0.8202627897262573,
        2.4776089191436768,
        -0.37453925609588623,
        -0.8204025626182556,
        -1.2939164638519287,
        -0.941639244556427,
        1.4678757190704346,
        -5.067639350891113
    ],
    "right_hand_pose": [
        -3.090660333633423,
        1.4874136447906494,
        0.11689025908708572,
        -1.7478735446929932,
        -1.0789786577224731,
        1.1964019536972046,
        1.2096670866012573,
        -0.9500128626823425,
        -1.5482912063598633,
        0.28788888454437256,
        4.519289016723633,
        -0.1706005483865738
    ],
    "jaw_pose": [
        -0.007219643332064152,
        -0.0019113257294520736,
        -0.0036824047565460205
    ],
    "leye_pose": [
        -0.3466964662075043,
        0.6394447684288025,
        -0.5767369866371155
    ],
    "reye_pose": [
        -0.5272760391235352,
        0.11252852529287338,
        -0.4175378382205963
    ],
    "expression": [
        -0.7515459060668945,
        0.272626131772995,
        0.3476608991622925,
        0.5120132565498352,
        -0.5056119561195374,
        -0.28739356994628906,
        -0.00906482432037592,
        0.34409254789352417,
        0.018408967182040215,
        0.28193363547325134
    ]
}