{
    "betas": [
        0.6887879371643066,
        -0.8889819979667664,
        0.4110223352909088,
        -0.891411304473877,
        -0.09316858649253845,
        0.04335499554872513,
        0.4205497205257416,
        -0.43803203105926514,
        0.17212527990341187,
        -1.5072999000549316
    ],
    "global_orient": [
        -0.08018878102302551,
        0.064548060297966,
        -0.019416678696870804
    ],
    "body_pose": [
        -0.05659696087241173,
        0.2321517914533615,
        0.10384546220302582,
        -0.00916564092040062,
        0.17936451733112335,
        -0.30406302213668823,
        0.08603048324584961,
        -0.04312388226389885,
        0.011599675752222538,
        0.3671208918094635,
        -0.10126400738954544,
        -0.036136917769908905,
        0.344465434551239,
        -0.17481251060962677,
        -0.0006185706006363034,
        0.305076003074646,
        0.026916153728961945,
        -0.09324023127555847,
        -0.14076729118824005,
        0.31542131304740906,
        4.332153821451357e-06,
        0.4444348216056824,
        -0.5028526186943054,
        -6.518378540931735e-06,
        -0.1985108107328415,
        -0.007346892263740301,
        -0.029125668108463287,
        6.617823146370938e-06,
        3.575960818125168e-06,
        3.848094820568804e-06,
        2.6002076083386783e-06,
        7.904558430027464e-08,
        -9.766125685928273e-07,
        -0.21101540327072144,
        0.07692059874534607,
        0.042179714888334274,
        0.007668789941817522,
        -0.07641787081956863,
        -0.13767589628696442,
        0.028663961216807365,
        -0.04613612964749336,
        0.27677518129348755,
        -0.04464907944202423,
        0.09331265836954117,
        -0.06349574029445648,
        0.1116420328617096,
        -0.44927978515625,
        -0.9504208564758301,
        -0.04241950064897537,
        0.23026354610919952,
        0.8738667964935303,
        0.09910881519317627,
        -0.8530570864677429,
        -0.22561673820018768,
        -0.04969753697514534,
        1.0830644369125366,
        -0.007966456934809685,
        0.597804844379425,
        -0.12650859355926514,
        0.0847303718328476,
        -0.0052526057697832584,
        -0.04980643838644028,
        -0.3428211212158203
    ],
    "transl": [
        0.09367579966783524,
        1.5866776704788208,
        0.05705437809228897
    ],
    "left_hand_pose": [
        -2.8311688899993896,
        1.4470043182373047,
        -0.6992179751396179,
        -3.4059619903564453,
        1.4826388359069824,
        1.9090396165847778,
        0.16564437747001648,
        -1.1621872186660767,
        0.19177618622779846,
        -0.16410738229751587,
        2.2187931537628174,
        -0.5615505576133728
    ],
    "right_hand_pose": [
        -2.78037428855896,
        1.2303601503372192,
        -0.09409845620393753,
        -2.3536550998687744,
        0.09231399744749069,
        0.8780379295349121,
        0.7407753467559814,
        -0.35685601830482483,
        0.42400965094566345,
        0.8353042006492615,
        3.3751587867736816,
        1.0726431608200073
    ],
    "jaw_pose": [
        -0.009760234504938126,
        -0.00585558544844389,
        0.020297173410654068
    ],
    "leye_pose": [
        -0.49100759625434875,
        0.41376152634620667,
        -1.4769412279129028
    ],
    "reye_pose": [
        -0.36369243264198303,
        0.22363920509815216,
        -0.3376249074935913
    ],
    "expression": [
        -0.4584663510322571,
        0.09383794665336609,
        0.4005727767944336,
        0.5115171074867249,
        -0.7031840085983276,
        -0.17649458348751068,
        -0.0734153538942337,
        0.5914627313613892,
        -0.018490517511963844,
        0.06925924122333527
    ]
}