{
    "betas": [
        0.6657743453979492,
        -1.3143969774246216,
        0.30288782715797424,
        -0.4012962877750397,
        0.13002976775169373,
        0.14359526336193085,
        0.8584198355674744,
        -0.4998463988304138,
        0.19238702952861786,
        -1.1048829555511475
    ],
    "global_orient": [
        0.01033201813697815,
        1.4723926782608032,
        -0.08317304402589798
    ],
    "body_pose": [
        -0.4215771555900574,
        0.19622202217578888,
        -0.05949722230434418,
        0.24870602786540985,
        0.19960281252861023,
        -0.04521065577864647,
        0.07608272135257721,
        0.07432372123003006,
        0.047019969671964645,
        0.43024054169654846,
        -0.2588741183280945,
        -0.0006792297353968024,
        0.3007505238056183,
        0.26033705472946167,
        -0.009378400631248951,
        0.09547930210828781,
        0.061879150569438934,
        -0.02742287516593933,
        0.051012903451919556,
        0.001991860568523407,
        2.1179077975830296e-06,
        0.35831671953201294,
        0.24905027449131012,
        1.1428608104324667e-06,
        -0.16685457527637482,
        0.0001403525093337521,
        0.001290736603550613,
        4.256846750649856e-06,
        1.9405429156904574e-06,
        3.715293132700026e-06,
        -5.952035166956193e-07,
        1.801200937734393e-06,
        2.2832932700111996e-06,
        -0.04500997066497803,
        -0.04416034370660782,
        0.007682238705456257,
        -0.14493288099765778,
        -0.4318378269672394,
        -0.02114943228662014,
        -0.2967253029346466,
        0.5271406769752502,
        -0.309991717338562,
        -0.09921561181545258,
        -0.0688646212220192,
        -0.0028632935136556625,
        -0.09508586674928665,
        -0.7061009407043457,
        -0.5127180218696594,
        -0.1999465972185135,
        0.900205135345459,
        -0.4741661250591278,
        -0.07643642276525497,
        -0.3968495726585388,
        -0.09122288227081299,
        -0.21349672973155975,
        0.21252445876598358,
        -0.19097892940044403,
        0.18380799889564514,
        0.08193165063858032,
        -0.1203048899769783,
        -0.2985970973968506,
        -0.24251990020275116,
        -0.05355460196733475
    ],
    "transl": [
        -0.18461667001247406,
        1.5978968143463135,
        -0.02382315695285797
    ],
    "left_hand_pose": [
        -2.74334454536438,
        0.6481033563613892,
        -1.5528587102890015,
        -2.345214605331421,
        -0.05763077735900879,
        2.142650842666626,
        -0.18698032200336456,
        -0.38158896565437317,
        0.019782183691859245,
        -0.19369369745254517,
        1.7302727699279785,
        -3.2179648876190186
    ],
    "right_hand_pose": [
        -2.5146141052246094,
        1.6728391647338867,
        -0.2515512704849243,
        -2.3849244117736816,
        0.34534233808517456,
        1.8587526082992554,
        0.6925395131111145,
        -1.2343711853027344,
        -0.4708622395992279,
        0.009658396244049072,
        2.8080837726593018,
        -0.17357514798641205
    ],
    "jaw_pose": [
        0.00865225214511156,
        -0.025137100368738174,
        0.015448760241270065
    ],
    "leye_pose": [
        0.20638976991176605,
        0.5988041162490845,
        -0.021890269592404366
    ],
    "reye_pose": [
        -0.2893790304660797,
        0.3949224650859833,
        -0.39218148589134216
    ],
    "expression": [
        -0.6306278109550476,
        -0.5620378255844116,
        0.08748267590999603,
        0.0628838837146759,
        -0.3919340968132019,
        -0.6180235743522644,
        -0.22623559832572937,
        0.506700336933136,
        -0.17661131918430328,
        0.2762105166912079
    ]
}