{
    "betas": [
        0.6254624128341675,
        -1.0135267972946167,
        0.4791189730167389,
        -0.1620541661977768,
        0.0035023384261876345,
        0.12208560854196548,
        1.0868070125579834,
        -0.4871100187301636,
        0.28789833188056946,
        -1.6316276788711548
    ],
    "global_orient": [
        -0.10143662989139557,
        -1.478811502456665,
        -0.13558681309223175
    ],
    "body_pose": [
        0.20927341282367706,
        0.09369169175624847,
        -0.03752826899290085,
        -0.2893480360507965,
        0.10844624787569046,
        0.021528761833906174,
        0.09405630826950073,
        -0.10353223234415054,
        0.05002417415380478,
        0.4390312433242798,
        -0.37990981340408325,
        0.03449966758489609,
        0.18998388946056366,
        0.2043878138065338,
        0.03487268462777138,
        0.14367468655109406,
        -0.04169468209147453,
        -0.04854217916727066,
        -0.19234174489974976,
        0.06016840413212776,
        3.240335445298115e-06,
        0.3010801076889038,
        0.04442954435944557,
        -1.5727549680377706e-06,
        -0.06586252897977829,
        -0.04199850559234619,
        0.011024695821106434,
        5.190959655010374e-06,
        2.2582203200727236e-06,
        3.4063641578541137e-06,
        5.881091965420637e-06,
        1.3231943967184634e-06,
        -1.281965978705557e-06,
        -0.06089654564857483,
        0.11710303276777267,
        0.05141763389110565,
        -0.2053356170654297,
        -0.49739545583724976,
        0.13710357248783112,
        -0.2526211738586426,
        0.5567920804023743,
        -0.0450034961104393,
        0.06761690229177475,
        0.055967554450035095,
        -0.04287595674395561,
        -0.20735880732536316,
        -0.7189344167709351,
        -0.47303593158721924,
        -0.21830041706562042,
        0.926744818687439,
        0.19732019305229187,
        -0.25015494227409363,
        -0.4308262765407562,
        -0.028643792495131493,
        -0.01941467449069023,
        0.49826380610466003,
        -0.11576113849878311,
        0.22950758039951324,
        -0.039428871124982834,
        -0.26180800795555115,
        -0.17004309594631195,
        -0.0926089882850647,
        0.10918674618005753
    ],
    "transl": [
        -0.23969535529613495,
        1.5836385488510132,
        0.02155524119734764
    ],
    "left_hand_pose": [
        -2.6942591667175293,
        0.5882202386856079,
        -1.6229525804519653,
        -2.6381032466888428,
        0.42151889204978943,
        1.6660932302474976,
        -1.0835624933242798,
        -0.26990529894828796,
        1.045676827430725,
        0.015005971305072308,
        2.032485246658325,
        -3.1997008323669434
    ],
    "right_hand_pose": [
        -2.429213523864746,
        1.2584986686706543,
        -1.3146897554397583,
        -2.1434824466705322,
        0.41818657517433167,
        2.758392095565796,
        0.012052495963871479,
        -1.3810439109802246,
        0.3511158227920532,
        -0.06130843982100487,
        2.3824880123138428,
        -1.5227797031402588
    ],
    "jaw_pose": [
        0.0021067382767796516,
        0.028909817337989807,
        -0.04213791713118553
    ],
    "leye_pose": [
        0.2977677881717682,
        -0.06879540532827377,
        0.0546719916164875
    ],
    "reye_pose": [
        -0.19114230573177338,
        -0.08215484023094177,
        0.05232454836368561
    ],
    "expression": [
        -0.6206022500991821,
        -0.6436548829078674,
        -0.1314646303653717,
        0.1963610202074051,
        -0.5083889961242676,
        -0.7289722561836243,
        -0.09155480563640594,
        0.5831524133682251,
        -0.11573329567909241,
        0.36057165265083313
    ]
}