{
    "betas": [
        0.5424970388412476,
        -0.7243284583091736,
        0.2845575213432312,
        0.058983273804187775,
        0.20316608250141144,
        -0.014310810714960098,
        0.4265623688697815,
        -0.7864561080932617,
        0.08889791369438171,
        -1.495861291885376
    ],
    "global_orient": [
        -0.19450600445270538,
        0.32039517164230347,
        -0.0028427806682884693
    ],
    "body_pose": [
        -0.05471144616603851,
        0.23515799641609192,
        0.16875143349170685,
        0.03228599578142166,
        0.2261236310005188,
        -0.11126411706209183,
        0.02427688241004944,
        0.0708068460226059,
        0.075953908264637,
        0.33450955152511597,
        -0.35072991251945496,
        0.0018211978022009134,
        0.25221341848373413,
        0.043837953358888626,
        0.04516216367483139,
        0.12648609280586243,
        0.05365810915827751,
        -0.04601011425256729,
        -0.022475766018033028,
        0.18280242383480072,
        2.055736104011885e-06,
        0.05024800822138786,
        -0.47932004928588867,
        -5.666060133080464e-06,
        -0.08060463517904282,
        -0.053293921053409576,
        0.07082197815179825,
        7.766760063532274e-06,
        2.5933152301149676e-06,
        4.09949416280142e-06,
        2.4169528387574246e-06,
        1.3712848385694087e-06,
        -2.981249025424404e-08,
        -0.027194660156965256,
        -0.08327418565750122,
        0.06200849264860153,
        -0.23159660398960114,
        -0.36717379093170166,
        0.36037519574165344,
        -0.343296617269516,
        0.3667416274547577,
        -0.3862743377685547,
        -0.027119025588035583,
        -0.10352741181850433,
        0.0002157284616259858,
        -0.18505951762199402,
        -0.6350880265235901,
        0.2384452521800995,
        -0.18477918207645416,
        1.0184204578399658,
        -0.2903890609741211,
        -0.3495958149433136,
        -0.18554548919200897,
        0.13053090870380402,
        -0.24201041460037231,
        0.5304745435714722,
        -0.24363672733306885,
        0.2866172194480896,
        0.18594662845134735,
        -0.041216447949409485,
        -0.3747842013835907,
        -0.16945093870162964,
        0.10901722311973572
    ],
    "transl": [
        -0.11280226707458496,
        1.5959662199020386,
        -0.07615803182125092
    ],
    "left_hand_pose": [
        -3.1028246879577637,
        0.8677021265029907,
        -1.4505335092544556,
        -2.52313232421875,
        -0.1829371452331543,
        2.245081901550293,
        -0.17429183423519135,
        -0.930415153503418,
        -0.9443981647491455,
        -1.003845453262329,
        1.3930366039276123,
        -4.408783435821533
    ],
    "right_hand_pose": [
        -2.986804246902466,
        1.5386457443237305,
        1.353515625,
        -2.1094613075256348,
        -0.9689651131629944,
        -0.7692450881004333,
        2.2316761016845703,
        -0.7798800468444824,
        -3.9940602779388428,
        -0.06306427717208862,
        4.3943986892700195,
        1.239073634147644
    ],
    "jaw_pose": [
        -0.01472938060760498,
        -0.008166179060935974,
        0.01562140416353941
    ],
    "leye_pose": [
        0.14521421492099762,
        0.5280926823616028,
        0.05424356088042259
    ],
    "reye_pose": [
        -0.30577781796455383,
        0.23640814423561096,
        -0.5914391279220581
    ],
    "expression": [
        -0.6725833415985107,
        -0.17183057963848114,
        0.2028726488351822,
        0.4025990664958954,
        -0.6499754786491394,
        -0.42987826466560364,
        -0.03526787459850311,
        0.6824342608451843,
        0.06948615610599518,
        0.24367102980613708
    ]
}