{
    "betas": [
        0.745476484298706,
        -0.9928160905838013,
        0.4793757498264313,
        -0.1678769439458847,
        -0.0898008719086647,
        0.049328532069921494,
        0.7446845769882202,
        -0.6472620368003845,
        0.2158634066581726,
        -1.3537861108779907
    ],
    "global_orient": [
        -0.04565076902508736,
        -0.9927726984024048,
        0.0005942776915617287
    ],
    "body_pose": [
        0.1600531041622162,
        0.031786780804395676,
        0.07544082403182983,
        -0.3434006869792938,
        -0.021511446684598923,
        0.011321919038891792,
        0.04169824346899986,
        -0.1376284509897232,
        -0.02659532241523266,
        0.3191877603530884,
        -0.196589395403862,
        -0.024791408330202103,
        0.4923097789287567,
        -0.01958945393562317,
        0.01913219876587391,
        0.2148020714521408,
        -0.056455276906490326,
        -0.05068133771419525,
        -0.024416156113147736,
        0.23793652653694153,
        4.336195047471847e-07,
        0.024913517758250237,
        -0.2501385807991028,
        -1.2841390343965031e-05,
        -0.12896043062210083,
        -0.09150141477584839,
        0.009541813284158707,
        5.337911716196686e-06,
        2.021736236201832e-06,
        4.078900474269176e-06,
        5.090130798635073e-06,
        1.7190106973430375e-06,
        -5.746313490817556e-06,
        -0.16802701354026794,
        0.1417514830827713,
        0.13055457174777985,
        0.004318623803555965,
        -0.15972860157489777,
        -0.14706838130950928,
        -0.2774297893047333,
        0.404501348733902,
        -0.15003947913646698,
        -0.1063937321305275,
        0.1195281520485878,
        -0.13924270868301392,
        -0.02753939852118492,
        -0.163459911942482,
        -0.9227530360221863,
        -0.2563929557800293,
        0.818863034248352,
        -0.20757517218589783,
        0.06705578416585922,
        -0.20639917254447937,
        -0.31218841671943665,
        -0.06448403745889664,
        0.4696778357028961,
        -0.2853976786136627,
        0.47264039516448975,
        0.05327330529689789,
        -0.3164992928504944,
        -0.30274567008018494,
        -0.1382085233926773,
        -0.20997880399227142
    ],
    "transl": [
        -0.4190696179866791,
        1.5871411561965942,
        -0.014327391050755978
    ],
    "left_hand_pose": [
        -2.377347707748413,
        0.7432830333709717,
        -1.3207347393035889,
        -2.700941324234009,
        0.8282829523086548,
        1.1286603212356567,
        -0.2877093553543091,
        -0.4215545356273651,
        -0.592513382434845,
        -0.832092821598053,
        1.1352649927139282,
        -3.4892053604125977
    ],
    "right_hand_pose": [
        -2.660348892211914,
        1.3482800722122192,
        -1.763647437095642,
        -2.232304811477661,
        -0.010044911876320839,
        2.758514642715454,
        0.04719725251197815,
        -1.1868349313735962,
        0.1748490184545517,
        -0.38690185546875,
        2.2647182941436768,
        -2.8519558906555176
    ],
    "jaw_pose": [
        0.0015578309539705515,
        0.02925318479537964,
        -0.04808276146650314
    ],
    "leye_pose": [
        0.15661907196044922,
        -0.26452112197875977,
        -0.27313461899757385
    ],
    "reye_pose": [
        0.018276404589414597,
        0.0040778545662760735,
        0.5444883704185486
    ],
    "expression": [
        -0.5453488230705261,
        -0.7879025936126709,
        0.15714681148529053,
        0.3404608368873596,
        -0.6128289103507996,
        -0.7308893203735352,
        -0.12370491027832031,
        0.5549309253692627,
        -0.28870633244514465,
        0.29766589403152466
    ]
}