{
    "betas": [
        0.869482159614563,
        -0.9201036095619202,
        0.6029107570648193,
        -0.3340955078601837,
        0.013514730148017406,
        -0.05026910826563835,
        1.034270167350769,
        -0.465560644865036,
        0.22892965376377106,
        -1.3876043558120728
    ],
    "global_orient": [
        -0.029497046023607254,
        -1.649732232093811,
        -0.11355531215667725
    ],
    "body_pose": [
        0.12833170592784882,
        0.02519083023071289,
        -0.05181916803121567,
        -0.45144450664520264,
        -0.39547520875930786,
        0.06729919463396072,
        0.08434583246707916,
        0.0012639015913009644,
        0.034465473145246506,
        0.030548101291060448,
        -0.2966749966144562,
        -0.02320682816207409,
        0.7649160027503967,
        0.1681237816810608,
        -0.1950913518667221,
        0.17614853382110596,
        -0.04493372142314911,
        -0.040165506303310394,
        0.0732744038105011,
        0.21827447414398193,
        1.7330278296867618e-06,
        0.236517071723938,
        -0.1287185251712799,
        -5.903084911551559e-06,
        -0.04471343010663986,
        -0.09997302293777466,
        -0.0256082434207201,
        5.508666617970448e-06,
        2.730609139689477e-06,
        4.0122017708199564e-06,
        1.5557504866592353e-06,
        1.5115350606720312e-06,
        -1.3529615898733027e-06,
        -0.12538783252239227,
        0.13835635781288147,
        0.15442463755607605,
        0.045747026801109314,
        -0.15336047112941742,
        -0.15781113505363464,
        -0.385801762342453,
        0.45803892612457275,
        -0.26113635301589966,
        0.06556269526481628,
        0.06756794452667236,
        -0.13543374836444855,
        -0.03278903290629387,
        -0.0842704102396965,
        -0.9838041067123413,
        -0.28064170479774475,
        0.9939121007919312,
        -0.26103612780570984,
        -0.08479814976453781,
        -0.13375738263130188,
        -0.30831974744796753,
        -0.2568490505218506,
        0.342389315366745,
        -0.338328093290329,
        0.4132204055786133,
        0.03811235725879669,
        -0.21530036628246307,
        -0.4614943265914917,
        -0.1483096480369568,
        -0.13829845190048218
    ],
    "transl": [
        -0.040714070200920105,
        1.6075044870376587,
        0.05791454389691353
    ],
    "left_hand_pose": [
        -2.642895221710205,
        0.8041913509368896,
        -2.280726909637451,
        -2.51847243309021,
        0.7486104965209961,
        1.7573883533477783,
        -1.8958791494369507,
        -0.30894041061401367,
        1.234022617340088,
        -1.0668492317199707,
        2.1336679458618164,
        -5.750306129455566
    ],
    "right_hand_pose": [
        -2.557488203048706,
        1.6316620111465454,
        -0.5964418649673462,
        -2.5494656562805176,
        0.6676360964775085,
        1.7480227947235107,
        0.2532116174697876,
        -0.9663881063461304,
        0.44258347153663635,
        0.2724578082561493,
        2.876662492752075,
        -0.09672244638204575
    ],
    "jaw_pose": [
        0.015213792212307453,
        0.032170481979846954,
        -0.04814882203936577
    ],
    "leye_pose": [
        -0.018458280712366104,
        -0.21989695727825165,
        0.09428607672452927
    ],
    "reye_pose": [
        -0.3884190022945404,
        -0.2944987118244171,
        -0.06662953644990921
    ],
    "expression": [
        -0.30627453327178955,
        -0.8792016506195068,
        -0.21154670417308807,
        0.32001635432243347,
        -0.6034898161888123,
        -0.626746654510498,
        -0.10292492806911469,
        0.5326972007751465,
        -0.2621769905090332,
        0.43948835134506226
    ]
}