{
    "betas": [
        0.6570778489112854,
        -0.45458120107650757,
        0.220047727227211,
        0.12855055928230286,
        0.32223471999168396,
        -0.16164211928844452,
        0.559630274772644,
        -0.7578065395355225,
        0.04230178892612457,
        -1.9327518939971924
    ],
    "global_orient": [
        -0.1652229130268097,
        -0.03410112485289574,
        -0.08542991429567337
    ],
    "body_pose": [
        0.037648290395736694,
        0.07265233993530273,
        0.21422497928142548,
        -0.09478267282247543,
        -0.022318562492728233,
        -0.00680080521851778,
        -0.07398421317338943,
        -0.16217239201068878,
        -0.004169538617134094,
        0.3264724910259247,
        -0.18277864158153534,
        0.013376250863075256,
        0.2407037764787674,
        0.2870602011680603,
        0.007877551019191742,
        0.13666345179080963,
        -0.09312985837459564,
        -0.035242125391960144,
        -0.06769006699323654,
        0.41280871629714966,
        2.9931663902971195e-06,
        0.1204574853181839,
        -0.10764343291521072,
        -9.73310534391203e-07,
        -0.014799236319959164,
        -0.014667561277747154,
        0.028522619977593422,
        7.302756785065867e-06,
        1.6745884749980178e-06,
        6.038366791472072e-06,
        1.8669310293262242e-06,
        2.2659603473584866e-06,
        1.5382131834940083e-07,
        0.0072372653521597385,
        0.13067927956581116,
        0.01596274971961975,
        -0.25800439715385437,
        -0.22559474408626556,
        0.5060702562332153,
        -0.20873713493347168,
        0.33595871925354004,
        -0.18422845005989075,
        0.07508227974176407,
        -0.02352258376777172,
        -0.01285621989518404,
        -0.15724727511405945,
        -0.7203572988510132,
        0.5137937068939209,
        -0.5388516783714294,
        0.3993827998638153,
        -0.21116095781326294,
        -0.3841407895088196,
        -0.5858205556869507,
        0.41597142815589905,
        -0.4007332921028137,
        0.0712893158197403,
        -0.17772544920444489,
        0.18585355579853058,
        -0.05384756252169609,
        0.130456805229187,
        -0.5133278965950012,
        -0.31338897347450256,
        -0.12605975568294525
    ],
    "transl": [
        -0.14900873601436615,
        1.5889118909835815,
        -0.05998208746314049
    ],
    "left_hand_pose": [
        -3.0830233097076416,
        0.9598034620285034,
        -1.269557237625122,
        -2.274524450302124,
        -0.2645106017589569,
        1.9986294507980347,
        0.132466122508049,
        -0.9341868162155151,
        -1.3509267568588257,
        -1.1233031749725342,
        1.2550984621047974,
        -4.259990215301514
    ],
    "right_hand_pose": [
        -3.0708491802215576,
        1.241652011871338,
        -0.24655160307884216,
        -2.0733094215393066,
        -0.6188170909881592,
        1.3404017686843872,
        1.1577777862548828,
        -1.046263337135315,
        -1.5918840169906616,
        -0.15058572590351105,
        3.186840772628784,
        -1.127500295639038
    ],
    "jaw_pose": [
        -0.009176382794976234,
        0.0038065463304519653,
        -0.01031962875276804
    ],
    "leye_pose": [
        -0.607322633266449,
        0.14320030808448792,
        -0.39136001467704773
    ],
    "reye_pose": [
        -0.5436407327651978,
        0.052749693393707275,
        -0.3805474638938904
    ],
    "expression": [
        -0.7020754814147949,
        0.14455686509609222,
        0.1828264594078064,
        0.5244582891464233,
        -0.5351710319519043,
        -0.31982532143592834,
        -0.0024086434859782457,
        0.3515889048576355,
        -0.023900777101516724,
        0.21349407732486725
    ]
}