{
    "betas": [
        0.8114799857139587,
        -1.1838507652282715,
        0.45945999026298523,
        -0.1716902107000351,
        -0.07195708900690079,
        0.10647834092378616,
        1.004952311515808,
        -0.6917561292648315,
        0.2185823917388916,
        -1.2508636713027954
    ],
    "global_orient": [
        0.045507632195949554,
        1.5087511539459229,
        -0.09861341863870621
    ],
    "body_pose": [
        -0.45129653811454773,
        0.18184210360050201,
        -0.07569482922554016,
        0.22036395967006683,
        0.11802680790424347,
        -0.04792270064353943,
        0.031589291989803314,
        0.09778936952352524,
        0.0003580896882340312,
        0.48764508962631226,
        -0.26223528385162354,
        -0.0033485805615782738,
        0.32020601630210876,
        0.27758267521858215,
        -0.06019949913024902,
        0.10534701496362686,
        0.05915950611233711,
        -0.031371187418699265,
        0.040587134659290314,
        -0.0033937443513423204,
        9.484088536737545e-07,
        0.49061307311058044,
        0.4129136800765991,
        1.0385100495113875e-06,
        -0.07761749625205994,
        0.0035024972166866064,
        0.030292784795165062,
        4.1840244193736e-06,
        1.777188913365535e-06,
        3.4819156553567154e-06,
        -3.874866649766773e-07,
        1.9366264041309478e-06,
        2.0346283235994633e-06,
        -0.10058747231960297,
        -0.011980150826275349,
        -0.01159749273210764,
        -0.057731952518224716,
        -0.4096750319004059,
        -0.1261577159166336,
        -0.2760005593299866,
        0.5024349093437195,
        -0.2970290184020996,
        -0.11896270513534546,
        -0.1287335902452469,
        0.01028294675052166,
        -0.1018829196691513,
        -0.49411213397979736,
        -0.8447706699371338,
        -0.24745719134807587,
        0.6948536038398743,
        -0.5692709684371948,
        0.03480011224746704,
        -0.1998748928308487,
        -0.26909372210502625,
        -0.23900489509105682,
        0.41942861676216125,
        -0.39635246992111206,
        0.272989958524704,
        0.05914826691150665,
        -0.1522538810968399,
        -0.46239662170410156,
        -0.050375524908304214,
        -0.18528379499912262
    ],
    "transl": [
        -0.15294301509857178,
        1.5852717161178589,
        -0.020483369007706642
    ],
    "left_hand_pose": [
        -2.8862388134002686,
        0.6289477348327637,
        -1.5840508937835693,
        -2.879042148590088,
        0.2257070690393448,
        1.5074607133865356,
        -0.4838320016860962,
        -0.2986712157726288,
        0.49105456471443176,
        -0.2686501443386078,
        1.537827968597412,
        -3.684985637664795
    ],
    "right_hand_pose": [
        -2.7610020637512207,
        1.1943483352661133,
        -1.449537754058838,
        -2.0753281116485596,
        -0.37227416038513184,
        2.86702299118042,
        0.33202052116394043,
        -1.3645098209381104,
        -1.2181355953216553,
        -1.0430572032928467,
        1.9257649183273315,
        -3.8554656505584717
    ],
    "jaw_pose": [
        0.006230768281966448,
        -0.022892696782946587,
        0.011638655327260494
    ],
    "leye_pose": [
        0.350385457277298,
        0.6020383238792419,
        -0.021078668534755707
    ],
    "reye_pose": [
        -0.2816232144832611,
        0.45091143250465393,
        -0.33747386932373047
    ],
    "expression": [
        -0.7730019092559814,
        -0.43129125237464905,
        0.1583101600408554,
        0.20999951660633087,
        -0.44939616322517395,
        -0.6387308239936829,
        -0.25949379801750183,
        0.5285930037498474,
        -0.1893979012966156,
        0.27859145402908325
    ]
}