{
    "betas": [
        0.6154106855392456,
        -0.500164270401001,
        0.7767966389656067,
        -0.0825483500957489,
        0.13389521837234497,
        -0.07059358060359955,
        0.06049993261694908,
        -0.7594800591468811,
        -1.0339775085449219,
        -1.6945079565048218
    ],
    "global_orient": [
        -0.21755528450012207,
        1.8937817811965942,
        0.1820625513792038
    ],
    "body_pose": [
        0.13093550503253937,
        0.08004172146320343,
        -0.02075815573334694,
        -0.29849955439567566,
        0.04127888381481171,
        0.06988264620304108,
        0.18147516250610352,
        -0.0917598232626915,
        0.05049159750342369,
        0.35597845911979675,
        -0.5525939464569092,
        0.0028579295612871647,
        0.48364347219467163,
        0.13974246382713318,
        0.0632513165473938,
        0.19392649829387665,
        0.033637624233961105,
        -0.12062031775712967,
        -0.0037384876050055027,
        0.13487721979618073,
        5.992733349557966e-06,
        0.4655478596687317,
        -0.475525826215744,
        -7.032619578239974e-06,
        -0.10098584741353989,
        -0.25477877259254456,
        0.051412224769592285,
        1.051646722771693e-05,
        4.97265955345938e-06,
        8.12972939456813e-06,
        3.073221932936576e-06,
        3.5233995276939822e-06,
        -1.791039949239348e-06,
        -0.16576986014842987,
        -0.055809520184993744,
        0.14217865467071533,
        0.014520381577312946,
        0.0332922525703907,
        0.231686070561409,
        -0.024729840457439423,
        -0.0515432134270668,
        -0.02004752866923809,
        0.1865757256746292,
        -0.03598932549357414,
        -0.055334895849227905,
        0.32211652398109436,
        -0.6414746046066284,
        -0.0708274245262146,
        0.06711141765117645,
        0.49498656392097473,
        0.11680114269256592,
        -0.183266744017601,
        -1.814314603805542,
        0.6085532307624817,
        -0.09095852822065353,
        2.1949844360351562,
        -0.1654268056154251,
        0.02951696515083313,
        -0.4927375912666321,
        -0.2838067412376404,
        -0.24810051918029785,
        0.24948471784591675,
        0.2634851038455963
    ],
    "transl": [
        0.23382742702960968,
        1.620816707611084,
        -0.16276010870933533
    ],
    "left_hand_pose": [
        -3.571180820465088,
        0.48321256041526794,
        -0.18530671298503876,
        -2.1521291732788086,
        -1.2103060483932495,
        1.5383954048156738,
        0.9354283809661865,
        -0.42676421999931335,
        -0.6002073287963867,
        0.7360711097717285,
        3.504000186920166,
        -1.0922996997833252
    ],
    "right_hand_pose": [
        -3.1007134914398193,
        1.1864430904388428,
        1.1305396556854248,
        -1.537428855895996,
        -0.8332797288894653,
        0.5140091180801392,
        1.713977336883545,
        -0.949971616268158,
        -1.8216667175292969,
        0.9091240167617798,
        5.643599510192871,
        2.36714243888855
    ],
    "jaw_pose": [
        -0.013754496350884438,
        -0.022517047822475433,
        0.05017893761396408
    ],
    "leye_pose": [
        -0.15820080041885376,
        0.7143867015838623,
        -0.39947083592414856
    ],
    "reye_pose": [
        -0.32693812251091003,
        0.3560914695262909,
        -0.5834250450134277
    ],
    "expression": [
        -0.6821626424789429,
        -0.5544211864471436,
        -0.1653941124677658,
        -0.016934718936681747,
        -0.5577392578125,
        -0.6352570652961731,
        -0.08274654299020767,
        0.6187053918838501,
        -0.17662884294986725,
        0.39203739166259766
    ]
}