{
    "betas": [
        0.9611110687255859,
        -0.8129249811172485,
        1.050264596939087,
        -0.3870120942592621,
        -0.19403041899204254,
        -0.06499378383159637,
        0.1363331824541092,
        -0.7339312434196472,
        -0.14669308066368103,
        -1.9072914123535156
    ],
    "global_orient": [
        -0.158686563372612,
        -0.7531195282936096,
        -0.15072189271450043
    ],
    "body_pose": [
        -0.13848437368869781,
        0.2132142335176468,
        0.031828321516513824,
        -0.12259071320295334,
        0.03731701523065567,
        0.07496879249811172,
        0.09527642279863358,
        -0.17235492169857025,
        0.011448562145233154,
        0.666674017906189,
        -0.06292729824781418,
        -0.020355531945824623,
        0.4238300025463104,
        0.2353704869747162,
        -0.01846306212246418,
        0.35581961274147034,
        -0.05829684063792229,
        -0.0632406696677208,
        -0.14220616221427917,
        0.3856543004512787,
        5.549668458115775e-06,
        0.2121601402759552,
        -0.24148140847682953,
        -7.367449597950326e-06,
        -0.13949933648109436,
        -0.02634052373468876,
        0.06154659390449524,
        6.9535071816062555e-06,
        3.977574579039356e-06,
        9.472406418353785e-06,
        4.925493612972787e-06,
        2.4314692836924223e-06,
        -3.979013385446706e-08,
        -0.2760578691959381,
        0.05325816571712494,
        0.17075085639953613,
        -0.050841160118579865,
        -0.0824265405535698,
        0.07588457316160202,
        -0.06413426995277405,
        0.10887894034385681,
        0.11220452934503555,
        0.026427898555994034,
        0.05394840985536575,
        -0.14197076857089996,
        0.16208545863628387,
        -0.7068940997123718,
        -0.5800395011901855,
        -0.068387471139431,
        0.6598645448684692,
        0.5500226020812988,
        -0.1024971678853035,
        -1.7570189237594604,
        0.8268846273422241,
        -0.04113993048667908,
        2.0141491889953613,
        -0.7305238842964172,
        0.20638872683048248,
        -0.45321863889694214,
        0.07491449266672134,
        -0.3597739636898041,
        0.17229656875133514,
        0.052315276116132736
    ],
    "transl": [
        -0.15978769958019257,
        1.5848265886306763,
        0.027150120586156845
    ],
    "left_hand_pose": [
        -3.635355234146118,
        0.6191710829734802,
        -0.7577553391456604,
        -2.4730424880981445,
        -1.3137917518615723,
        1.5321027040481567,
        0.7066656351089478,
        -0.17269231379032135,
        -0.08078930526971817,
        0.6586039662361145,
        3.062725305557251,
        -1.8754758834838867
    ],
    "right_hand_pose": [
        -2.9580628871917725,
        1.3830946683883667,
        1.0697953701019287,
        -2.314575433731079,
        -0.4061641991138458,
        -0.562694251537323,
        2.113853931427002,
        -0.7278445959091187,
        -3.5596845149993896,
        -0.3394629657268524,
        3.343404531478882,
        1.383323311805725
    ],
    "jaw_pose": [
        -0.011219009757041931,
        0.030656831339001656,
        -0.030871696770191193
    ],
    "leye_pose": [
        0.011980599723756313,
        -0.21066763997077942,
        -1.450888991355896
    ],
    "reye_pose": [
        -0.1940816342830658,
        -0.24738483130931854,
        -0.004205642733722925
    ],
    "expression": [
        -0.6197057962417603,
        -0.5902615189552307,
        0.15818101167678833,
        0.1217009499669075,
        -0.4810059070587158,
        -0.7143744826316833,
        -0.11237181723117828,
        0.4718991219997406,
        -0.24103154242038727,
        0.25622206926345825
    ]
}