{
    "betas": [
        0.8026270866394043,
        -1.130942702293396,
        0.39598485827445984,
        -0.1954587996006012,
        0.012606075964868069,
        0.025264743715524673,
        1.0214284658432007,
        -0.6848931908607483,
        0.2084137499332428,
        -1.937247395515442
    ],
    "global_orient": [
        -0.04014793783426285,
        1.47760009765625,
        -0.14707301557064056
    ],
    "body_pose": [
        -0.3252284824848175,
        0.16141937673091888,
        -0.024071717634797096,
        0.22926393151283264,
        0.1930442750453949,
        0.047677069902420044,
        0.0818280354142189,
        -0.03153686225414276,
        0.1554468274116516,
        0.33376550674438477,
        -0.3581985533237457,
        0.030356166884303093,
        0.30964142084121704,
        0.20954231917858124,
        -0.009552744217216969,
        0.03043171763420105,
        0.08721236139535904,
        -0.0475718192756176,
        0.07048701494932175,
        0.07622827589511871,
        2.5866822852549376e-06,
        0.7560913562774658,
        0.09971217066049576,
        2.320579596926109e-06,
        -0.06820206344127655,
        0.06807705014944077,
        0.008644605986773968,
        6.399514859367628e-06,
        2.4896721697587054e-06,
        5.837348453496816e-06,
        -4.043162107336684e-07,
        2.523748435123707e-06,
        1.8414133364785812e-06,
        -0.06940903514623642,
        -0.05054458603262901,
        -0.01821923814713955,
        -0.28640255331993103,
        -0.4702896475791931,
        0.43774843215942383,
        -0.02166752517223358,
        0.5189330577850342,
        0.23084725439548492,
        -0.047094039618968964,
        -0.09837017208337784,
        0.07217390835285187,
        -0.20045195519924164,
        -0.8238868117332458,
        0.47558891773223877,
        -0.08897700160741806,
        0.5938453078269958,
        0.8008454442024231,
        -0.21889282763004303,
        -0.16547897458076477,
        0.07014806568622589,
        0.10494348406791687,
        0.3164330720901489,
        0.11540251970291138,
        -0.042436178773641586,
        0.14530694484710693,
        0.08581417798995972,
        -0.02013399638235569,
        -0.1343461126089096,
        0.10997325927019119
    ],
    "transl": [
        -0.13755956292152405,
        1.6063580513000488,
        -0.038897205144166946
    ],
    "left_hand_pose": [
        -3.0420854091644287,
        0.9892397522926331,
        -1.0587561130523682,
        -2.5724706649780273,
        0.07366649061441422,
        2.424485683441162,
        0.42531099915504456,
        -1.222907304763794,
        -0.9967716336250305,
        -0.8061968088150024,
        1.165840983390808,
        -2.8888356685638428
    ],
    "right_hand_pose": [
        -2.6027989387512207,
        1.416535496711731,
        -0.9328935146331787,
        -3.092601776123047,
        1.2903803586959839,
        0.7086381316184998,
        -0.6802646517753601,
        -0.36498019099235535,
        -0.04599985107779503,
        -0.9371472001075745,
        2.0421271324157715,
        -2.713435649871826
    ],
    "jaw_pose": [
        0.012756685726344585,
        -0.042299263179302216,
        0.043358225375413895
    ],
    "leye_pose": [
        0.34279048442840576,
        0.44140422344207764,
        -0.359939306974411
    ],
    "reye_pose": [
        -0.20876546204090118,
        0.4236968457698822,
        -0.4794727563858032
    ],
    "expression": [
        -0.36268287897109985,
        -1.0995067358016968,
        -0.05624643713235855,
        0.2877919375896454,
        -0.5844199061393738,
        -0.5587006211280823,
        -0.18391576409339905,
        0.7559013366699219,
        -0.10593544691801071,
        0.5697282552719116
    ]
}