{
    "betas": [
        0.6673138737678528,
        -0.3538000285625458,
        1.0113352537155151,
        -0.16543450951576233,
        0.11099713295698166,
        -0.15281733870506287,
        0.4036840796470642,
        -0.6680031418800354,
        -0.6502541303634644,
        -1.6836227178573608
    ],
    "global_orient": [
        -0.11259014904499054,
        -0.9714192748069763,
        -0.13514477014541626
    ],
    "body_pose": [
        -0.11023315787315369,
        0.022137241438031197,
        -0.014698922634124756,
        -0.06903045624494553,
        0.44317173957824707,
        0.0909651443362236,
        0.14146257936954498,
        -0.05812782049179077,
        0.02312948741018772,
        0.7230890393257141,
        -0.15332964062690735,
        -0.0032737322617322206,
        0.16332340240478516,
        0.2133883386850357,
        0.08459051698446274,
        0.2210254967212677,
        -0.07074962556362152,
        -0.03416580334305763,
        -0.10842274874448776,
        0.5295546650886536,
        8.472356967104133e-06,
        0.24433207511901855,
        -0.2359432578086853,
        -9.06904006114928e-06,
        -0.13084782660007477,
        -0.1584373116493225,
        0.07571966201066971,
        8.677706318849232e-06,
        6.503224540210795e-06,
        1.2235437679919414e-05,
        6.025464699632721e-06,
        4.206850462651346e-06,
        -5.250261096989561e-07,
        -0.27093854546546936,
        0.010832978412508965,
        0.16676205396652222,
        0.04060015454888344,
        -0.035199593752622604,
        0.2375006526708603,
        -0.04418586567044258,
        0.013851117342710495,
        -0.07284046709537506,
        0.11328724771738052,
        0.004421642515808344,
        -0.1342701017856598,
        0.3577404022216797,
        -0.7048439979553223,
        -0.1621553897857666,
        -0.02796357311308384,
        0.6200576424598694,
        0.0991964340209961,
        -0.10439519584178925,
        -1.9156358242034912,
        0.5670376420021057,
        -0.04441095516085625,
        2.142756462097168,
        -0.13986702263355255,
        0.16292427480220795,
        -0.43775659799575806,
        -0.18671205639839172,
        -0.3372168242931366,
        0.21444249153137207,
        0.18480971455574036
    ],
    "transl": [
        -0.1887540966272354,
        1.6140830516815186,
        -0.017982318997383118
    ],
    "left_hand_pose": [
        -3.8152434825897217,
        0.541864812374115,
        -0.9622089862823486,
        -1.0154889822006226,
        -2.4208223819732666,
        1.9631673097610474,
        0.6341497302055359,
        0.5563543438911438,
        2.175692081451416,
        1.6504803895950317,
        4.865535736083984,
        -2.037156105041504
    ],
    "right_hand_pose": [
        -3.0416295528411865,
        1.427183747291565,
        1.283203125,
        -2.0972554683685303,
        -0.5463970303535461,
        -0.4658685028553009,
        1.5104244947433472,
        -0.7455744743347168,
        -3.0930213928222656,
        0.4381919503211975,
        4.646397590637207,
        2.102609157562256
    ],
    "jaw_pose": [
        -0.026068633422255516,
        0.03967877849936485,
        -0.030048057436943054
    ],
    "leye_pose": [
        -0.30160292983055115,
        -0.36714088916778564,
        -1.1025407314300537
    ],
    "reye_pose": [
        -0.14428849518299103,
        -0.1203942745923996,
        -0.21731582283973694
    ],
    "expression": [
        -0.5639988780021667,
        -0.3454988896846771,
        0.05548301339149475,
        0.042869795113801956,
        -0.5664862394332886,
        -0.6919504404067993,
        -0.17855532467365265,
        0.5623618364334106,
        -0.20014077425003052,
        0.2390812635421753
    ]
}