{
    "betas": [
        0.5965819954872131,
        -1.0822256803512573,
        0.48857253789901733,
        -0.21700893342494965,
        -0.07571808248758316,
        0.15284188091754913,
        1.1468079090118408,
        -0.5295246839523315,
        0.2827412188053131,
        -1.5128425359725952
    ],
    "global_orient": [
        -0.02646891586482525,
        -1.3386400938034058,
        -0.04929959028959274
    ],
    "body_pose": [
        0.12881223857402802,
        6.6187985794385895e-06,
        -0.008348273113369942,
        -0.20020903646945953,
        0.00495343329384923,
        0.07972079515457153,
        0.06041938066482544,
        -0.08309055119752884,
        -0.000461976247606799,
        0.4334598481655121,
        -0.20366065204143524,
        -0.023255683481693268,
        0.20696161687374115,
        0.11553036421537399,
        -0.00691468920558691,
        0.06746429204940796,
        -0.06992854923009872,
        0.0007720200810581446,
        0.1395842581987381,
        0.3543592095375061,
        2.333832753720344e-06,
        0.1557297706604004,
        -0.014232436195015907,
        -6.2537501435144804e-06,
        -0.04860736429691315,
        -0.08732014894485474,
        0.027767304331064224,
        4.335837274993537e-06,
        1.88280330348789e-06,
        3.958596607844811e-06,
        5.193103788769804e-06,
        1.2937113069710904e-06,
        -1.8984376310982043e-06,
        -0.05398818850517273,
        0.08605196326971054,
        0.07136053591966629,
        -0.26964855194091797,
        -0.5547037720680237,
        0.23366479575634003,
        -0.16739676892757416,
        0.538202166557312,
        0.030828794464468956,
        0.00015727612480986863,
        0.061640042811632156,
        -0.05345562472939491,
        -0.20390844345092773,
        -0.9788665175437927,
        -0.2879852056503296,
        -0.20739543437957764,
        0.7316408157348633,
        0.3386315703392029,
        -0.15364108979701996,
        -0.4996178150177002,
        0.043376676738262177,
        -0.022885682061314583,
        0.38795006275177,
        0.016568120568990707,
        0.12144497036933899,
        0.054636359214782715,
        -0.1437482088804245,
        -0.1814916878938675,
        -0.18500865995883942,
        0.18269290030002594
    ],
    "transl": [
        -0.40911081433296204,
        1.6191984415054321,
        -0.005099920090287924
    ],
    "left_hand_pose": [
        -2.8998329639434814,
        0.4149552583694458,
        -1.7651170492172241,
        -2.0593302249908447,
        -0.4808233380317688,
        2.271942138671875,
        -0.0596587099134922,
        -0.525000274181366,
        -0.4081338942050934,
        -0.2416798174381256,
        1.45637047290802,
        -3.616441488265991
    ],
    "right_hand_pose": [
        -2.7523062229156494,
        1.0486774444580078,
        -1.1269501447677612,
        -2.3693761825561523,
        0.40408721566200256,
        1.5455468893051147,
        -0.3828819990158081,
        -0.5333359241485596,
        0.931061863899231,
        0.12046115100383759,
        2.6581051349639893,
        -1.8054394721984863
    ],
    "jaw_pose": [
        -0.00041620960109867156,
        0.021743454039096832,
        -0.04014649987220764
    ],
    "leye_pose": [
        0.44144585728645325,
        -0.12740392982959747,
        -0.27903616428375244
    ],
    "reye_pose": [
        0.022725990042090416,
        0.05781572684645653,
        0.4246852397918701
    ],
    "expression": [
        -0.6951086521148682,
        -0.683387041091919,
        -0.11961214244365692,
        0.40222838521003723,
        -0.5692281126976013,
        -0.670259952545166,
        -0.05996902287006378,
        0.5512007474899292,
        -0.10526317358016968,
        0.42020300030708313
    ]
}