{
    "betas": [
        0.7827541828155518,
        -1.1260929107666016,
        0.4376732409000397,
        -0.3599308133125305,
        0.09508255869150162,
        0.1868322640657425,
        0.9132006168365479,
        -0.5595552325248718,
        0.1919529289007187,
        -1.1907366514205933
    ],
    "global_orient": [
        0.06926167011260986,
        1.5151464939117432,
        -0.08065994083881378
    ],
    "body_pose": [
        -0.4945403039455414,
        0.21888509392738342,
        -0.11082547158002853,
        0.22604697942733765,
        0.20223627984523773,
        -0.06855694204568863,
        0.050321172922849655,
        0.11877653747797012,
        -0.030502229928970337,
        0.5514661073684692,
        -0.2834415137767792,
        0.0007954062311910093,
        0.3320951461791992,
        0.29720398783683777,
        -0.03863086178898811,
        0.12334206700325012,
        0.06279890984296799,
        -0.04757974296808243,
        -0.0016111774602904916,
        -0.013942372053861618,
        2.372009021200938e-06,
        0.40658140182495117,
        0.36865121126174927,
        1.7883550071928767e-06,
        -0.09783421456813812,
        -0.01914443075656891,
        0.01632162556052208,
        4.853402970184106e-06,
        2.3198704184324015e-06,
        4.163419362157583e-06,
        -1.145357487075671e-06,
        8.32382568205503e-07,
        1.8774393311105086e-06,
        -0.1496705412864685,
        -0.029701868072152138,
        0.06474100053310394,
        -0.040730852633714676,
        -0.3577786982059479,
        -0.13339896500110626,
        -0.28362730145454407,
        0.4076082706451416,
        -0.33077508211135864,
        -0.11494582146406174,
        -0.10666481405496597,
        -0.03299563750624657,
        -0.0795489102602005,
        -0.45517227053642273,
        -0.8530980348587036,
        -0.24019154906272888,
        0.5826119780540466,
        -0.7284936904907227,
        0.03752797842025757,
        -0.21643294394016266,
        -0.20417428016662598,
        -0.2634294033050537,
        0.3772331476211548,
        -0.4797770380973816,
        0.3246079087257385,
        0.0526667945086956,
        -0.1843375861644745,
        -0.4969711899757385,
        -0.060493674129247665,
        -0.19369108974933624
    ],
    "transl": [
        -0.1590234786272049,
        1.5749295949935913,
        -0.020105386152863503
    ],
    "left_hand_pose": [
        -2.7599780559539795,
        0.5988302826881409,
        -1.6618516445159912,
        -2.7370195388793945,
        0.18396615982055664,
        1.6094970703125,
        -0.49332600831985474,
        -0.4002283215522766,
        0.3763829171657562,
        -0.2816865146160126,
        1.6532078981399536,
        -3.427637815475464
    ],
    "right_hand_pose": [
        -2.659205436706543,
        1.1710681915283203,
        -1.32423996925354,
        -2.108311891555786,
        -0.36477071046829224,
        2.7050390243530273,
        0.31836041808128357,
        -1.398449182510376,
        -1.6257550716400146,
        -1.0270118713378906,
        1.7464414834976196,
        -3.546570301055908
    ],
    "jaw_pose": [
        0.007124859374016523,
        -0.023765206336975098,
        0.008271535858511925
    ],
    "leye_pose": [
        0.2344486564397812,
        0.3138611316680908,
        -0.3091498017311096
    ],
    "reye_pose": [
        -0.1686442643404007,
        0.38436219096183777,
        -0.40460139513015747
    ],
    "expression": [
        -0.7473481297492981,
        -0.28749462962150574,
        0.13393428921699524,
        0.36363619565963745,
        -0.5420523285865784,
        -0.4830055832862854,
        -0.30216309428215027,
        0.485664427280426,
        -0.26702895760536194,
        0.12778976559638977
    ]
}