{
    "betas": [
        0.7231881022453308,
        -0.4673134982585907,
        0.9804658889770508,
        -0.24523131549358368,
        -0.008769863285124302,
        -0.15101929008960724,
        0.27178436517715454,
        -0.7765888571739197,
        -0.6568717956542969,
        -1.6727181673049927
    ],
    "global_orient": [
        -0.1375647485256195,
        -1.0478384494781494,
        -0.16477474570274353
    ],
    "body_pose": [
        -0.15050406754016876,
        0.1492733508348465,
        -0.051947981119155884,
        -0.05841508507728577,
        0.598244309425354,
        0.15432189404964447,
        0.186780646443367,
        -0.047525566071271896,
        0.05492693930864334,
        0.6810627579689026,
        -0.2682921588420868,
        0.04783660173416138,
        0.22850659489631653,
        0.2500341236591339,
        0.0945126935839653,
        0.16904908418655396,
        0.038639843463897705,
        -0.05666711553931236,
        -0.023628171533346176,
        0.5371984839439392,
        5.196608071855735e-06,
        0.2178051769733429,
        -0.5039746165275574,
        -6.7088139985571615e-06,
        -0.10287328064441681,
        -0.2781470715999603,
        0.07441863417625427,
        7.708934390393551e-06,
        6.1145292420405895e-06,
        9.919816875481047e-06,
        2.813623268593801e-06,
        2.8271510927879717e-06,
        8.059891598577451e-08,
        -0.2256292700767517,
        0.02738911099731922,
        0.19103418290615082,
        0.02909577637910843,
        -0.049025941640138626,
        0.20139992237091064,
        -0.07666640728712082,
        0.04831090196967125,
        -0.01933574303984642,
        0.10806844383478165,
        0.04398301616311073,
        -0.15174619853496552,
        0.3492986559867859,
        -0.6876899003982544,
        -0.27281510829925537,
        0.031194116920232773,
        0.6237059235572815,
        0.21223653852939606,
        -0.09268363565206528,
        -1.898937702178955,
        0.6450861096382141,
        -0.05012943595647812,
        2.1160266399383545,
        -0.20417417585849762,
        0.1338612288236618,
        -0.46736353635787964,
        -0.12177594006061554,
        -0.317630797624588,
        0.22875721752643585,
        0.11622640490531921
    ],
    "transl": [
        -0.19477391242980957,
        1.6078753471374512,
        -0.009714294224977493
    ],
    "left_hand_pose": [
        -4.013557434082031,
        0.3454025387763977,
        -1.0152432918548584,
        -1.3238422870635986,
        -2.5131633281707764,
        1.4498499631881714,
        0.21646954119205475,
        1.0247658491134644,
        2.176029682159424,
        1.7772325277328491,
        4.853123188018799,
        -3.003333330154419
    ],
    "right_hand_pose": [
        -3.0226802825927734,
        1.5693994760513306,
        1.2605923414230347,
        -1.9505596160888672,
        -0.8110178112983704,
        -0.4984898269176483,
        1.4404600858688354,
        -0.6376368403434753,
        -2.49065899848938,
        0.6717421412467957,
        5.099125862121582,
        2.1040444374084473
    ],
    "jaw_pose": [
        -0.0248508732765913,
        0.04129234701395035,
        -0.0321529284119606
    ],
    "leye_pose": [
        -0.11741086840629578,
        -0.25539207458496094,
        -1.2867742776870728
    ],
    "reye_pose": [
        -0.11253724992275238,
        -0.12161170691251755,
        -0.1928001195192337
    ],
    "expression": [
        -0.7100862860679626,
        -0.4379478096961975,
        0.009439751505851746,
        -0.0014618572313338518,
        -0.6107922196388245,
        -0.8072711825370789,
        -0.08153140544891357,
        0.553576648235321,
        -0.2177591323852539,
        0.31951454281806946
    ]
}