{
    "betas": [
        0.5733809471130371,
        -0.6767910718917847,
        0.4275248944759369,
        0.21676088869571686,
        0.32437193393707275,
        -0.17762456834316254,
        0.48393937945365906,
        -0.6060935854911804,
        -0.1254144161939621,
        -1.7651101350784302
    ],
    "global_orient": [
        -0.10846521705389023,
        0.2684882879257202,
        -0.012733765877783298
    ],
    "body_pose": [
        -0.11375809460878372,
        0.34793710708618164,
        0.16092506051063538,
        -0.06010068207979202,
        0.1428978443145752,
        -0.10928522795438766,
        -0.06795615702867508,
        -0.04961549863219261,
        -0.018320124596357346,
        0.3320213556289673,
        -0.4439733922481537,
        0.0394083708524704,
        0.3050519824028015,
        0.07323708385229111,
        0.027107564732432365,
        0.17256781458854675,
        0.03022739663720131,
        -0.06810584664344788,
        -0.041674405336380005,
        0.07631959766149521,
        6.565248327206064e-07,
        0.05978699401021004,
        -0.32838690280914307,
        -1.5634864212188404e-06,
        -0.10852575302124023,
        0.022023888304829597,
        0.01918070763349533,
        7.857708624214865e-06,
        2.08535880119598e-06,
        3.888883384206565e-06,
        1.8169882878282806e-06,
        2.7561989099922357e-06,
        -1.0119018725163187e-06,
        -0.04892350360751152,
        0.0953526645898819,
        0.011780274100601673,
        -0.3232972025871277,
        -0.2782217860221863,
        0.5058388113975525,
        -0.2909601926803589,
        0.2509388327598572,
        -0.23562848567962646,
        -0.05205965042114258,
        -0.15438424050807953,
        -0.019996754825115204,
        -0.19823728501796722,
        -0.6946721076965332,
        0.5586021542549133,
        -0.3913010060787201,
        0.3774840235710144,
        -0.34774118661880493,
        -0.47615277767181396,
        -0.42013439536094666,
        0.3997725248336792,
        -0.4623965620994568,
        0.2759731113910675,
        -0.5854924321174622,
        0.3647252023220062,
        0.044400591403245926,
        0.22674669325351715,
        -0.818196177482605,
        -0.06403744965791702,
        -0.28914278745651245
    ],
    "transl": [
        -0.11581109464168549,
        1.5940903425216675,
        -0.039838530123233795
    ],
    "left_hand_pose": [
        -3.087756872177124,
        0.7778348326683044,
        -1.7495778799057007,
        -2.44394850730896,
        -0.20818662643432617,
        2.3572402000427246,
        -0.458023339509964,
        -1.078628420829773,
        -0.8463199138641357,
        -1.0812950134277344,
        1.4828671216964722,
        -5.160114765167236
    ],
    "right_hand_pose": [
        -3.241220712661743,
        1.762454867362976,
        -0.17157024145126343,
        -1.750469446182251,
        -1.1899256706237793,
        2.032835006713867,
        0.6415092945098877,
        -0.9446633458137512,
        -0.3026881814002991,
        0.41370460391044617,
        4.45448637008667,
        -1.232897400856018
    ],
    "jaw_pose": [
        0.010846714489161968,
        -0.019116077572107315,
        0.037361469119787216
    ],
    "leye_pose": [
        -0.33497750759124756,
        0.4496978223323822,
        -0.049758944660425186
    ],
    "reye_pose": [
        -0.47963815927505493,
        0.2960323691368103,
        -0.376884788274765
    ],
    "expression": [
        -0.9598990678787231,
        -0.5596064329147339,
        0.25035616755485535,
        0.42845162749290466,
        -0.4200623631477356,
        -0.6922271847724915,
        -0.12285685539245605,
        0.7228870391845703,
        0.05718458816409111,
        0.08869156241416931
    ]
}