{
    "betas": [
        0.6895935535430908,
        -1.0221935510635376,
        0.1333131492137909,
        -0.5900424718856812,
        -0.060035061091184616,
        0.12568901479244232,
        0.6948605179786682,
        -0.22727864980697632,
        0.4072687029838562,
        -1.9521493911743164
    ],
    "global_orient": [
        -0.12847395241260529,
        0.31733593344688416,
        -0.017795110121369362
    ],
    "body_pose": [
        -0.2306007742881775,
        0.30533748865127563,
        0.12393208593130112,
        -0.11951801180839539,
        -0.2278311550617218,
        -0.07403617352247238,
        0.09345364570617676,
        -0.06022607162594795,
        0.019760292023420334,
        0.6305652856826782,
        -0.03973204270005226,
        -0.039376407861709595,
        0.3725719749927521,
        0.17287129163742065,
        -0.016493797302246094,
        0.1726219207048416,
        -0.014367862604558468,
        0.06206842511892319,
        -0.01006338745355606,
        0.1985536515712738,
        1.3886982515032287e-06,
        0.023092282935976982,
        -0.1161169558763504,
        -1.46758395658253e-06,
        -0.04407801851630211,
        -0.028610598295927048,
        -0.011229302734136581,
        3.364193389643333e-06,
        1.809916966521996e-06,
        4.620936124410946e-06,
        1.2152392514508392e-07,
        1.1661124972306425e-06,
        1.0975130635415553e-06,
        -0.1486493945121765,
        0.03628072142601013,
        -0.023657161742448807,
        -0.09360839426517487,
        -0.29123377799987793,
        -0.19822630286216736,
        -0.1211489662528038,
        0.3670418858528137,
        0.27243947982788086,
        -0.02963397093117237,
        -0.055644888430833817,
        0.01753331907093525,
        -0.055545464158058167,
        -0.4643811285495758,
        -0.7163171768188477,
        -0.10883253812789917,
        0.5246003270149231,
        0.6567803621292114,
        -0.025578327476978302,
        -0.5266146659851074,
        -0.3066767752170563,
        -0.003576415590941906,
        0.36114415526390076,
        0.16323114931583405,
        0.310255229473114,
        -0.14446038007736206,
        -0.09497092664241791,
        -0.2213861644268036,
        -0.09677599370479584,
        0.12957030534744263
    ],
    "transl": [
        -0.16999348998069763,
        1.6007335186004639,
        -0.036370184272527695
    ],
    "left_hand_pose": [
        -2.850369930267334,
        0.724750280380249,
        -1.4240970611572266,
        -3.134190082550049,
        1.0313777923583984,
        1.102208137512207,
        -0.8621575832366943,
        -0.3284328877925873,
        -0.046051401644945145,
        -0.9470354318618774,
        1.4744490385055542,
        -3.610919237136841
    ],
    "right_hand_pose": [
        -2.5542216300964355,
        1.3175183534622192,
        -1.1138114929199219,
        -2.536912202835083,
        0.4379544258117676,
        1.9760158061981201,
        -0.01983935944736004,
        -0.7773372530937195,
        -0.5731350183486938,
        -0.7195242047309875,
        1.8516517877578735,
        -2.823326826095581
    ],
    "jaw_pose": [
        0.009136984124779701,
        -0.012204868718981743,
        0.016127869486808777
    ],
    "leye_pose": [
        0.32560691237449646,
        0.6140359044075012,
        -0.40078702569007874
    ],
    "reye_pose": [
        -0.10913858562707901,
        0.28692880272865295,
        -0.6231090426445007
    ],
    "expression": [
        -1.231985330581665,
        -0.2395431250333786,
        0.22665216028690338,
        0.5749701261520386,
        -0.6468978524208069,
        -0.6200224757194519,
        -0.08358220010995865,
        0.6936483979225159,
        0.0720389187335968,
        0.19888454675674438
    ]
}