{
    "betas": [
        1.1098449230194092,
        -0.9823525547981262,
        1.1624555587768555,
        -0.3594118654727936,
        -0.2390039563179016,
        -0.06235469877719879,
        0.1455298215150833,
        -0.6766126751899719,
        -0.08418270200490952,
        -1.8312841653823853
    ],
    "global_orient": [
        -0.17351111769676208,
        -0.9898058772087097,
        -0.20998913049697876
    ],
    "body_pose": [
        -0.1809781789779663,
        0.26752743124961853,
        -0.02182847447693348,
        -0.1403878629207611,
        0.02881794609129429,
        0.21361513435840607,
        0.15284867584705353,
        -0.09474242478609085,
        0.05287228897213936,
        0.7328274846076965,
        -0.024307172745466232,
        0.16774135828018188,
        0.5370470881462097,
        0.3448178172111511,
        -0.07663016021251678,
        0.25914302468299866,
        -0.060237132012844086,
        -0.08806325495243073,
        -0.058664776384830475,
        0.32023885846138,
        3.003402298418223e-06,
        0.08195942640304565,
        -0.08180321753025055,
        -5.2596137720684055e-06,
        -0.057276591658592224,
        -0.1730549931526184,
        0.13300448656082153,
        3.5539276268536923e-06,
        3.806328777500312e-06,
        7.966492375999223e-06,
        1.7283495026276796e-06,
        1.3413161923381267e-06,
        -2.268371304126049e-07,
        -0.23415838181972504,
        0.0947732925415039,
        0.15576663613319397,
        -0.08460158109664917,
        -0.14003963768482208,
        -0.05094350874423981,
        -0.11902874708175659,
        0.04180736839771271,
        0.265194296836853,
        0.04198109358549118,
        -0.007550686597824097,
        -0.14681628346443176,
        0.03976147621870041,
        -0.6009423732757568,
        -0.748955488204956,
        0.0016748012276366353,
        0.6388652920722961,
        0.7645210027694702,
        -0.13015636801719666,
        -1.7306116819381714,
        0.9425755143165588,
        -0.12098629027605057,
        1.9893978834152222,
        -0.7124897241592407,
        -0.1752151995897293,
        -0.42631256580352783,
        0.17032282054424286,
        -0.4203505218029022,
        0.23385581374168396,
        -0.24658288061618805
    ],
    "transl": [
        -0.20105892419815063,
        1.5652297735214233,
        0.0082156453281641
    ],
    "left_hand_pose": [
        -3.465874671936035,
        0.7883898615837097,
        -0.5966166853904724,
        -2.0753397941589355,
        -1.3613947629928589,
        1.7242367267608643,
        0.8094099760055542,
        -0.1534005105495453,
        0.9995651841163635,
        1.1388113498687744,
        3.975616931915283,
        -1.1820533275604248
    ],
    "right_hand_pose": [
        -3.122387647628784,
        1.4467878341674805,
        1.2236651182174683,
        -2.178720712661743,
        -0.6569340825080872,
        -0.6115081310272217,
        1.8361166715621948,
        -0.6154363751411438,
        -3.1241676807403564,
        -0.155052050948143,
        3.622073173522949,
        0.6080100536346436
    ],
    "jaw_pose": [
        -0.010286352597177029,
        0.040164049714803696,
        -0.03281882777810097
    ],
    "leye_pose": [
        -0.07587650418281555,
        -0.16596026718616486,
        -1.3609055280685425
    ],
    "reye_pose": [
        -0.10398977994918823,
        -0.09625407308340073,
        -0.1747981607913971
    ],
    "expression": [
        -0.8940768241882324,
        -0.6743906140327454,
        0.046031706035137177,
        0.05428961664438248,
        -0.6172022819519043,
        -0.8312277793884277,
        -0.08890122175216675,
        0.613516092300415,
        -0.215770423412323,
        0.3817388117313385
    ]
}