{
    "betas": [
        0.9280939102172852,
        -1.4180349111557007,
        0.9345076680183411,
        -0.8978005647659302,
        -0.26421359181404114,
        0.018277978524565697,
        0.0259401835501194,
        -0.5339873433113098,
        0.004464973229914904,
        -1.5519824028015137
    ],
    "global_orient": [
        -0.19903630018234253,
        1.2944579124450684,
        0.015497777611017227
    ],
    "body_pose": [
        -0.09963282942771912,
        0.19277885556221008,
        0.002589601092040539,
        -0.4027518033981323,
        -0.08533356338739395,
        0.1610386222600937,
        0.1275821477174759,
        -0.08876782655715942,
        0.00868374016135931,
        0.4905831515789032,
        -0.4814601540565491,
        0.043138112872838974,
        0.29973894357681274,
        0.3907221853733063,
        0.040694378316402435,
        0.24603094160556793,
        -0.06737052649259567,
        -0.02580452896654606,
        -0.04684829339385033,
        -0.04091210663318634,
        1.4193871038514771e-06,
        0.3622993528842926,
        0.4892962872982025,
        3.4826173305191332e-06,
        -0.08464481681585312,
        -0.17080551385879517,
        0.0808425173163414,
        5.4343377087207045e-06,
        1.0454230050527258e-06,
        3.939418093068525e-06,
        1.0263095191476168e-06,
        3.4426220736349933e-06,
        1.378899014525814e-06,
        -0.10446542501449585,
        -0.08396487683057785,
        0.097232885658741,
        -0.06734871119260788,
        -0.10688859969377518,
        -0.2325786054134369,
        -0.0947924554347992,
        -0.06619592010974884,
        0.30181601643562317,
        0.06061871349811554,
        -0.13223595917224884,
        0.04751858115196228,
        0.07539382576942444,
        -0.7166550159454346,
        -0.8790252208709717,
        0.0520479753613472,
        0.4924367070198059,
        1.0819966793060303,
        -0.09490566700696945,
        -1.6417113542556763,
        0.7044523358345032,
        -0.06693477183580399,
        1.9871100187301636,
        -0.3289045989513397,
        -0.06722865253686905,
        -0.3201857805252075,
        0.23482802510261536,
        -0.3106318712234497,
        0.19257353246212006,
        -0.15199394524097443
    ],
    "transl": [
        0.16816572844982147,
        1.5980628728866577,
        -0.12505219876766205
    ],
    "left_hand_pose": [
        -3.364763021469116,
        0.721055269241333,
        -0.13663789629936218,
        -1.9944835901260376,
        -1.5879583358764648,
        0.8218294978141785,
        1.3857784271240234,
        -0.08669520169496536,
        -0.9823468923568726,
        0.8201026320457458,
        4.1105780601501465,
        -0.5779160261154175
    ],
    "right_hand_pose": [
        -2.961833953857422,
        1.5889378786087036,
        1.1424152851104736,
        -2.441892623901367,
        -0.4787454605102539,
        -0.9169963598251343,
        2.449432373046875,
        -0.5350801944732666,
        -3.838202953338623,
        -0.8297216296195984,
        3.0562007427215576,
        0.1654486358165741
    ],
    "jaw_pose": [
        0.013241675682365894,
        -0.03584011271595955,
        0.02540753223001957
    ],
    "leye_pose": [
        0.43473002314567566,
        0.9195693731307983,
        -0.6123166680335999
    ],
    "reye_pose": [
        -0.07831906527280807,
        0.38355448842048645,
        -0.8556169867515564
    ],
    "expression": [
        -1.1123523712158203,
        -0.7872714400291443,
        -0.2686173617839813,
        0.13185636699199677,
        -0.6520537734031677,
        -0.9006122350692749,
        -0.0445556640625,
        0.5983246564865112,
        -0.0648047998547554,
        0.6982609629631042
    ]
}