{
    "betas": [
        0.8454325199127197,
        -0.9866973757743835,
        0.9005586504936218,
        -0.3375515341758728,
        -0.10480298101902008,
        0.046679697930812836,
        -0.0400657095015049,
        -0.5484170317649841,
        -0.5170699954032898,
        -1.700622797012329
    ],
    "global_orient": [
        -0.22199873626232147,
        1.6427860260009766,
        0.13478529453277588
    ],
    "body_pose": [
        0.04638410732150078,
        0.17543666064739227,
        -0.04864029586315155,
        -0.3159671723842621,
        -0.05558767169713974,
        0.041509535163640976,
        0.13501760363578796,
        -0.15843667089939117,
        0.05209200829267502,
        0.3284509778022766,
        -0.3861057460308075,
        0.0137292155995965,
        0.5422139167785645,
        0.19799233973026276,
        -0.0161510668694973,
        0.2818485498428345,
        -0.08465361595153809,
        -0.10268548876047134,
        -0.01812736503779888,
        0.11513052135705948,
        4.641306986741256e-06,
        0.32820165157318115,
        -0.24130883812904358,
        -3.4041750041069463e-06,
        -0.1609545201063156,
        -0.11491850018501282,
        0.01076886523514986,
        6.715573363180738e-06,
        2.6845375487027923e-06,
        5.262799732008716e-06,
        2.1429364096547943e-06,
        2.213413836216205e-06,
        -1.0747766054919339e-06,
        -0.08753243088722229,
        -0.07354927062988281,
        0.14083042740821838,
        -0.09357844293117523,
        -0.024675162509083748,
        0.0306578166782856,
        -0.024709507822990417,
        -0.11916490644216537,
        0.1722048670053482,
        0.10276603698730469,
        -0.042380910366773605,
        -0.02413819171488285,
        0.14025205373764038,
        -0.8049162030220032,
        -0.49875181913375854,
        0.03574356436729431,
        0.5493478178977966,
        0.710375189781189,
        -0.2054443657398224,
        -1.5946816205978394,
        0.9326992034912109,
        -0.17151324450969696,
        1.98543381690979,
        -0.7323606014251709,
        -0.04773510992527008,
        -0.33125370740890503,
        -0.002750157378613949,
        -0.41390466690063477,
        0.2217402160167694,
        -0.047162316739559174
    ],
    "transl": [
        0.15216156840324402,
        1.6013250350952148,
        -0.18456058204174042
    ],
    "left_hand_pose": [
        -3.3037052154541016,
        0.9007395505905151,
        -0.06467364728450775,
        -2.1424267292022705,
        -1.2266980409622192,
        0.9719931483268738,
        1.2837077379226685,
        -0.3186040222644806,
        -0.7056296467781067,
        0.8893367648124695,
        3.829721689224243,
        0.06078775227069855
    ],
    "right_hand_pose": [
        -3.0516819953918457,
        1.5824005603790283,
        1.2575021982192993,
        -2.200493335723877,
        -0.719734251499176,
        -0.5084159970283508,
        2.079035520553589,
        -0.8332182765007019,
        -3.715519666671753,
        -0.3961923122406006,
        3.578883647918701,
        0.8375635743141174
    ],
    "jaw_pose": [
        -0.0020480272360146046,
        -0.026765625923871994,
        0.048170801252126694
    ],
    "leye_pose": [
        -0.023581214249134064,
        0.4164171814918518,
        -0.5107591152191162
    ],
    "reye_pose": [
        -0.3591035306453705,
        0.37712422013282776,
        -0.4848925769329071
    ],
    "expression": [
        -0.6000832319259644,
        -0.6430033445358276,
        -0.09047091752290726,
        0.06482245028018951,
        -0.47172877192497253,
        -0.6534545421600342,
        -0.1002069041132927,
        0.6119037866592407,
        -0.1849508434534073,
        0.44681280851364136
    ]
}