{
    "betas": [
        0.8133963942527771,
        -0.8521163463592529,
        0.9916037321090698,
        -0.430023729801178,
        -0.24684034287929535,
        0.005255573894828558,
        0.061978746205568314,
        -0.7105234265327454,
        -0.06828584522008896,
        -1.8372645378112793
    ],
    "global_orient": [
        -0.12460683286190033,
        -0.5129216313362122,
        -0.15152095258235931
    ],
    "body_pose": [
        0.11760862171649933,
        -0.10539429634809494,
        0.23938371241092682,
        -0.20297503471374512,
        -0.17464251816272736,
        0.037780601531267166,
        0.1164502501487732,
        -0.4477976858615875,
        -0.03727773204445839,
        0.5845065712928772,
        0.12232164293527603,
        -0.05479723960161209,
        0.4077673554420471,
        0.30773457884788513,
        0.04966743290424347,
        0.30759817361831665,
        -0.053784508258104324,
        -0.08751914650201797,
        0.230398491024971,
        0.8126345276832581,
        1.2503951438702643e-06,
        0.08944504708051682,
        -0.08277607709169388,
        -8.582439477322623e-06,
        -0.16836518049240112,
        0.07550366222858429,
        0.0957452803850174,
        4.358625119493809e-06,
        4.7392827582370955e-06,
        8.076138328760862e-06,
        3.895347617799416e-06,
        4.176097263552947e-06,
        -3.664267467229365e-08,
        -0.22864530980587006,
        -0.09170632064342499,
        0.24346080422401428,
        0.0028052337002009153,
        -0.1259082704782486,
        0.04461841657757759,
        -0.029658794403076172,
        0.034158188849687576,
        0.2203250676393509,
        0.06713586300611496,
        0.041686560958623886,
        -0.16552487015724182,
        0.12229461967945099,
        -0.6390162706375122,
        -0.6341390609741211,
        -0.009636000730097294,
        0.5295126438140869,
        0.7538827657699585,
        -0.12242227047681808,
        -1.7705405950546265,
        0.7986181974411011,
        -0.08190440386533737,
        2.0012688636779785,
        -0.5285436511039734,
        0.007241264916956425,
        -0.44691550731658936,
        -0.03332650661468506,
        -0.31067803502082825,
        0.2233361452817917,
        0.10843870043754578
    ],
    "transl": [
        -0.13764244318008423,
        1.5858198404312134,
        -0.040283579379320145
    ],
    "left_hand_pose": [
        -3.5363564491271973,
        0.7084187269210815,
        -0.4419330060482025,
        -2.0700676441192627,
        -1.561453104019165,
        1.6421972513198853,
        1.2445356845855713,
        -0.18243221938610077,
        -0.01580045558512211,
        0.8582856059074402,
        3.6634840965270996,
        -1.2469162940979004
    ],
    "right_hand_pose": [
        -3.17404842376709,
        1.206239104270935,
        1.2761865854263306,
        -2.1804213523864746,
        -0.7257858514785767,
        -0.059924446046352386,
        1.913054347038269,
        -1.0117110013961792,
        -3.359454870223999,
        -0.20150712132453918,
        3.5417709350585938,
        0.6796602010726929
    ],
    "jaw_pose": [
        -0.016374947503209114,
        0.039330996572971344,
        -0.029329296201467514
    ],
    "leye_pose": [
        0.0054894303902983665,
        -0.3746691346168518,
        -1.4642736911773682
    ],
    "reye_pose": [
        -0.09110536426305771,
        -0.29918280243873596,
        0.014549152925610542
    ],
    "expression": [
        -0.6409700512886047,
        -0.5206018090248108,
        0.11714911460876465,
        0.15929394960403442,
        -0.5579743981361389,
        -0.8015905618667603,
        -0.15608464181423187,
        0.4911525547504425,
        -0.23610778152942657,
        0.25598248839378357
    ]
}