{
    "betas": [
        0.6288306713104248,
        -1.102517008781433,
        0.3886237144470215,
        -0.12926535308361053,
        -0.1319064348936081,
        0.187057763338089,
        0.9333935976028442,
        -0.45038023591041565,
        0.2792505919933319,
        -1.3685294389724731
    ],
    "global_orient": [
        -0.02279532700777054,
        -1.3491113185882568,
        -0.07634501904249191
    ],
    "body_pose": [
        0.12465370446443558,
        -0.013003362342715263,
        0.008656694553792477,
        -0.20846763253211975,
        -0.0754779577255249,
        0.1119832992553711,
        0.06317543238401413,
        -0.17276212573051453,
        0.010457383468747139,
        0.47065556049346924,
        -0.19367827475070953,
        -0.019228050485253334,
        0.23396635055541992,
        0.1989067643880844,
        -0.02306283451616764,
        0.10515248030424118,
        -0.08101754635572433,
        0.0015327160945162177,
        0.12256500869989395,
        0.3249513804912567,
        2.2930096292839153e-06,
        0.13443225622177124,
        -4.37920170952566e-05,
        -4.308048573875567e-06,
        -0.0782347023487091,
        -0.016613833606243134,
        0.02612580545246601,
        4.048624759889208e-06,
        1.6373377320633153e-06,
        4.042202363052638e-06,
        4.349538357928395e-06,
        1.4567795005859807e-06,
        -1.3623551922137267e-06,
        -0.02175230346620083,
        0.10065196454524994,
        0.06759517639875412,
        -0.30201753973960876,
        -0.530376136302948,
        0.383538156747818,
        -0.10632123798131943,
        0.526830792427063,
        0.177737295627594,
        -0.016548100858926773,
        0.06534718722105026,
        -0.03001738339662552,
        -0.2449013888835907,
        -0.9213728904724121,
        0.01885051093995571,
        -0.1592407524585724,
        0.6149441003799438,
        0.6450268030166626,
        -0.21520917117595673,
        -0.5105167627334595,
        0.11730919033288956,
        0.04378105700016022,
        0.33347752690315247,
        0.11214765161275864,
        0.030906012281775475,
        0.056650955229997635,
        -0.11004917323589325,
        -0.10417140275239944,
        -0.2114713340997696,
        0.22030265629291534
    ],
    "transl": [
        -0.40383267402648926,
        1.614280104637146,
        -0.004572445526719093
    ],
    "left_hand_pose": [
        -2.8624868392944336,
        0.478770911693573,
        -1.5463041067123413,
        -2.0922648906707764,
        -0.5353276133537292,
        2.213007688522339,
        0.175730362534523,
        -0.6854227781295776,
        -0.5841376781463623,
        -0.3115033507347107,
        1.4988614320755005,
        -3.3309412002563477
    ],
    "right_hand_pose": [
        -2.71642804145813,
        1.0986204147338867,
        -1.3321224451065063,
        -2.485647678375244,
        0.653419017791748,
        1.471331238746643,
        -0.9832195043563843,
        -0.2795794904232025,
        1.1467968225479126,
        0.01090946700423956,
        2.7568511962890625,
        -2.5406765937805176
    ],
    "jaw_pose": [
        -0.005069897510111332,
        0.018707910552620888,
        -0.033779293298721313
    ],
    "leye_pose": [
        0.48669669032096863,
        -0.2589976191520691,
        -0.39850181341171265
    ],
    "reye_pose": [
        0.1516779512166977,
        -0.26296931505203247,
        0.39961621165275574
    ],
    "expression": [
        -0.6070452332496643,
        -0.6462494134902954,
        -0.17464648187160492,
        0.3802359402179718,
        -0.5972676277160645,
        -0.6465494632720947,
        -0.04430403932929039,
        0.5376710295677185,
        -0.11891505122184753,
        0.3879167437553406
    ]
}