{
    "betas": [
        0.7883778810501099,
        -0.8578349351882935,
        0.40226975083351135,
        -0.95337975025177,
        0.06297777593135834,
        -0.06361846625804901,
        0.6951981782913208,
        -0.4745115041732788,
        0.20381544530391693,
        -1.5567666292190552
    ],
    "global_orient": [
        -0.04165586084127426,
        0.9979547262191772,
        -0.049474384635686874
    ],
    "body_pose": [
        0.049179598689079285,
        0.11918950080871582,
        -0.035184286534786224,
        -0.2837666869163513,
        -0.04738663509488106,
        0.03176229074597359,
        0.044680800288915634,
        -0.17970015108585358,
        0.07195564359426498,
        0.12424731999635696,
        -0.6916038990020752,
        0.045660171657800674,
        0.6178950667381287,
        -0.07315466552972794,
        -0.0991104394197464,
        0.2411109060049057,
        0.11904708296060562,
        -0.07240568101406097,
        0.11586357653141022,
        0.1492389738559723,
        1.0747323813120602e-06,
        0.1331818848848343,
        -0.38039955496788025,
        -2.6671154955693055e-06,
        0.004696618299931288,
        -0.03401295095682144,
        -0.0016963022062554955,
        5.75999183638487e-06,
        2.295318381584366e-06,
        4.665454071073327e-06,
        7.121190606085293e-07,
        3.1138918075157562e-06,
        -3.466900011517282e-07,
        -0.23087050020694733,
        0.08279472589492798,
        -0.0012056143023073673,
        -0.028094345703721046,
        -0.08124173432588577,
        -0.13768696784973145,
        0.0036340137012302876,
        -0.03618760406970978,
        0.3328431248664856,
        0.09958889335393906,
        -0.03871357440948486,
        0.006109236739575863,
        0.05111108347773552,
        -0.28619226813316345,
        -0.6544860005378723,
        0.011325830593705177,
        0.1581227332353592,
        1.0390146970748901,
        0.03742702677845955,
        -0.31280726194381714,
        -0.20244359970092773,
        0.20423650741577148,
        0.4452705681324005,
        0.12192362546920776,
        0.4032021462917328,
        0.0568513423204422,
        -0.0015414422377943993,
        0.248024582862854,
        -0.4141736626625061,
        0.21779225766658783
    ],
    "transl": [
        0.29884910583496094,
        1.6240499019622803,
        0.07607515901327133
    ],
    "left_hand_pose": [
        -2.4751193523406982,
        1.0740090608596802,
        -1.2784310579299927,
        -3.3130626678466797,
        1.562402367591858,
        1.482917070388794,
        -0.6186800003051758,
        -0.5350297093391418,
        -0.6425791382789612,
        -1.336307168006897,
        1.0664738416671753,
        -3.849113941192627
    ],
    "right_hand_pose": [
        -1.768867015838623,
        -1.3271152973175049,
        0.06745500862598419,
        -1.7576462030410767,
        0.18752531707286835,
        0.36916863918304443,
        0.11847642064094543,
        -1.0666714906692505,
        -3.0040061473846436,
        -1.9160457849502563,
        0.6861935257911682,
        -6.358757495880127
    ],
    "jaw_pose": [
        0.017379030585289,
        -0.028389180079102516,
        0.0400562658905983
    ],
    "leye_pose": [
        -0.6546748876571655,
        0.5470201373100281,
        -1.4302948713302612
    ],
    "reye_pose": [
        -0.2810240387916565,
        0.17374537885189056,
        -0.38686496019363403
    ],
    "expression": [
        0.3061281442642212,
        -0.6278365850448608,
        0.008960159495472908,
        -0.22555167973041534,
        -0.45907390117645264,
        -0.42172086238861084,
        -0.17298614978790283,
        0.5696529746055603,
        -0.2506123483181,
        0.2724553048610687
    ]
}