{
    "betas": [
        0.738869845867157,
        -1.1329656839370728,
        0.4012471139431,
        -0.16691724956035614,
        -0.048890307545661926,
        0.0905689001083374,
        0.8217145800590515,
        -0.5414639115333557,
        0.26375582814216614,
        -1.3934605121612549
    ],
    "global_orient": [
        -0.07458532601594925,
        -1.119540810585022,
        -0.018894432112574577
    ],
    "body_pose": [
        0.18160003423690796,
        0.04381169378757477,
        0.015862423926591873,
        -0.32687169313430786,
        0.003663274459540844,
        0.034591954201459885,
        0.11846593022346497,
        -0.10978922992944717,
        -0.023663673549890518,
        0.38999029994010925,
        -0.16079087555408478,
        0.025693833827972412,
        0.5180823802947998,
        0.012042672373354435,
        6.953382398933172e-05,
        0.19307063519954681,
        -0.1128024309873581,
        -0.028147205710411072,
        -0.02251465432345867,
        0.23389796912670135,
        2.142230869139894e-06,
        0.0009528515511192381,
        -0.182380810379982,
        -1.1631032975856215e-05,
        -0.1671294867992401,
        -0.1324457973241806,
        0.028292382135987282,
        4.327333044784609e-06,
        1.6682520254107658e-06,
        3.042447588086361e-06,
        4.697461918112822e-06,
        1.1498278809085605e-06,
        -4.403631919558393e-06,
        -0.13641543686389923,
        0.12486633658409119,
        0.10163373500108719,
        -0.05968255549669266,
        -0.24491733312606812,
        -0.13813942670822144,
        -0.28135305643081665,
        0.4528166651725769,
        -0.19925540685653687,
        -0.11019056290388107,
        0.13446539640426636,
        -0.11356230080127716,
        -0.04027320072054863,
        -0.4249712824821472,
        -0.977113664150238,
        -0.25614240765571594,
        0.8075922727584839,
        -0.2993495762348175,
        0.1343732327222824,
        -0.23574161529541016,
        -0.3001151978969574,
        -0.12244606018066406,
        0.43455004692077637,
        -0.3186829090118408,
        0.3698298931121826,
        0.14151600003242493,
        -0.20231039822101593,
        -0.3227618634700775,
        -0.15467600524425507,
        -0.22253631055355072
    ],
    "transl": [
        -0.4204379618167877,
        1.5857681035995483,
        -0.011390487663447857
    ],
    "left_hand_pose": [
        -2.5115396976470947,
        0.696621298789978,
        -1.5134755373001099,
        -2.5948739051818848,
        0.44181710481643677,
        1.6375195980072021,
        -0.06539380550384521,
        -0.5567532181739807,
        -0.5880783796310425,
        -0.9024459719657898,
        1.0689347982406616,
        -4.029711723327637
    ],
    "right_hand_pose": [
        -2.6675658226013184,
        1.1690593957901,
        -1.547737956047058,
        -2.1328423023223877,
        -0.34041228890419006,
        2.4674019813537598,
        0.4635961949825287,
        -1.1263402700424194,
        -0.8595142960548401,
        -0.625845193862915,
        1.9521098136901855,
        -3.0887691974639893
    ],
    "jaw_pose": [
        0.0011036363430321217,
        0.035422518849372864,
        -0.051006775349378586
    ],
    "leye_pose": [
        0.07620470225811005,
        0.023326873779296875,
        -0.01611952856183052
    ],
    "reye_pose": [
        -0.3869725465774536,
        -0.03499361127614975,
        0.13732239603996277
    ],
    "expression": [
        -0.46552520990371704,
        -0.9597735404968262,
        0.0012183897197246552,
        0.1805925816297531,
        -0.6959493160247803,
        -0.695793628692627,
        -0.083025261759758,
        0.6404009461402893,
        -0.22098596394062042,
        0.439946711063385
    ]
}