{
    "betas": [
        0.7665265202522278,
        -1.1241549253463745,
        0.3161942660808563,
        -0.3211939036846161,
        -0.031824514269828796,
        0.0946439728140831,
        1.0121681690216064,
        -0.536792516708374,
        0.23657900094985962,
        -1.9668145179748535
    ],
    "global_orient": [
        -0.013883707113564014,
        1.4777607917785645,
        -0.13551020622253418
    ],
    "body_pose": [
        -0.41475898027420044,
        0.14601373672485352,
        -0.05306384339928627,
        0.2197023630142212,
        0.24963410198688507,
        0.01782655529677868,
        0.0786256343126297,
        0.011008404195308685,
        0.12974533438682556,
        0.4364444613456726,
        -0.3137824535369873,
        0.04478750377893448,
        0.32539865374565125,
        0.24022163450717926,
        -0.00040198801434598863,
        0.06193626672029495,
        0.05985758453607559,
        -0.06794160604476929,
        0.06258667260408401,
        0.06913718581199646,
        2.8124343316449085e-06,
        0.549597442150116,
        0.2257775366306305,
        2.8058989300916437e-06,
        -0.09645642340183258,
        0.05021948739886284,
        -0.013941189274191856,
        6.90761726218625e-06,
        1.6868220882315654e-06,
        5.013776444684481e-06,
        -4.837264668822172e-07,
        2.604646397230681e-06,
        2.3910458821774228e-06,
        -0.07978428155183792,
        -0.04301472753286362,
        -0.007863358594477177,
        -0.28228193521499634,
        -0.5633974671363831,
        0.3173837959766388,
        -0.15237075090408325,
        0.627353310585022,
        0.12114647030830383,
        -0.07782415300607681,
        -0.06486372649669647,
        0.06530077010393143,
        -0.1794387549161911,
        -0.9706985354423523,
        -0.06947983801364899,
        -0.13379649817943573,
        0.8144561648368835,
        0.32052069902420044,
        -0.06711217761039734,
        -0.15544624626636505,
        -0.007107612676918507,
        0.035625047981739044,
        0.3613927960395813,
        0.07447277754545212,
        0.05160525441169739,
        0.1840323507785797,
        -0.1414942592382431,
        -0.06749113649129868,
        -0.08922689408063889,
        0.18120811879634857
    ],
    "transl": [
        -0.15875476598739624,
        1.5969512462615967,
        -0.031589120626449585
    ],
    "left_hand_pose": [
        -2.942068099975586,
        0.7518123984336853,
        -0.7725285291671753,
        -2.809633731842041,
        0.39810019731521606,
        2.1331615447998047,
        0.15482181310653687,
        -1.0471121072769165,
        -0.5647838711738586,
        -0.41895002126693726,
        1.1965060234069824,
        -2.220632553100586
    ],
    "right_hand_pose": [
        -2.653838634490967,
        1.3563328981399536,
        -0.9440888166427612,
        -2.5025341510772705,
        0.20419886708259583,
        2.0692598819732666,
        0.2831735908985138,
        -0.896596372127533,
        -0.3975411057472229,
        -0.5177063345909119,
        2.04032826423645,
        -2.285067081451416
    ],
    "jaw_pose": [
        0.009686993435025215,
        -0.0436943955719471,
        0.039090827107429504
    ],
    "leye_pose": [
        0.15734267234802246,
        0.4248451292514801,
        -0.08688177168369293
    ],
    "reye_pose": [
        -0.2529147267341614,
        0.2792493999004364,
        -0.1773577630519867
    ],
    "expression": [
        -0.7514550685882568,
        -0.9959288239479065,
        0.05781036987900734,
        0.007691467180848122,
        -0.5443915128707886,
        -0.8216894268989563,
        -0.14699813723564148,
        0.5866180062294006,
        -0.177619069814682,
        0.46189984679222107
    ]
}