{
    "betas": [
        0.643044114112854,
        -0.6393210291862488,
        0.30209553241729736,
        0.09536781162023544,
        0.1709950715303421,
        -0.04855743795633316,
        0.5547720789909363,
        -0.6755191087722778,
        0.1181170865893364,
        -1.8944368362426758
    ],
    "global_orient": [
        -0.22099730372428894,
        -0.04452821612358093,
        -0.10706648230552673
    ],
    "body_pose": [
        0.08305288851261139,
        0.08723203092813492,
        0.27017447352409363,
        -0.041896071285009384,
        0.06365000456571579,
        0.0388021245598793,
        -0.006512715946882963,
        -0.17969027161598206,
        0.02811666950583458,
        0.35507428646087646,
        -0.16114620864391327,
        0.0008373961900360882,
        0.2623743414878845,
        0.24930232763290405,
        0.02007495053112507,
        0.18625745177268982,
        -0.08854060620069504,
        -0.012075762264430523,
        -0.035740479826927185,
        0.4704188108444214,
        2.0967827367712744e-06,
        0.07651189714670181,
        -0.21303001046180725,
        -4.70378108730074e-06,
        -0.08154366165399551,
        0.0004908600822091103,
        0.018145272508263588,
        7.1350082180288155e-06,
        2.2920837636775104e-06,
        5.3979733820597176e-06,
        2.810115347529063e-06,
        1.5209882349154213e-06,
        -7.134405564102053e-07,
        -0.024564070627093315,
        0.0634201169013977,
        -0.0012575689470395446,
        -0.2807958424091339,
        -0.3319595754146576,
        0.46473509073257446,
        -0.15066398680210114,
        0.4229808449745178,
        -0.20400384068489075,
        0.055460263043642044,
        -0.004542497918009758,
        -0.021566687151789665,
        -0.047740817070007324,
        -0.8549789786338806,
        0.30206307768821716,
        -0.3422442674636841,
        0.585946261882782,
        -0.18081514537334442,
        -0.2779715657234192,
        -0.5592854022979736,
        0.24623410403728485,
        -0.3800053298473358,
        -0.004062380641698837,
        -0.05932760611176491,
        0.19454824924468994,
        0.002206378383561969,
        -0.03985506668686867,
        -0.444359689950943,
        -0.30312061309814453,
        0.03339419141411781
    ],
    "transl": [
        -0.16158273816108704,
        1.5879569053649902,
        -0.060706764459609985
    ],
    "left_hand_pose": [
        -3.053417205810547,
        0.9685961008071899,
        -0.9687211513519287,
        -2.721529483795166,
        0.005031004082411528,
        2.034102201461792,
        0.306969553232193,
        -1.1198785305023193,
        -0.9154360890388489,
        -0.7559882998466492,
        1.1729689836502075,
        -3.1014108657836914
    ],
    "right_hand_pose": [
        -2.9658939838409424,
        1.1540696620941162,
        0.28042277693748474,
        -2.1710643768310547,
        -0.6700184941291809,
        0.5602329969406128,
        1.5968605279922485,
        -0.7334046363830566,
        -2.1906423568725586,
        -0.11147356033325195,
        3.06955623626709,
        -0.15250204503536224
    ],
    "jaw_pose": [
        -0.01687118038535118,
        0.008148545399308205,
        -0.01249463576823473
    ],
    "leye_pose": [
        -0.05444829538464546,
        0.010541989468038082,
        -0.24909736216068268
    ],
    "reye_pose": [
        -0.34958893060684204,
        0.21868091821670532,
        -0.5827935934066772
    ],
    "expression": [
        -0.8227975964546204,
        0.22448265552520752,
        0.18887090682983398,
        0.5502776503562927,
        -0.7576125860214233,
        -0.3165763020515442,
        -0.10514599084854126,
        0.3734661042690277,
        -0.08932441473007202,
        0.2356920838356018
    ]
}