{
    "betas": [
        0.8195962905883789,
        -0.8974920511245728,
        0.3222683072090149,
        -1.209446907043457,
        0.01867254078388214,
        -0.023497041314840317,
        0.5324747562408447,
        -0.2508888840675354,
        0.21840694546699524,
        -1.651294469833374
    ],
    "global_orient": [
        -0.05894993990659714,
        0.7516403198242188,
        -0.05790884047746658
    ],
    "body_pose": [
        0.003987899515777826,
        0.13227210938930511,
        -0.04614321142435074,
        -0.2057204693555832,
        0.0678800716996193,
        -0.058743834495544434,
        0.04960135743021965,
        -0.09368844330310822,
        0.09540633112192154,
        0.21137307584285736,
        -0.5838234424591064,
        0.06484101712703705,
        0.7117322683334351,
        -0.07955114543437958,
        -0.024380072951316833,
        0.2239752560853958,
        0.08951716125011444,
        -0.05849591642618179,
        -0.00971144624054432,
        0.22060786187648773,
        2.2738543066225247e-06,
        0.26725685596466064,
        -0.4939778745174408,
        -2.7588237117015524e-06,
        -0.009109066799283028,
        -0.037711478769779205,
        -0.013653014786541462,
        7.97294887888711e-06,
        3.3030919439624995e-06,
        4.856884970649844e-06,
        5.174658213036309e-07,
        1.985181143027148e-06,
        -1.0462132422617287e-06,
        -0.21736915409564972,
        0.09123185276985168,
        -0.030104786157608032,
        -0.03587478771805763,
        -0.10327707231044769,
        -0.21322377026081085,
        0.02602161094546318,
        0.01336333155632019,
        0.3390454053878784,
        0.09386610984802246,
        0.01551134418696165,
        0.014039969071745872,
        0.03818931430578232,
        -0.25935980677604675,
        -0.7902315855026245,
        0.03297073021531105,
        0.0989871546626091,
        0.8076363205909729,
        0.2041441798210144,
        -0.25755929946899414,
        -0.1706121563911438,
        0.23316162824630737,
        0.42459696531295776,
        0.28176647424697876,
        0.4318947494029999,
        0.11967258155345917,
        0.012182977981865406,
        0.19228732585906982,
        -0.2698042690753937,
        0.4394189119338989
    ],
    "transl": [
        0.260073721408844,
        1.611412525177002,
        0.06793081015348434
    ],
    "left_hand_pose": [
        -2.4062280654907227,
        1.2874146699905396,
        -1.2114830017089844,
        -3.575561046600342,
        1.905106782913208,
        1.5457512140274048,
        -0.2714049518108368,
        -0.837870717048645,
        -0.6567685008049011,
        -1.3848294019699097,
        0.9692379832267761,
        -3.393141269683838
    ],
    "right_hand_pose": [
        -2.0586705207824707,
        -2.1072285175323486,
        -0.1549060046672821,
        -0.2837376892566681,
        -2.2989213466644287,
        -0.46503645181655884,
        0.4420446753501892,
        -0.05498246103525162,
        -3.651003360748291,
        -0.814204752445221,
        0.9328498840332031,
        -4.655384063720703
    ],
    "jaw_pose": [
        0.01555468700826168,
        -0.030195513740181923,
        0.03224550932645798
    ],
    "leye_pose": [
        -0.7936671376228333,
        0.600576639175415,
        -1.2894697189331055
    ],
    "reye_pose": [
        -0.3241427540779114,
        0.29512453079223633,
        -0.5101823210716248
    ],
    "expression": [
        0.2977692186832428,
        -0.693740725517273,
        0.052790191024541855,
        -0.20035810768604279,
        -0.5382853150367737,
        -0.47067537903785706,
        -0.19399309158325195,
        0.5532212853431702,
        -0.18788853287696838,
        0.32619503140449524
    ]
}