{
    "betas": [
        0.8030139207839966,
        -0.7165977954864502,
        0.712532103061676,
        -0.4877476394176483,
        -0.02354007586836815,
        -0.041215576231479645,
        0.3712938725948334,
        -1.3620561361312866,
        -0.8948348164558411,
        -1.9494998455047607
    ],
    "global_orient": [
        -0.12969344854354858,
        0.0690043643116951,
        -0.056416746228933334
    ],
    "body_pose": [
        0.04947461560368538,
        0.3167797327041626,
        -0.11874253302812576,
        -0.24174650013446808,
        -0.10286006331443787,
        -0.24151460826396942,
        0.11260946840047836,
        -0.1575462520122528,
        0.028487535193562508,
        0.21861061453819275,
        -0.045124199241399765,
        0.3523976802825928,
        0.5029560327529907,
        0.2087353765964508,
        0.07884299755096436,
        0.1814630925655365,
        -0.06535610556602478,
        -0.04357925057411194,
        0.016728850081562996,
        0.4267949163913727,
        2.7839428184961434e-06,
        0.5149275064468384,
        0.015849005430936813,
        4.01727174903499e-06,
        -0.05041039362549782,
        -0.2183438241481781,
        0.08590683341026306,
        6.222569027158897e-06,
        3.65775554200809e-06,
        5.4981514949759e-06,
        1.1335710041748825e-06,
        4.534292656899197e-06,
        2.8642689358093776e-06,
        -0.20587393641471863,
        0.01114694681018591,
        0.1865047961473465,
        -0.0363299734890461,
        -0.04449246823787689,
        0.11255765706300735,
        -0.06850963085889816,
        -0.0029630663339048624,
        0.07426393032073975,
        0.10612047463655472,
        -0.08076853305101395,
        -0.15955320000648499,
        0.32624030113220215,
        -0.7129403948783875,
        -0.2779711186885834,
        0.04349679499864578,
        0.5811648964881897,
        0.2615959048271179,
        -0.05824287608265877,
        -1.848404049873352,
        0.6029084324836731,
        -0.06459608674049377,
        2.068408966064453,
        -0.302438884973526,
        0.14710183441638947,
        -0.3601909279823303,
        -0.023804426193237305,
        -0.2603956162929535,
        0.20129160583019257,
        0.21548886597156525
    ],
    "transl": [
        0.023108739405870438,
        1.6128711700439453,
        -0.07327257841825485
    ],
    "left_hand_pose": [
        -3.9334959983825684,
        -0.025882188230752945,
        -1.3853095769882202,
        -2.2010560035705566,
        0.7072610855102539,
        4.361119747161865,
        -2.0204286575317383,
        -2.1736114025115967,
        -1.7589733600616455,
        -1.179944396018982,
        -0.023530734702944756,
        -5.220874309539795
    ],
    "right_hand_pose": [
        -2.9889204502105713,
        1.5014126300811768,
        0.9485207200050354,
        -2.021230936050415,
        -0.92734694480896,
        0.04016716405749321,
        2.0253303050994873,
        -0.9174362421035767,
        -2.9459338188171387,
        0.1796116828918457,
        3.8793935775756836,
        1.6525449752807617
    ],
    "jaw_pose": [
        -0.02221246436238289,
        0.01920405589044094,
        -0.026463747024536133
    ],
    "leye_pose": [
        -0.1145133450627327,
        -0.19501453638076782,
        -1.3126943111419678
    ],
    "reye_pose": [
        0.02120276354253292,
        -0.44338589906692505,
        -0.07606985419988632
    ],
    "expression": [
        -1.2072532176971436,
        -0.12310750037431717,
        -0.1687149703502655,
        0.11947683244943619,
        -0.7193262577056885,
        -0.8120411038398743,
        -0.040121547877788544,
        0.4504261314868927,
        -0.2150990217924118,
        0.3239385485649109
    ]
}