{
    "betas": [
        0.8851675987243652,
        -0.91849684715271,
        0.927367091178894,
        -0.34530213475227356,
        -0.11113002151250839,
        0.021736711263656616,
        -0.03730881214141846,
        -0.7566671371459961,
        -0.3635212182998657,
        -1.6706775426864624
    ],
    "global_orient": [
        -0.24332182109355927,
        1.797717809677124,
        0.1760834902524948
    ],
    "body_pose": [
        0.0841146782040596,
        0.22649654746055603,
        -0.040175773203372955,
        -0.34465232491493225,
        -0.05551410838961601,
        0.05372965708374977,
        0.1272979974746704,
        -0.15994368493556976,
        0.03979161009192467,
        0.39781779050827026,
        -0.5941506624221802,
        0.033315371721982956,
        0.6291341781616211,
        0.048750340938568115,
        -0.020441222935914993,
        0.33794620633125305,
        0.008943059481680393,
        -0.15480871498584747,
        -0.0659157857298851,
        0.13591524958610535,
        3.7560364489763742e-06,
        0.3526257872581482,
        -0.3645818829536438,
        -6.046338967280462e-06,
        -0.15403605997562408,
        -0.12358184158802032,
        0.0716121718287468,
        8.303069080284331e-06,
        2.7123846848553512e-06,
        5.1479973990353756e-06,
        2.380715386607335e-06,
        2.858743300748756e-06,
        -1.917833060360863e-06,
        -0.1371474713087082,
        -0.08021366596221924,
        0.17875440418720245,
        -0.03212972730398178,
        -0.10397463291883469,
        0.08363734930753708,
        -0.018020212650299072,
        -0.057118240743875504,
        0.15786010026931763,
        0.1275237500667572,
        -0.040131453424692154,
        -0.059358492493629456,
        0.12056805938482285,
        -0.6530945897102356,
        -0.47951436042785645,
        -0.029549162834882736,
        0.44293734431266785,
        0.581528902053833,
        -0.19694684445858002,
        -1.6668621301651,
        0.8488170504570007,
        -0.1171085312962532,
        1.974291205406189,
        -0.6880251169204712,
        0.022856660187244415,
        -0.4377919137477875,
        -0.10146012902259827,
        -0.41597387194633484,
        0.24094876646995544,
        0.10843361169099808
    ],
    "transl": [
        0.19313174486160278,
        1.594637393951416,
        -0.18165431916713715
    ],
    "left_hand_pose": [
        -3.3787457942962646,
        0.7492375373840332,
        -0.27046990394592285,
        -2.1943862438201904,
        -1.26067054271698,
        1.171262264251709,
        1.2785003185272217,
        -0.16789045929908752,
        -0.44951844215393066,
        0.9841428399085999,
        3.5346460342407227,
        0.03891298174858093
    ],
    "right_hand_pose": [
        -3.104766368865967,
        1.344596028327942,
        1.1817628145217896,
        -1.9274566173553467,
        -1.1361072063446045,
        -0.039007510989904404,
        2.017930269241333,
        -0.9270349144935608,
        -3.6353354454040527,
        0.08650632202625275,
        3.990774393081665,
        1.3585835695266724
    ],
    "jaw_pose": [
        -0.0014876791974529624,
        -0.033332958817481995,
        0.0474962443113327
    ],
    "leye_pose": [
        -0.08262160420417786,
        0.33523792028427124,
        -0.45891445875167847
    ],
    "reye_pose": [
        -0.4111280143260956,
        0.37996938824653625,
        -0.442484050989151
    ],
    "expression": [
        -0.6455618143081665,
        -0.7525116205215454,
        -0.15447203814983368,
        0.12208712846040726,
        -0.5665521621704102,
        -0.5996192097663879,
        -0.06013820320367813,
        0.5634233355522156,
        -0.18827565014362335,
        0.42873695492744446
    ]
}