{
    "betas": [
        0.6829099059104919,
        -0.6172033548355103,
        0.742479681968689,
        -0.20685076713562012,
        0.13851593434810638,
        -0.04594556242227554,
        0.08186829835176468,
        -0.7169585227966309,
        -0.7811716794967651,
        -1.6545424461364746
    ],
    "global_orient": [
        -0.21567454934120178,
        1.8022619485855103,
        0.19519467651844025
    ],
    "body_pose": [
        0.1302160620689392,
        -0.03807935491204262,
        -0.09726610034704208,
        -0.2786368727684021,
        0.22003081440925598,
        0.07345633953809738,
        0.19040986895561218,
        -0.012453971430659294,
        0.049721769988536835,
        0.42870521545410156,
        -0.6431803107261658,
        -0.0007167441071942449,
        0.473644882440567,
        0.141419917345047,
        0.07865870743989944,
        0.17715245485305786,
        0.11365752667188644,
        -0.1265917420387268,
        -0.03681666776537895,
        -0.014873992651700974,
        3.394867690076353e-06,
        0.4372914433479309,
        -0.4049934446811676,
        -4.797096607944695e-06,
        -0.07758177071809769,
        -0.3449963927268982,
        0.0795241966843605,
        9.837516699917614e-06,
        4.581440407491755e-06,
        6.095762273616856e-06,
        2.5276078758906806e-06,
        3.1534300433122553e-06,
        -1.5726990341136116e-06,
        -0.13409201800823212,
        -0.06860841065645218,
        0.14631663262844086,
        -0.02595759928226471,
        -0.016769371926784515,
        0.1642964780330658,
        -0.02979373186826706,
        -0.03281768411397934,
        0.03012990392744541,
        0.15171757340431213,
        -0.023278789594769478,
        -0.0734679251909256,
        0.27805280685424805,
        -0.6223695874214172,
        -0.22424864768981934,
        0.09320539981126785,
        0.5281037092208862,
        0.262241929769516,
        -0.13193504512310028,
        -1.8081748485565186,
        0.6575762033462524,
        -0.0889924094080925,
        2.1230809688568115,
        -0.28900599479675293,
        -0.048834510147571564,
        -0.4496116638183594,
        -0.21871569752693176,
        -0.2315840721130371,
        0.254973828792572,
        0.1881178468465805
    ],
    "transl": [
        0.23745271563529968,
        1.6108454465866089,
        -0.15683811902999878
    ],
    "left_hand_pose": [
        -3.4760892391204834,
        0.42527538537979126,
        -0.3587242066860199,
        -2.02435040473938,
        -1.15000581741333,
        1.5146501064300537,
        0.6467496752738953,
        -0.1409875452518463,
        0.763404905796051,
        1.7356308698654175,
        4.392465114593506,
        0.4316505193710327
    ],
    "right_hand_pose": [
        -3.0230116844177246,
        1.585631251335144,
        1.1796048879623413,
        -1.5531392097473145,
        -1.2176870107650757,
        0.07244699448347092,
        1.8369371891021729,
        -0.902114748954773,
        -2.3855526447296143,
        0.9604163765907288,
        5.218307018280029,
        2.885344982147217
    ],
    "jaw_pose": [
        -0.013467689044773579,
        -0.021454472094774246,
        0.051354456692934036
    ],
    "leye_pose": [
        -0.08125799894332886,
        0.5598764419555664,
        -0.4775930345058441
    ],
    "reye_pose": [
        -0.3311193883419037,
        0.35922300815582275,
        -0.6134911775588989
    ],
    "expression": [
        -0.8059938549995422,
        -0.5618136525154114,
        -0.21884207427501678,
        0.044242989271879196,
        -0.584339439868927,
        -0.6790506839752197,
        -0.04381747171282768,
        0.6390509605407715,
        -0.12590618431568146,
        0.4420533776283264
    ]
}