{
    "betas": [
        0.5916085243225098,
        -0.6444488167762756,
        0.22283460199832916,
        0.011725124903023243,
        0.26663938164711,
        -0.031580016016960144,
        0.43036678433418274,
        -0.615763783454895,
        0.04799530282616615,
        -1.5154260396957397
    ],
    "global_orient": [
        -0.20609748363494873,
        0.17457886040210724,
        -0.014166920445859432
    ],
    "body_pose": [
        0.0021764561533927917,
        0.15267318487167358,
        0.17420506477355957,
        -0.016360493376851082,
        0.17334330081939697,
        -0.10086381435394287,
        0.013365303166210651,
        0.006654744502156973,
        0.03680415078997612,
        0.3338905870914459,
        -0.2827540636062622,
        -0.0044063967652618885,
        0.2775740623474121,
        0.09726837277412415,
        0.050078846514225006,
        0.16055136919021606,
        0.017677078023552895,
        -0.008806372061371803,
        0.007035887334495783,
        0.34697937965393066,
        2.6021464236691827e-06,
        0.08628757297992706,
        -0.32386988401412964,
        -4.649626589525724e-06,
        -0.08872579783201218,
        -0.03488990291953087,
        0.06706693023443222,
        8.269661520898808e-06,
        2.9364543934207177e-06,
        5.279986453388119e-06,
        2.7072883312939666e-06,
        2.098500544889248e-06,
        -3.130723058575313e-08,
        -0.00988483801484108,
        -0.036232322454452515,
        0.05307609960436821,
        -0.19271248579025269,
        -0.34540465474128723,
        0.37387120723724365,
        -0.30283084511756897,
        0.3957041800022125,
        -0.3477218747138977,
        -0.005690896417945623,
        -0.08120878040790558,
        -0.0051437607035040855,
        -0.14252576231956482,
        -0.7258722186088562,
        0.24686747789382935,
        -0.2149002104997635,
        0.9601454734802246,
        -0.24002093076705933,
        -0.33504417538642883,
        -0.26141008734703064,
        0.1417820006608963,
        -0.21407577395439148,
        0.42998945713043213,
        -0.15112490952014923,
        0.2915457487106323,
        0.15341070294380188,
        -0.05038847774267197,
        -0.32493481040000916,
        -0.16833484172821045,
        0.11656016111373901
    ],
    "transl": [
        -0.12929509580135345,
        1.5946605205535889,
        -0.07485643774271011
    ],
    "left_hand_pose": [
        -3.094961166381836,
        0.9531957507133484,
        -1.2259870767593384,
        -2.6451218128204346,
        0.005947805009782314,
        2.1771721839904785,
        0.487368643283844,
        -1.0548502206802368,
        -1.0359324216842651,
        -0.9654485583305359,
        1.1379960775375366,
        -3.474555015563965
    ],
    "right_hand_pose": [
        -2.95066499710083,
        1.4636070728302002,
        1.1072789430618286,
        -2.293064594268799,
        -0.6516531705856323,
        -0.5409473180770874,
        2.1347856521606445,
        -0.7073847055435181,
        -3.339099884033203,
        -0.057332027703523636,
        4.0202789306640625,
        1.1766678094863892
    ],
    "jaw_pose": [
        -0.015751490369439125,
        0.0006510519306175411,
        0.006696742959320545
    ],
    "leye_pose": [
        0.2214716076850891,
        0.2281675487756729,
        -0.17817673087120056
    ],
    "reye_pose": [
        -0.3381296992301941,
        0.3460431694984436,
        -0.7031197547912598
    ],
    "expression": [
        -0.8661462068557739,
        0.1910039484500885,
        0.2698200047016144,
        0.6071972250938416,
        -0.6327973008155823,
        -0.3196457326412201,
        -0.058530911803245544,
        0.5649497509002686,
        0.06896735727787018,
        0.2273053079843521
    ]
}