{
    "betas": [
        0.6348638534545898,
        -1.108940839767456,
        0.3823185861110687,
        -0.40779200196266174,
        -0.16467364132404327,
        0.16741517186164856,
        0.8398281931877136,
        -0.5309447646141052,
        0.2705448269844055,
        -1.5438530445098877
    ],
    "global_orient": [
        -0.046333588659763336,
        1.0588600635528564,
        -0.06112849339842796
    ],
    "body_pose": [
        -0.2452232539653778,
        0.264324426651001,
        -0.013035653159022331,
        0.05858239531517029,
        0.0701185017824173,
        -0.0668945387005806,
        0.11254256963729858,
        0.04079294577240944,
        0.032535359263420105,
        0.34683793783187866,
        -0.06770884245634079,
        0.002443284960463643,
        0.4820669889450073,
        -0.04757736995816231,
        -0.013893118128180504,
        0.10311155021190643,
        0.0014742499915882945,
        -0.015694167464971542,
        -0.024907834827899933,
        0.16063746809959412,
        5.087540102977073e-06,
        0.14202989637851715,
        -0.1825632005929947,
        -4.085765795025509e-06,
        -0.08943308889865875,
        -0.08707531541585922,
        0.019048532471060753,
        5.660788701788988e-06,
        2.234968178527197e-06,
        5.779534149041865e-06,
        9.339626103610499e-07,
        2.234095063613495e-06,
        1.3569919019573717e-06,
        -0.09252698719501495,
        -0.07502957433462143,
        0.054175786674022675,
        0.0011181035079061985,
        -0.23575261235237122,
        -0.22048504650592804,
        -0.3535277545452118,
        0.6189602017402649,
        -0.08971346914768219,
        -0.036345552653074265,
        -0.09235163033008575,
        0.04821724072098732,
        -0.02071361429989338,
        -0.2798306345939636,
        -0.8989131450653076,
        -0.2391728311777115,
        1.2219679355621338,
        0.10683292150497437,
        0.03931182250380516,
        -0.403626948595047,
        -0.31821197271347046,
        -0.11516087502241135,
        0.626296877861023,
        -0.24521011114120483,
        0.3059537708759308,
        -0.05429611727595329,
        0.008711788803339005,
        -0.3537755608558655,
        0.020955413579940796,
        0.002989598549902439
    ],
    "transl": [
        -0.14200524985790253,
        1.6095216274261475,
        -0.028437413275241852
    ],
    "left_hand_pose": [
        -2.8528201580047607,
        0.6936307549476624,
        -1.5880199670791626,
        -2.6223604679107666,
        0.8608988523483276,
        1.1749801635742188,
        -0.7613208293914795,
        -0.16926586627960205,
        -0.542212963104248,
        -0.8032903075218201,
        1.4052940607070923,
        -3.6648778915405273
    ],
    "right_hand_pose": [
        -2.9135217666625977,
        1.0622402429580688,
        -0.8493033051490784,
        -2.1029365062713623,
        -0.6094033718109131,
        2.4642484188079834,
        0.7724924683570862,
        -1.0996050834655762,
        -1.2889044284820557,
        -0.6683035492897034,
        2.1052963733673096,
        -2.828347682952881
    ],
    "jaw_pose": [
        0.011936510913074017,
        -0.034120287746191025,
        0.03133039548993111
    ],
    "leye_pose": [
        0.2042623907327652,
        0.5484795570373535,
        -0.41512617468833923
    ],
    "reye_pose": [
        -0.25706809759140015,
        0.36233270168304443,
        -0.39596009254455566
    ],
    "expression": [
        -0.68302983045578,
        -0.7088077664375305,
        0.08926095813512802,
        0.2759470045566559,
        -0.5523809790611267,
        -0.8492768406867981,
        -0.2042737603187561,
        0.6122849583625793,
        -0.15957266092300415,
        0.408036470413208
    ]
}