{
    "betas": [
        0.7812486886978149,
        -0.7758627533912659,
        0.890166699886322,
        -0.4364195466041565,
        0.03873235359787941,
        -0.024208417162299156,
        0.20360474288463593,
        -0.7175431251525879,
        -0.4313012659549713,
        -1.738391399383545
    ],
    "global_orient": [
        -0.23398691415786743,
        1.6806899309158325,
        0.1599813997745514
    ],
    "body_pose": [
        0.1314474195241928,
        -0.29280605912208557,
        -0.18059974908828735,
        -0.30502188205718994,
        0.0002288774703629315,
        0.1676720827817917,
        0.14695703983306885,
        0.11818129569292068,
        0.06407297402620316,
        0.4491320550441742,
        -0.6401223540306091,
        -0.00039404520066455007,
        0.47492432594299316,
        0.3158273994922638,
        -0.05635107308626175,
        0.32096463441848755,
        0.017964329570531845,
        -0.07621821016073227,
        -0.05849837884306908,
        0.26480379700660706,
        3.2561431453359546e-06,
        0.4404200315475464,
        -0.0852283388376236,
        -1.6628316643618746e-06,
        -0.18110671639442444,
        -0.34908148646354675,
        0.10423391312360764,
        7.994631232577376e-06,
        3.82318739866605e-06,
        6.456053142755991e-06,
        3.870940872729989e-06,
        2.5444132916163653e-06,
        -2.1836119685758604e-06,
        -0.11194286495447159,
        -0.08111364394426346,
        0.14150719344615936,
        -0.018364645540714264,
        -0.030095959082245827,
        0.04028692841529846,
        -0.009217328391969204,
        -0.023872312158346176,
        0.09203794598579407,
        0.10921972990036011,
        -0.02575618214905262,
        -0.06692817062139511,
        0.24295012652873993,
        -0.6708925366401672,
        -0.4930429756641388,
        0.048221614211797714,
        0.5704748630523682,
        0.6040781140327454,
        -0.16156058013439178,
        -1.7598180770874023,
        0.6917229294776917,
        -0.0789923369884491,
        2.0203304290771484,
        -0.39919039607048035,
        0.015619459562003613,
        -0.4446720778942108,
        -0.0788516104221344,
        -0.11400769650936127,
        0.24734656512737274,
        0.07659386843442917
    ],
    "transl": [
        0.2303059995174408,
        1.5998196601867676,
        -0.14754782617092133
    ],
    "left_hand_pose": [
        -3.4210290908813477,
        0.34231245517730713,
        0.16981197893619537,
        -2.388345718383789,
        -0.6043384075164795,
        0.8180446624755859,
        0.38378670811653137,
        -0.2717244327068329,
        0.36874282360076904,
        0.8544846177101135,
        3.819164514541626,
        -1.2837693691253662
    ],
    "right_hand_pose": [
        -3.1909055709838867,
        1.2648500204086304,
        1.2023377418518066,
        -2.2713570594787598,
        -0.8209766149520874,
        -0.48166337609291077,
        1.9692082405090332,
        -0.7248182892799377,
        -2.779153823852539,
        0.06487060338258743,
        3.933375835418701,
        1.1064507961273193
    ],
    "jaw_pose": [
        -0.013059611432254314,
        -0.0259983092546463,
        0.047974057495594025
    ],
    "leye_pose": [
        -0.03445436432957649,
        0.3059164583683014,
        -0.4968864619731903
    ],
    "reye_pose": [
        -0.3742748200893402,
        0.29520756006240845,
        -0.552513062953949
    ],
    "expression": [
        -0.7194374799728394,
        -0.5832663178443909,
        -0.15352128446102142,
        0.019047707319259644,
        -0.5327961444854736,
        -0.6809985041618347,
        -0.012747145257890224,
        0.5105143189430237,
        -0.18786364793777466,
        0.437516450881958
    ]
}