{
    "betas": [
        0.5202885866165161,
        -0.8042758703231812,
        0.3732692301273346,
        -0.2916596829891205,
        0.14610449969768524,
        -0.0023274088744074106,
        0.9995152950286865,
        -0.37694981694221497,
        0.22182542085647583,
        -1.3128161430358887
    ],
    "global_orient": [
        -0.08256715536117554,
        -0.20726709067821503,
        -0.016231121495366096
    ],
    "body_pose": [
        -0.13647626340389252,
        0.3044295310974121,
        0.14385724067687988,
        -0.1520034521818161,
        -0.2959476113319397,
        -0.07754781097173691,
        0.0943499356508255,
        -0.17495323717594147,
        0.013882276602089405,
        0.32120969891548157,
        0.0003622992953751236,
        0.03283039852976799,
        0.30972424149513245,
        -0.0527140311896801,
        -0.0014529043110087514,
        0.18658936023712158,
        0.03935174643993378,
        -0.06745415925979614,
        0.11756386607885361,
        0.4517552852630615,
        2.45373189500242e-06,
        0.03325579687952995,
        -0.5092540979385376,
        -6.128225322754588e-06,
        -0.07335089147090912,
        0.05302165448665619,
        -0.035609129816293716,
        5.876939212612342e-06,
        3.4755105389194796e-06,
        7.652642125322018e-06,
        1.1788193887696252e-06,
        4.135660674364772e-06,
        -7.79237893766549e-07,
        -0.1866234540939331,
        0.10823255777359009,
        0.011284596286714077,
        -0.12379802763462067,
        -0.16012154519557953,
        0.019229313358664513,
        -0.08832312375307083,
        0.22839349508285522,
        0.1975155770778656,
        -0.08746687322854996,
        0.05983427166938782,
        -0.012654994614422321,
        -0.0951477587223053,
        -0.43148374557495117,
        -0.3921879529953003,
        -0.014661939814686775,
        0.39476296305656433,
        0.31129568815231323,
        -0.19716115295886993,
        -0.38861069083213806,
        -0.20478911697864532,
        0.0711255595088005,
        0.4284321665763855,
        0.0626995638012886,
        0.3009473383426666,
        -0.0348828062415123,
        -0.20119498670101166,
        0.045366086065769196,
        -0.071575827896595,
        0.13172629475593567
    ],
    "transl": [
        -0.35167449712753296,
        1.6138821840286255,
        -0.017091454938054085
    ],
    "left_hand_pose": [
        -2.751178741455078,
        0.5427266359329224,
        -1.5134375095367432,
        -2.403780698776245,
        0.1078932136297226,
        1.5766592025756836,
        -0.3433161973953247,
        -0.4612862765789032,
        -0.9956672191619873,
        -0.7876013517379761,
        1.1822963953018188,
        -4.152427673339844
    ],
    "right_hand_pose": [
        -2.027339458465576,
        1.1788779497146606,
        -1.6688697338104248,
        -2.791276454925537,
        1.4871639013290405,
        2.500746250152588,
        -0.9947690963745117,
        -1.2910534143447876,
        0.5333633422851562,
        -0.3666851818561554,
        2.3625741004943848,
        -2.1224920749664307
    ],
    "jaw_pose": [
        -0.009558805264532566,
        0.00894036516547203,
        -0.020604683086276054
    ],
    "leye_pose": [
        0.2443743348121643,
        -0.14690928161144257,
        -0.3558800518512726
    ],
    "reye_pose": [
        -0.16891707479953766,
        0.08010843396186829,
        -0.02736922912299633
    ],
    "expression": [
        -1.0260599851608276,
        -0.11428198963403702,
        0.2734183371067047,
        0.687044084072113,
        -0.6966034770011902,
        -0.40839648246765137,
        -0.056802984327077866,
        0.34881386160850525,
        -0.2103075534105301,
        0.08029503375291824
    ]
}