{
    "betas": [
        0.5777630805969238,
        -1.064460277557373,
        0.4628463685512543,
        -0.1731647253036499,
        0.06719274073839188,
        0.060204289853572845,
        1.2146875858306885,
        -0.7312541604042053,
        0.21547923982143402,
        -1.451856255531311
    ],
    "global_orient": [
        -0.03965280205011368,
        0.9945068955421448,
        -0.0746774822473526
    ],
    "body_pose": [
        -0.2518067955970764,
        0.21868960559368134,
        0.029525429010391235,
        0.17699767649173737,
        0.18567627668380737,
        -0.023178916424512863,
        0.07713337987661362,
        0.07876303791999817,
        0.06839650124311447,
        0.1789964735507965,
        -0.410396933555603,
        -0.05010325089097023,
        0.3946060240268707,
        0.02583407424390316,
        0.0018051129300147295,
        0.07390812784433365,
        0.13203319907188416,
        -0.02257496677339077,
        0.07071840018033981,
        0.012620781548321247,
        -8.565392590753618e-07,
        0.37743180990219116,
        -0.27509012818336487,
        -1.6170153003258747e-06,
        -0.09615880995988846,
        0.027130678296089172,
        0.029962046071887016,
        6.474590463767527e-06,
        2.372594281041529e-06,
        4.537701897788793e-06,
        1.5970662161635119e-06,
        7.46370119486528e-07,
        1.7287934497289825e-06,
        -0.08760833740234375,
        0.020455248653888702,
        0.004935580305755138,
        -0.2669624388217926,
        -0.447294682264328,
        0.37855130434036255,
        -0.1593199074268341,
        0.5747869610786438,
        0.06976788491010666,
        -0.01640077494084835,
        -0.04907167702913284,
        0.011867455206811428,
        -0.20064350962638855,
        -0.7624305486679077,
        0.13563747704029083,
        -0.2005750685930252,
        0.8226984143257141,
        0.6416083574295044,
        -0.33920586109161377,
        -0.46591535210609436,
        0.10952454060316086,
        0.0581694133579731,
        0.41549742221832275,
        0.04107513651251793,
        0.14117248356342316,
        0.017206359654664993,
        -0.0733647346496582,
        -0.1727312207221985,
        -0.052084535360336304,
        0.1919156312942505
    ],
    "transl": [
        -0.22959882020950317,
        1.621833086013794,
        -0.023050889372825623
    ],
    "left_hand_pose": [
        -2.971027135848999,
        0.42088109254837036,
        -1.7358813285827637,
        -1.953680157661438,
        -0.8291668891906738,
        2.3003783226013184,
        -0.21539799869060516,
        -0.646973192691803,
        -0.38409093022346497,
        -0.0887933298945427,
        1.7522640228271484,
        -3.714639902114868
    ],
    "right_hand_pose": [
        -2.172585964202881,
        1.7493327856063843,
        -0.839931845664978,
        -3.3555963039398193,
        1.959184169769287,
        1.6251360177993774,
        -0.49415212869644165,
        -0.7501199841499329,
        0.9996653199195862,
        -0.05083813518285751,
        2.740701675415039,
        -0.9150936603546143
    ],
    "jaw_pose": [
        0.00569958658888936,
        -0.04339854046702385,
        0.03908696398139
    ],
    "leye_pose": [
        0.36994850635528564,
        0.44115597009658813,
        -0.19758330285549164
    ],
    "reye_pose": [
        -0.4120390713214874,
        0.3468766212463379,
        -0.34946301579475403
    ],
    "expression": [
        -0.6748126149177551,
        -0.7593595385551453,
        -0.10819201171398163,
        0.2544076442718506,
        -0.613243579864502,
        -0.7545962929725647,
        -0.17047901451587677,
        0.676255464553833,
        -0.12147673219442368,
        0.43466123938560486
    ]
}