{
    "betas": [
        0.869527280330658,
        -0.4968962073326111,
        0.9819484353065491,
        -0.15061520040035248,
        0.0950431227684021,
        -0.17168302834033966,
        0.10815536230802536,
        -0.7927879691123962,
        -0.814136803150177,
        -1.8296540975570679
    ],
    "global_orient": [
        -0.22122614085674286,
        1.0961331129074097,
        0.04745814949274063
    ],
    "body_pose": [
        -0.07539941370487213,
        0.3767930865287781,
        -0.026697739958763123,
        -0.2515156865119934,
        0.021251728758215904,
        -0.015911223366856575,
        0.17941662669181824,
        -0.5270159244537354,
        0.01992291584610939,
        0.36632058024406433,
        -0.5088881254196167,
        0.00806429237127304,
        0.9036086797714233,
        0.17030192911624908,
        -0.0749499723315239,
        0.2192847728729248,
        0.08640214055776596,
        -0.19373296201229095,
        -0.11979342997074127,
        0.20546352863311768,
        7.171079232648481e-06,
        0.42626866698265076,
        -0.3892897367477417,
        -7.273190931300633e-06,
        -0.11117706447839737,
        0.21295449137687683,
        0.04282063618302345,
        9.246255103789736e-06,
        4.220680239086505e-06,
        9.118600246438291e-06,
        -7.1636816478815035e-09,
        4.541414909908781e-06,
        -7.384947480204573e-07,
        -0.2313561588525772,
        -0.03752686083316803,
        0.18051669001579285,
        0.02246122434735298,
        0.04434651508927345,
        0.3145041763782501,
        -0.14790035784244537,
        -0.07767266780138016,
        0.013325714506208897,
        0.21492375433444977,
        -0.013935715891420841,
        -0.06409605592489243,
        0.2984597384929657,
        -0.7444815039634705,
        0.050698671489953995,
        0.015002833679318428,
        0.5745596289634705,
        0.24568666517734528,
        -0.08956731855869293,
        -1.8442316055297852,
        0.5037996172904968,
        0.03952180594205856,
        2.0907623767852783,
        0.16468265652656555,
        0.15542244911193848,
        -0.4193214178085327,
        -0.408890962600708,
        -0.04101599007844925,
        0.07442808896303177,
        0.4186609089374542
    ],
    "transl": [
        0.07649697363376617,
        1.602847933769226,
        -0.18736131489276886
    ],
    "left_hand_pose": [
        -3.5636839866638184,
        0.021107198670506477,
        -0.42020466923713684,
        -2.787403106689453,
        0.4444043040275574,
        3.0324201583862305,
        1.116796851158142,
        -2.0930941104888916,
        -3.8255910873413086,
        -1.614126205444336,
        0.32805103063583374,
        -2.882413625717163
    ],
    "right_hand_pose": [
        -2.885680675506592,
        1.2718085050582886,
        0.7267998456954956,
        -2.336890935897827,
        -0.3684498965740204,
        -0.49542707204818726,
        1.7953238487243652,
        -0.23336899280548096,
        -1.7776700258255005,
        0.08597546815872192,
        3.6437461376190186,
        0.6405393481254578
    ],
    "jaw_pose": [
        -0.007073584944009781,
        -0.026838479563593864,
        0.05033741518855095
    ],
    "leye_pose": [
        -0.24713115394115448,
        0.8142583966255188,
        -0.4568651020526886
    ],
    "reye_pose": [
        -0.26876169443130493,
        0.3115955591201782,
        -0.7481574416160583
    ],
    "expression": [
        -0.7026292085647583,
        -0.6946102380752563,
        -0.15372759103775024,
        -0.15424112975597382,
        -0.5432803630828857,
        -0.7455828785896301,
        -0.0535629540681839,
        0.6881082057952881,
        -0.16110096871852875,
        0.41938915848731995
    ]
}