{
    "betas": [
        0.8915342688560486,
        -1.3435280323028564,
        0.38823559880256653,
        -0.2350843995809555,
        0.245106503367424,
        -0.09522499144077301,
        1.179912805557251,
        -0.7311550974845886,
        0.2206680029630661,
        -1.766822099685669
    ],
    "global_orient": [
        -0.019908200949430466,
        1.4968968629837036,
        -0.06995920836925507
    ],
    "body_pose": [
        -0.3191564381122589,
        0.15219461917877197,
        -0.07493782043457031,
        0.26323452591896057,
        0.1885405331850052,
        0.0016118946950882673,
        0.036278605461120605,
        0.06844530999660492,
        0.06399495154619217,
        0.4102906286716461,
        -0.24329940974712372,
        0.029429664835333824,
        0.3653697371482849,
        0.22320447862148285,
        -0.04595344886183739,
        0.08300209790468216,
        0.06541106849908829,
        -0.040609732270240784,
        0.050283078104257584,
        0.02778654359281063,
        5.373660201257735e-07,
        0.6055212616920471,
        0.18708209693431854,
        9.734912964631803e-07,
        -0.07414346933364868,
        0.018242068588733673,
        0.028298789635300636,
        2.3369811970042065e-06,
        1.2908523103760672e-06,
        2.8125491553510074e-06,
        -1.3699326473215478e-06,
        2.341437266295543e-06,
        2.105899966409197e-06,
        -0.02326246164739132,
        -0.068974569439888,
        0.03881930559873581,
        -0.1329532116651535,
        -0.5515269041061401,
        0.0567484088242054,
        -0.2770244777202606,
        0.6214129328727722,
        -0.15730614960193634,
        -0.0716184452176094,
        -0.1172264888882637,
        0.02885863557457924,
        -0.09054221212863922,
        -0.7860173583030701,
        -0.21803809702396393,
        -0.1890801340341568,
        0.9561952352523804,
        -0.1396835893392563,
        -0.10286211222410202,
        -0.3284226655960083,
        -0.1721722036600113,
        -0.10848281532526016,
        0.18289969861507416,
        -0.06478441506624222,
        0.11078596860170364,
        0.0012476053088903427,
        -0.011315707117319107,
        -0.14568670094013214,
        -0.22593636810779572,
        0.03135790675878525
    ],
    "transl": [
        -0.1387501358985901,
        1.5936204195022583,
        -0.02989659085869789
    ],
    "left_hand_pose": [
        -2.924621343612671,
        0.7745784521102905,
        -1.4578250646591187,
        -2.4432055950164795,
        0.0763825997710228,
        1.960794448852539,
        -0.21573901176452637,
        -0.5313858985900879,
        -0.17326970398426056,
        -0.304547518491745,
        1.6134310960769653,
        -2.9412484169006348
    ],
    "right_hand_pose": [
        -2.676678419113159,
        1.3545305728912354,
        -0.20917651057243347,
        -2.937617301940918,
        0.823331356048584,
        1.1872926950454712,
        0.5389740467071533,
        -1.1053005456924438,
        -1.196242332458496,
        -0.8528844714164734,
        1.7680248022079468,
        -1.4498450756072998
    ],
    "jaw_pose": [
        0.013678993098437786,
        -0.0333346351981163,
        0.021687334403395653
    ],
    "leye_pose": [
        0.1880720555782318,
        0.44216400384902954,
        -0.33988675475120544
    ],
    "reye_pose": [
        -0.2685101628303528,
        0.32707712054252625,
        -0.37093353271484375
    ],
    "expression": [
        -0.5607935786247253,
        -0.8378310203552246,
        0.08619314432144165,
        0.1645784229040146,
        -0.44681480526924133,
        -0.7637234330177307,
        -0.1491841971874237,
        0.5908281207084656,
        -0.24039122462272644,
        0.32882899045944214
    ]
}