{
    "betas": [
        0.6551175713539124,
        -0.5381474494934082,
        0.27820006012916565,
        0.15374723076820374,
        0.21767881512641907,
        -0.12222813814878464,
        0.4381704330444336,
        -0.8029252290725708,
        -0.01352895237505436,
        -1.8286117315292358
    ],
    "global_orient": [
        -0.15906649827957153,
        -0.04062794893980026,
        -0.0942644253373146
    ],
    "body_pose": [
        0.008009706623852253,
        0.1672821342945099,
        0.22320416569709778,
        -0.10262249410152435,
        0.06443595886230469,
        -0.005952295381575823,
        -0.0810539573431015,
        -0.1303396373987198,
        0.03298132121562958,
        0.33146414160728455,
        -0.21242210268974304,
        0.016604287549853325,
        0.2353236824274063,
        0.206856369972229,
        -0.0056621963158249855,
        0.1547875851392746,
        -0.06666426360607147,
        -0.04056871682405472,
        -0.08935657143592834,
        0.3313450217247009,
        1.9047579371544998e-06,
        0.13091225922107697,
        -0.12218300253152847,
        -1.4417216789297527e-06,
        -0.017570430412888527,
        -0.0019015008583664894,
        0.028982875868678093,
        6.244897122087423e-06,
        1.0232423619527253e-06,
        5.253687959339004e-06,
        2.232737188023748e-06,
        7.470380296581425e-07,
        -3.2597495192021597e-07,
        0.007411925122141838,
        0.1158837303519249,
        0.011657120659947395,
        -0.2957204282283783,
        -0.21992698311805725,
        0.46761077642440796,
        -0.2477697879076004,
        0.2954109013080597,
        -0.19913055002689362,
        0.07055269926786423,
        -0.04597475379705429,
        0.02087772823870182,
        -0.2067267745733261,
        -0.6545102000236511,
        0.5213274955749512,
        -0.4479176998138428,
        0.3892848789691925,
        -0.25094300508499146,
        -0.5487552285194397,
        -0.5771980881690979,
        0.49456465244293213,
        -0.3998180627822876,
        0.16973429918289185,
        -0.42500534653663635,
        0.14234419167041779,
        -0.05643089860677719,
        0.21517498791217804,
        -0.6059880256652832,
        -0.2538856863975525,
        -0.1243981346487999
    ],
    "transl": [
        -0.1344894915819168,
        1.5897059440612793,
        -0.06424663215875626
    ],
    "left_hand_pose": [
        -3.1531624794006348,
        0.8727200031280518,
        -1.5775930881500244,
        -2.126666307449341,
        -0.5388320684432983,
        2.2741575241088867,
        0.03410934656858444,
        -0.9395895004272461,
        -1.3605951070785522,
        -1.333181619644165,
        1.108036756515503,
        -5.3840131759643555
    ],
    "right_hand_pose": [
        -3.1442155838012695,
        1.2676420211791992,
        -0.28130272030830383,
        -1.9184870719909668,
        -0.9377390742301941,
        1.4417113065719604,
        0.963056206703186,
        -0.963542640209198,
        -1.3710991144180298,
        0.10611795634031296,
        3.6249372959136963,
        -1.1518381834030151
    ],
    "jaw_pose": [
        -0.008161050267517567,
        -0.0004270656208973378,
        -0.009362645447254181
    ],
    "leye_pose": [
        -0.330868124961853,
        0.7562026977539062,
        -0.6798050999641418
    ],
    "reye_pose": [
        -0.42558303475379944,
        0.10989438742399216,
        -0.3620936870574951
    ],
    "expression": [
        -0.7051430344581604,
        0.2108072191476822,
        0.26266101002693176,
        0.5251737236976624,
        -0.4385277330875397,
        -0.28264927864074707,
        -0.03451213240623474,
        0.3336080312728882,
        -0.04992980137467384,
        0.16359470784664154
    ]
}