{
    "betas": [
        0.49232468008995056,
        -0.6505677700042725,
        0.4039631187915802,
        0.20473292469978333,
        0.37214240431785583,
        -0.19452333450317383,
        0.49033936858177185,
        -0.6533864140510559,
        -0.10104250907897949,
        -1.6291605234146118
    ],
    "global_orient": [
        -0.10871285200119019,
        0.3812846541404724,
        -0.01849885657429695
    ],
    "body_pose": [
        -0.15550322830677032,
        0.3494853675365448,
        0.1446966677904129,
        0.007126993499696255,
        0.22447612881660461,
        -0.11069725453853607,
        -0.056503769010305405,
        -0.09871525317430496,
        0.04417349398136139,
        0.36150315403938293,
        -0.5870890021324158,
        0.021196627989411354,
        0.2507129907608032,
        -0.026852356269955635,
        0.030804118141531944,
        0.12409733235836029,
        0.1570483297109604,
        -0.1021227091550827,
        -0.08529352396726608,
        0.1656816303730011,
        2.201673169111018e-06,
        0.04091387242078781,
        -0.4912431240081787,
        -3.6915782857249724e-06,
        -0.08398667722940445,
        -0.018765199929475784,
        0.011194992810487747,
        7.820938662916888e-06,
        4.605969479598571e-06,
        4.919292678096099e-06,
        1.2136075611124397e-06,
        9.297002065977722e-07,
        -9.060333354682371e-07,
        -0.05699964985251427,
        0.04725289344787598,
        0.04664183408021927,
        -0.300473690032959,
        -0.20145447552204132,
        0.5283753275871277,
        -0.28748443722724915,
        0.24167853593826294,
        -0.3168994188308716,
        -0.03970101848244667,
        -0.1351790875196457,
        -0.02717714197933674,
        -0.17194075882434845,
        -0.38526856899261475,
        0.6477248668670654,
        -0.3231773376464844,
        0.466997355222702,
        -0.48663339018821716,
        -0.41899770498275757,
        -0.4289211332798004,
        0.2503664493560791,
        -0.3835546374320984,
        0.3707174062728882,
        -0.7234954833984375,
        0.10348664224147797,
        0.12970943748950958,
        -0.025966892018914223,
        -0.7788494229316711,
        -0.09974761307239532,
        -0.23041671514511108
    ],
    "transl": [
        -0.09600407630205154,
        1.5941442251205444,
        -0.046026285737752914
    ],
    "left_hand_pose": [
        -3.181605577468872,
        0.14879170060157776,
        -2.236124277114868,
        -1.660096287727356,
        -1.2662547826766968,
        2.965087652206421,
        -1.1696383953094482,
        -0.40129536390304565,
        0.48188701272010803,
        -0.1473926305770874,
        2.257370948791504,
        -5.831888675689697
    ],
    "right_hand_pose": [
        -3.389786720275879,
        1.269370436668396,
        0.33264613151550293,
        -1.7533284425735474,
        -1.1848500967025757,
        1.5737583637237549,
        0.27677276730537415,
        -0.8350430727005005,
        -0.4675693213939667,
        0.8689539432525635,
        4.753179550170898,
        -0.5906128883361816
    ],
    "jaw_pose": [
        0.012577271088957787,
        -0.020089885219931602,
        0.04516562819480896
    ],
    "leye_pose": [
        0.00592040317133069,
        1.0388612747192383,
        -0.1208571195602417
    ],
    "reye_pose": [
        -0.4393898844718933,
        0.27814143896102905,
        -0.3583986759185791
    ],
    "expression": [
        -1.0879911184310913,
        -0.6726998090744019,
        0.195954367518425,
        0.35146287083625793,
        -0.4403620660305023,
        -0.725174605846405,
        -0.1449391096830368,
        0.7305548191070557,
        0.04508460313081741,
        0.15779460966587067
    ]
}