{
    "betas": [
        0.9822888970375061,
        -0.9340915083885193,
        0.815753698348999,
        -0.23997224867343903,
        0.05891764909029007,
        -0.048506077378988266,
        0.1670721173286438,
        -1.4842596054077148,
        -0.6447592973709106,
        -1.976948857307434
    ],
    "global_orient": [
        -0.1717461496591568,
        0.1573476642370224,
        -0.05604240298271179
    ],
    "body_pose": [
        -0.15364348888397217,
        0.38784193992614746,
        0.2636845111846924,
        -0.05778836831450462,
        0.13337889313697815,
        -0.1604568064212799,
        0.005529316142201424,
        -0.14347901940345764,
        0.032944709062576294,
        0.4938238263130188,
        0.035584818571805954,
        -0.03332725912332535,
        0.2437204122543335,
        0.1018681451678276,
        0.04001890867948532,
        0.16330522298812866,
        -0.016685111448168755,
        -0.05923839658498764,
        -0.09255808591842651,
        0.31436434388160706,
        1.92242532648379e-06,
        0.22931547462940216,
        -0.07511699199676514,
        6.011440518705058e-07,
        -0.031345486640930176,
        0.024422544986009598,
        0.023129621520638466,
        4.999147677153815e-06,
        -2.0155600850557676e-06,
        4.518260993791046e-06,
        -7.912771593510115e-08,
        4.3956388253718615e-06,
        1.2556546380437794e-06,
        -0.06140993908047676,
        0.07302170991897583,
        0.04389985650777817,
        -0.22754164040088654,
        -0.11341903358697891,
        0.35578063130378723,
        -0.1877070963382721,
        0.012298652902245522,
        -0.11633267253637314,
        0.08776635676622391,
        -0.07530789077281952,
        0.011270811781287193,
        -0.08033382892608643,
        -0.5689366459846497,
        0.2356995940208435,
        -0.20606476068496704,
        0.5560536980628967,
        -0.11020679771900177,
        -0.34761106967926025,
        -0.9221278429031372,
        0.9271633625030518,
        -0.2301969975233078,
        1.2092974185943604,
        -1.1672769784927368,
        -0.17374570667743683,
        -0.23715434968471527,
        0.22927707433700562,
        -0.565765380859375,
        -0.04223606735467911,
        0.037800319492816925
    ],
    "transl": [
        -0.06369273364543915,
        1.5850824117660522,
        -0.10669820755720139
    ],
    "left_hand_pose": [
        -3.5907275676727295,
        0.5252364873886108,
        -1.6353363990783691,
        -1.768172264099121,
        -1.359054684638977,
        3.2062923908233643,
        -0.32768937945365906,
        -0.8309088349342346,
        0.15205305814743042,
        0.32174554467201233,
        1.956140398979187,
        -3.7887890338897705
    ],
    "right_hand_pose": [
        -3.1166837215423584,
        1.1721035242080688,
        0.6333441138267517,
        -1.662218689918518,
        -1.1240031719207764,
        0.28546959161758423,
        1.5708484649658203,
        -0.8606347441673279,
        -2.1989479064941406,
        0.5706008672714233,
        4.619115352630615,
        0.8942455649375916
    ],
    "jaw_pose": [
        -0.010046486742794514,
        -0.008445978164672852,
        0.013066981919109821
    ],
    "leye_pose": [
        -0.5161517262458801,
        0.5640934109687805,
        -0.11326690763235092
    ],
    "reye_pose": [
        -0.46672433614730835,
        0.16468118131160736,
        -0.46329718828201294
    ],
    "expression": [
        -0.8103000521659851,
        0.34287571907043457,
        0.4058161675930023,
        0.3223251402378082,
        -0.45689788460731506,
        -0.27948111295700073,
        -0.07709824293851852,
        0.5193108320236206,
        0.03712998330593109,
        0.08067302405834198
    ]
}