{
    "betas": [
        0.6540821194648743,
        -1.1320347785949707,
        0.3802509605884552,
        -0.7522866725921631,
        -0.1491050124168396,
        0.14440703392028809,
        1.0076627731323242,
        -0.2614080011844635,
        0.3506357967853546,
        -1.4887977838516235
    ],
    "global_orient": [
        -0.07391835749149323,
        0.8671414256095886,
        -0.06037304922938347
    ],
    "body_pose": [
        -0.20908156037330627,
        0.172702819108963,
        0.01609140634536743,
        -0.02764006331562996,
        -0.05759059265255928,
        -0.06936020404100418,
        0.11690367758274078,
        -0.014622045680880547,
        0.04559318721294403,
        0.3495962917804718,
        0.07018183171749115,
        -0.013041647151112556,
        0.4465080201625824,
        -0.006452339235693216,
        0.03180226683616638,
        0.139885812997818,
        -0.017979327589273453,
        -0.008637340739369392,
        -0.068673275411129,
        0.2645234763622284,
        6.0401503105822485e-06,
        0.021523643285036087,
        -0.10581188648939133,
        -2.500346226952388e-06,
        -0.10855729877948761,
        -0.055846430361270905,
        0.009599216282367706,
        5.442459496407537e-06,
        2.2202686977834674e-06,
        6.898244464537129e-06,
        6.232772875591763e-07,
        2.015141717492952e-06,
        1.19891058147914e-06,
        -0.10026830434799194,
        -0.05250318720936775,
        0.036400724202394485,
        -0.008546503260731697,
        -0.19551968574523926,
        -0.24212999641895294,
        -0.2978690266609192,
        0.636725127696991,
        0.1269683837890625,
        -0.03251936659216881,
        -0.08141922950744629,
        0.07236618548631668,
        -0.0011955226073041558,
        -0.31722190976142883,
        -0.8745410442352295,
        -0.15537403523921967,
        1.245286226272583,
        0.45531049370765686,
        0.0905400887131691,
        -0.37240421772003174,
        -0.3771781325340271,
        0.0036117886193096638,
        0.6403773427009583,
        0.009205400943756104,
        0.3175816833972931,
        -0.0691542848944664,
        -0.04981815814971924,
        -0.18798865377902985,
        -0.02360113151371479,
        0.0717797726392746
    ],
    "transl": [
        -0.1492992639541626,
        1.6094934940338135,
        -0.030895696952939034
    ],
    "left_hand_pose": [
        -2.804285764694214,
        0.8485081195831299,
        -1.571471929550171,
        -2.7842681407928467,
        0.9650527238845825,
        1.1008650064468384,
        -0.7987152934074402,
        -0.3435051739215851,
        -0.2611612379550934,
        -0.8724687099456787,
        1.5045734643936157,
        -3.5717613697052
    ],
    "right_hand_pose": [
        -2.800952434539795,
        1.264108657836914,
        -0.8558451533317566,
        -2.313507080078125,
        -0.12983092665672302,
        2.3696272373199463,
        0.69232177734375,
        -1.0369902849197388,
        -0.7251081466674805,
        -0.8821452260017395,
        1.8717119693756104,
        -2.875640392303467
    ],
    "jaw_pose": [
        0.013075252994894981,
        -0.035621870309114456,
        0.03206103295087814
    ],
    "leye_pose": [
        0.19628477096557617,
        0.5701714754104614,
        -0.40894293785095215
    ],
    "reye_pose": [
        -0.22569113969802856,
        0.4180172383785248,
        -0.4553629159927368
    ],
    "expression": [
        -0.5867108106613159,
        -0.7929519414901733,
        -0.01287518534809351,
        0.21999713778495789,
        -0.593286395072937,
        -0.8561800718307495,
        -0.1506900042295456,
        0.6457564234733582,
        -0.14261651039123535,
        0.42349913716316223
    ]
}