{
    "betas": [
        0.5873339176177979,
        -0.7008020877838135,
        0.22408095002174377,
        0.07173829525709152,
        0.27780723571777344,
        -0.00850323773920536,
        0.5077706575393677,
        -0.5614672303199768,
        0.14584983885288239,
        -1.5518388748168945
    ],
    "global_orient": [
        -0.2087704986333847,
        0.08733419328927994,
        -0.03522496297955513
    ],
    "body_pose": [
        0.014924563467502594,
        0.12191017717123032,
        0.19387519359588623,
        -0.04839618131518364,
        0.046144038438797,
        -0.06548289954662323,
        -0.027186304330825806,
        -0.08617627620697021,
        -0.00260862591676414,
        0.36462292075157166,
        -0.2795139253139496,
        -0.0034139917697757483,
        0.28517279028892517,
        0.18420562148094177,
        0.02037988416850567,
        0.21167334914207458,
        -0.04587765038013458,
        0.005124266725033522,
        -0.017926834523677826,
        0.47340112924575806,
        2.467004378559068e-06,
        0.06034201383590698,
        -0.2032424360513687,
        -2.9278796773724025e-06,
        -0.09219759702682495,
        -0.010972196236252785,
        0.05395280197262764,
        8.581533620599657e-06,
        3.0533610697602853e-06,
        5.8494051700108685e-06,
        3.5962934816780034e-06,
        1.6947462881944375e-06,
        8.312019872391829e-08,
        -0.007573320996016264,
        0.02030549943447113,
        0.06729180365800858,
        -0.22596317529678345,
        -0.36585742235183716,
        0.4056018590927124,
        -0.2856259047985077,
        0.42837342619895935,
        -0.28261393308639526,
        0.01902936026453972,
        -0.0684637799859047,
        -0.02922789566218853,
        -0.08990252017974854,
        -0.7787251472473145,
        0.22408133745193481,
        -0.2662257254123688,
        0.8526337146759033,
        -0.17160168290138245,
        -0.25689247250556946,
        -0.3592831790447235,
        0.14798784255981445,
        -0.2167596071958542,
        0.3037806451320648,
        -0.07096318900585175,
        0.25357598066329956,
        0.11500047147274017,
        -0.05796521157026291,
        -0.3337292969226837,
        -0.18908561766147614,
        0.1322813183069229
    ],
    "transl": [
        -0.144708052277565,
        1.5907422304153442,
        -0.0685538798570633
    ],
    "left_hand_pose": [
        -3.020570755004883,
        1.006252646446228,
        -1.024236798286438,
        -2.790844202041626,
        0.13624389469623566,
        2.0194029808044434,
        0.4098372757434845,
        -1.0033767223358154,
        -0.7208809852600098,
        -0.6264805793762207,
        1.2839282751083374,
        -2.7638378143310547
    ],
    "right_hand_pose": [
        -2.963608503341675,
        1.3349395990371704,
        0.7925837635993958,
        -2.414750814437866,
        -0.6764675378799438,
        -0.5485618710517883,
        2.395735025405884,
        -0.6318025588989258,
        -3.397252321243286,
        -0.6801238656044006,
        2.9333953857421875,
        -0.056601740419864655
    ],
    "jaw_pose": [
        -0.019659584388136864,
        0.006328714080154896,
        -0.0052182781510055065
    ],
    "leye_pose": [
        -0.0607772171497345,
        -0.15454046428203583,
        -0.631263792514801
    ],
    "reye_pose": [
        -0.356009840965271,
        0.05142103508114815,
        -0.40561234951019287
    ],
    "expression": [
        -0.851536214351654,
        0.30154573917388916,
        0.5364103317260742,
        0.7203953862190247,
        -0.6611615419387817,
        -0.394144207239151,
        0.00491225253790617,
        0.34912553429603577,
        0.01703444868326187,
        0.33109790086746216
    ]
}