{
    "betas": [
        0.863666832447052,
        -1.1896090507507324,
        0.4191915988922119,
        -0.2840215563774109,
        0.1930479109287262,
        0.009783762507140636,
        1.2665551900863647,
        -0.6178449988365173,
        0.21094244718551636,
        -2.1115875244140625
    ],
    "global_orient": [
        -0.03735322505235672,
        1.5369675159454346,
        -0.09526397287845612
    ],
    "body_pose": [
        -0.2971803545951843,
        0.09224502742290497,
        -0.06584812700748444,
        0.26265156269073486,
        0.15550033748149872,
        0.039293862879276276,
        0.04855828732252121,
        0.019874759018421173,
        0.10902601480484009,
        0.3489559292793274,
        -0.2819824814796448,
        0.0437755361199379,
        0.33675602078437805,
        0.22662809491157532,
        -0.03658818081021309,
        0.0763695016503334,
        0.10769559442996979,
        -0.0762869343161583,
        0.08748265355825424,
        0.05014942213892937,
        9.357409567201103e-07,
        0.7058593034744263,
        0.17525601387023926,
        1.7815438013712992e-06,
        -0.06625225394964218,
        -0.01785384863615036,
        0.04569607228040695,
        4.280917437426979e-06,
        1.785383460628509e-06,
        3.8303560359054245e-06,
        -5.647211764880922e-07,
        2.9736454507656163e-06,
        1.9679407614603406e-06,
        -0.058470290154218674,
        -0.05987082049250603,
        0.042412035167217255,
        -0.2173396199941635,
        -0.5339317917823792,
        0.23809511959552765,
        -0.15348948538303375,
        0.6277274489402771,
        -0.019357694312930107,
        -0.022428754717111588,
        -0.10745013505220413,
        0.024120749905705452,
        -0.1386132687330246,
        -0.8192691206932068,
        0.04624855890870094,
        -0.13958875834941864,
        0.7930597066879272,
        0.0817047655582428,
        -0.15214736759662628,
        -0.3892616033554077,
        -0.09243735671043396,
        -0.05656316503882408,
        0.41900449991226196,
        0.01651763916015625,
        -0.004868425894528627,
        -0.011855503544211388,
        0.015574321150779724,
        -0.16236600279808044,
        -0.15532739460468292,
        0.09239769726991653
    ],
    "transl": [
        -0.1422605812549591,
        1.6018903255462646,
        -0.03478318825364113
    ],
    "left_hand_pose": [
        -2.992017984390259,
        0.6274957060813904,
        -1.5967861413955688,
        -2.3013906478881836,
        -0.27497634291648865,
        2.2378807067871094,
        -0.16101020574569702,
        -0.8788118958473206,
        -0.35222625732421875,
        -0.26843079924583435,
        1.4895875453948975,
        -3.222877264022827
    ],
    "right_hand_pose": [
        -2.663393974304199,
        1.2940714359283447,
        -0.6744850277900696,
        -2.8290798664093018,
        0.5418727993965149,
        0.799796462059021,
        0.2781184911727905,
        -0.5919269919395447,
        -1.1597142219543457,
        -1.0870693922042847,
        1.8996624946594238,
        -2.6971096992492676
    ],
    "jaw_pose": [
        0.016197076067328453,
        -0.044909484684467316,
        0.03907953202724457
    ],
    "leye_pose": [
        0.2100026160478592,
        0.5937883257865906,
        -0.22109274566173553
    ],
    "reye_pose": [
        -0.22246167063713074,
        0.25952696800231934,
        -0.30329030752182007
    ],
    "expression": [
        -0.5359036326408386,
        -0.9977658987045288,
        0.0036197996232658625,
        0.056200362741947174,
        -0.5258307456970215,
        -0.7673400640487671,
        -0.1554231494665146,
        0.6531676054000854,
        -0.19995009899139404,
        0.43859586119651794
    ]
}