{
    "betas": [
        0.616255521774292,
        -0.8147953748703003,
        0.6926834583282471,
        -0.9845794439315796,
        -0.20824287831783295,
        -0.024175431579351425,
        -0.011448375880718231,
        -0.44246065616607666,
        -0.15973632037639618,
        -1.7250640392303467
    ],
    "global_orient": [
        -0.11507333815097809,
        -0.24085374176502228,
        -0.1019144132733345
    ],
    "body_pose": [
        -0.05031397566199303,
        0.15720151364803314,
        0.2507125735282898,
        -0.012603344395756721,
        0.06219218671321869,
        -0.12738540768623352,
        0.13851860165596008,
        -0.13290730118751526,
        0.0018378449603915215,
        0.47130534052848816,
        0.09124936163425446,
        -0.011905163526535034,
        0.19729205965995789,
        0.058388106524944305,
        0.04361473396420479,
        0.2043793499469757,
        -0.01686190627515316,
        -0.044945016503334045,
        0.10411220043897629,
        0.5625786185264587,
        3.992939127783757e-06,
        0.4398947060108185,
        -0.3871266841888428,
        -6.143885457277065e-06,
        -0.13183189928531647,
        0.010940593667328358,
        0.03442143648862839,
        7.592095698782941e-06,
        3.994004600826884e-06,
        7.739736247458495e-06,
        4.597136467054952e-06,
        1.5171259519775049e-06,
        1.5707015563748428e-06,
        -0.25688666105270386,
        0.06857544928789139,
        0.06121322140097618,
        0.029759464785456657,
        -0.07563424855470657,
        -0.019620193168520927,
        0.027218276634812355,
        -0.032756172120571136,
        0.13035699725151062,
        0.033348213881254196,
        0.08438902348279953,
        -0.08740270137786865,
        0.2516935169696808,
        -0.5979411602020264,
        -0.7344741821289062,
        -0.03684720769524574,
        0.38464459776878357,
        0.5952140688896179,
        -0.014032124541699886,
        -1.5453201532363892,
        -0.0621274933218956,
        -0.05024295672774315,
        1.842394232749939,
        0.0934140756726265,
        0.4358283281326294,
        -0.29691845178604126,
        -0.02704484574496746,
        -0.10004555433988571,
        0.0005289061809889972,
        0.3012019097805023
    ],
    "transl": [
        -0.033423177897930145,
        1.6320806741714478,
        0.04699772223830223
    ],
    "left_hand_pose": [
        -3.3270606994628906,
        0.8348286747932434,
        -0.6013192534446716,
        -2.885510206222534,
        -0.019268056377768517,
        1.8396971225738525,
        0.9182413816452026,
        -0.9406405687332153,
        -0.6840071678161621,
        -0.27275410294532776,
        2.1376543045043945,
        -1.406006932258606
    ],
    "right_hand_pose": [
        -2.878131866455078,
        0.7982403635978699,
        0.39929232001304626,
        -2.1639046669006348,
        -0.3139458894729614,
        0.5189749002456665,
        1.3463002443313599,
        -0.6057175397872925,
        -1.4929629564285278,
        0.33380892872810364,
        3.2225189208984375,
        1.039998173713684
    ],
    "jaw_pose": [
        -0.014666542410850525,
        0.015991924330592155,
        -0.021102385595440865
    ],
    "leye_pose": [
        -0.0016022789059206843,
        -0.2080986350774765,
        -1.4532188177108765
    ],
    "reye_pose": [
        -0.33188197016716003,
        -0.07048139721155167,
        -0.11166198551654816
    ],
    "expression": [
        -0.7790977358818054,
        -0.08922301977872849,
        0.15051037073135376,
        0.44169482588768005,
        -0.6809672117233276,
        -0.43628638982772827,
        -0.04844461381435394,
        0.39998844265937805,
        -0.24657690525054932,
        0.14949968457221985
    ]
}