{
    "betas": [
        0.8946654796600342,
        -0.6244597434997559,
        1.0223947763442993,
        -0.2193068563938141,
        0.025586992502212524,
        -0.11515568196773529,
        -0.01497647538781166,
        -0.9898555278778076,
        -0.5942685604095459,
        -1.8878602981567383
    ],
    "global_orient": [
        -0.24241024255752563,
        0.8928350806236267,
        0.04193525016307831
    ],
    "body_pose": [
        -0.11884506046772003,
        0.33330994844436646,
        -0.02275126613676548,
        -0.1447424292564392,
        0.027947064489126205,
        -0.06183397024869919,
        0.16145958006381989,
        -0.5097400546073914,
        -0.044587574899196625,
        0.4592103660106659,
        -0.45119819045066833,
        0.017474491149187088,
        0.8240851759910583,
        0.14259648323059082,
        -0.17472808063030243,
        0.2823743224143982,
        0.20575900375843048,
        -0.09503882378339767,
        -0.09795131534337997,
        0.2268201857805252,
        5.206120476941578e-06,
        0.5602836012840271,
        -0.3306402266025543,
        -5.234554919297807e-06,
        -0.06900110095739365,
        0.17138032615184784,
        0.0186532624065876,
        8.718401659280062e-06,
        3.773539447138319e-06,
        7.712243132118601e-06,
        4.789034946384163e-08,
        2.9365260161284823e-06,
        -4.7119738155743107e-07,
        -0.29649555683135986,
        -0.03701227530837059,
        0.11562071740627289,
        -0.03847159445285797,
        -0.010119851678609848,
        0.1823829561471939,
        -0.13526464998722076,
        -0.08144384622573853,
        0.04160468652844429,
        0.20113056898117065,
        -0.006270272191613913,
        -0.041208527982234955,
        0.29024964570999146,
        -0.7771630883216858,
        -0.0897439494729042,
        -0.005467520095407963,
        0.5176572799682617,
        0.3754498362541199,
        -0.07607848197221756,
        -1.801794409751892,
        0.5424203276634216,
        0.07994828373193741,
        2.048109292984009,
        0.11149773746728897,
        0.09908079355955124,
        -0.35971254110336304,
        -0.2981509268283844,
        0.033772967755794525,
        0.06325378268957138,
        0.3996989130973816
    ],
    "transl": [
        0.05371864512562752,
        1.5900237560272217,
        -0.17940044403076172
    ],
    "left_hand_pose": [
        -3.428830862045288,
        0.4800373911857605,
        -0.6126355528831482,
        -2.0629286766052246,
        -0.9734368324279785,
        1.3246313333511353,
        1.048006534576416,
        -0.17349445819854736,
        -0.9522611498832703,
        0.3574203848838806,
        2.575364351272583,
        -1.3316315412521362
    ],
    "right_hand_pose": [
        -2.8474934101104736,
        1.297805666923523,
        0.4215652048587799,
        -2.483640193939209,
        -0.29843103885650635,
        -0.20544596016407013,
        1.983077883720398,
        -0.19011226296424866,
        -1.8976521492004395,
        -0.40371114015579224,
        3.161863327026367,
        0.7474477887153625
    ],
    "jaw_pose": [
        -0.0022568991407752037,
        -0.019302301108837128,
        0.04751798138022423
    ],
    "leye_pose": [
        -0.12469741702079773,
        0.6061641573905945,
        -0.5394085049629211
    ],
    "reye_pose": [
        -0.2883952558040619,
        0.28160810470581055,
        -0.722971498966217
    ],
    "expression": [
        -0.8036205172538757,
        -0.6498735547065735,
        0.03814111277461052,
        -0.036867398768663406,
        -0.48584771156311035,
        -0.6871710419654846,
        -0.09184233099222183,
        0.5923476815223694,
        -0.21967066824436188,
        0.3327150344848633
    ]
}