{
    "betas": [
        0.8201274275779724,
        -0.8117220401763916,
        0.5894259810447693,
        -0.09914030134677887,
        0.06513535231351852,
        -0.08118260651826859,
        0.13105908036231995,
        -0.8030608296394348,
        -0.3064955472946167,
        -1.8709510564804077
    ],
    "global_orient": [
        -0.16260850429534912,
        0.09304019808769226,
        -0.056593939661979675
    ],
    "body_pose": [
        -0.12705017626285553,
        0.29097315669059753,
        0.1990998387336731,
        -0.1271703541278839,
        -0.10400298982858658,
        -0.10916657000780106,
        -0.03905583918094635,
        -0.18900711834430695,
        0.0036350202281028032,
        0.4640887677669525,
        -0.07164368033409119,
        0.038430385291576385,
        0.2608439028263092,
        0.2272776961326599,
        -0.025785235688090324,
        0.18034721910953522,
        -0.03578423336148262,
        -0.05207357183098793,
        -0.12483669072389603,
        0.29482501745224,
        3.764625262192567e-06,
        0.2041909247636795,
        -0.0027715510223060846,
        2.109036216779714e-07,
        -0.04934532195329666,
        0.061149101704359055,
        0.02876024879515171,
        6.1655287026951555e-06,
        1.7835006929090014e-06,
        5.7978927543445025e-06,
        1.387451334267098e-06,
        2.6261552648065845e-06,
        3.346216317368089e-07,
        -0.004459706135094166,
        0.0988108441233635,
        0.052002813667058945,
        -0.281513512134552,
        -0.22680604457855225,
        0.40784135460853577,
        -0.2828284502029419,
        0.14480385184288025,
        -0.14584463834762573,
        0.0747123658657074,
        -0.08580067753791809,
        0.0015109613304957747,
        -0.1888161599636078,
        -0.5589280128479004,
        0.3663986027240753,
        -0.32903018593788147,
        0.49057918787002563,
        -0.1705571562051773,
        -0.4310595691204071,
        -0.6503105163574219,
        0.8097429275512695,
        -0.2839750051498413,
        0.7863308191299438,
        -0.9638527035713196,
        -0.20804449915885925,
        -0.12502695620059967,
        0.2403940111398697,
        -0.610667884349823,
        -0.0887015238404274,
        0.009470910765230656
    ],
    "transl": [
        -0.09257878363132477,
        1.5867559909820557,
        -0.08964098989963531
    ],
    "left_hand_pose": [
        -3.398094654083252,
        0.6930401921272278,
        -1.6329503059387207,
        -1.8425439596176147,
        -1.084199070930481,
        2.7920055389404297,
        -0.49209704995155334,
        -0.8195416927337646,
        -0.6301364898681641,
        -0.45290374755859375,
        1.8246726989746094,
        -4.59475564956665
    ],
    "right_hand_pose": [
        -3.077305793762207,
        1.3990894556045532,
        0.5621699690818787,
        -1.8254278898239136,
        -0.9084222316741943,
        0.6316640973091125,
        1.3634276390075684,
        -0.9193357229232788,
        -2.138981819152832,
        0.39077484607696533,
        4.470311641693115,
        0.6799264550209045
    ],
    "jaw_pose": [
        -0.007971599698066711,
        -0.008368284441530704,
        -0.00044529925798997283
    ],
    "leye_pose": [
        -0.30377396941185,
        0.3229386508464813,
        -0.3047104477882385
    ],
    "reye_pose": [
        -0.5790671110153198,
        -0.02811475656926632,
        -0.27077293395996094
    ],
    "expression": [
        -0.7961603999137878,
        0.20598836243152618,
        0.5122222304344177,
        0.5050726532936096,
        -0.5428659319877625,
        -0.3726688623428345,
        0.024749599397182465,
        0.3636491298675537,
        0.011136718094348907,
        0.23012040555477142
    ]
}