{
    "betas": [
        1.117730975151062,
        -0.957120954990387,
        1.1278852224349976,
        -0.41003888845443726,
        -0.22465749084949493,
        -0.062499403953552246,
        0.14188501238822937,
        -0.7542800903320312,
        -0.08319023251533508,
        -1.9560284614562988
    ],
    "global_orient": [
        -0.16988736391067505,
        -0.9101730585098267,
        -0.18302199244499207
    ],
    "body_pose": [
        -0.17921556532382965,
        0.29377251863479614,
        0.011672520078718662,
        -0.1685851365327835,
        0.0020884734112769365,
        0.14810074865818024,
        0.11442018300294876,
        -0.15428385138511658,
        0.014993400312960148,
        0.7239129543304443,
        -0.09117434173822403,
        0.06410209089517593,
        0.5440707206726074,
        0.3227352797985077,
        -0.03237239643931389,
        0.2846594452857971,
        -0.12258375436067581,
        -0.10125218331813812,
        -0.09947610646486282,
        0.22314618527889252,
        1.837394961512473e-06,
        0.1530349999666214,
        -0.19708384573459625,
        -6.976480108278338e-06,
        -0.04393899440765381,
        -0.0010560384253039956,
        0.12782680988311768,
        4.743177214550087e-06,
        2.7986220629827585e-06,
        7.311675744858803e-06,
        2.784187245197245e-06,
        2.4549663066864014e-06,
        -1.0644470194165478e-06,
        -0.25626039505004883,
        0.11395490914583206,
        0.1584043949842453,
        -0.09757516533136368,
        -0.14063920080661774,
        -0.014718177728354931,
        -0.13861083984375,
        0.1394645869731903,
        0.21547725796699524,
        0.04969531670212746,
        -0.03472324460744858,
        -0.1461959183216095,
        0.053182460367679596,
        -0.6252607107162476,
        -0.7321335077285767,
        -0.06316953152418137,
        0.6075127124786377,
        0.7702757716178894,
        -0.1311347484588623,
        -1.7284572124481201,
        0.8948465585708618,
        -0.07676438987255096,
        2.0035240650177,
        -0.7745876312255859,
        -0.10184576362371445,
        -0.4345059096813202,
        0.22196975350379944,
        -0.4417135715484619,
        0.21031798422336578,
        -0.15337562561035156
    ],
    "transl": [
        -0.1874040961265564,
        1.5655779838562012,
        0.016529778018593788
    ],
    "left_hand_pose": [
        -3.481637716293335,
        0.7612265944480896,
        -0.6785487532615662,
        -2.0346486568450928,
        -1.429161548614502,
        1.8934509754180908,
        0.8513314723968506,
        -0.12291529774665833,
        1.1582071781158447,
        1.1065088510513306,
        3.847264289855957,
        -1.378011703491211
    ],
    "right_hand_pose": [
        -2.9950900077819824,
        1.6228692531585693,
        1.432337760925293,
        -2.3345611095428467,
        -0.48736754059791565,
        -0.9235382676124573,
        2.1943604946136475,
        -0.7067651748657227,
        -3.715121269226074,
        -0.21599575877189636,
        3.6691670417785645,
        1.4463154077529907
    ],
    "jaw_pose": [
        -0.006137907039374113,
        0.04011823982000351,
        -0.03473822399973869
    ],
    "leye_pose": [
        0.029363179579377174,
        -0.21721044182777405,
        -1.461366891860962
    ],
    "reye_pose": [
        -0.09116850048303604,
        -0.077220119535923,
        -0.19530467689037323
    ],
    "expression": [
        -0.8085563778877258,
        -0.626197099685669,
        0.1235264390707016,
        0.23894330859184265,
        -0.5743561387062073,
        -0.8048173785209656,
        -0.11212348937988281,
        0.6407329440116882,
        -0.16902108490467072,
        0.3737095892429352
    ]
}