{
    "betas": [
        0.6205520629882812,
        -1.2348874807357788,
        0.37736794352531433,
        -0.379075288772583,
        0.09837529808282852,
        -0.0053598955273628235,
        0.9377720952033997,
        -0.659326434135437,
        0.19132770597934723,
        -1.5548334121704102
    ],
    "global_orient": [
        -0.01096406765282154,
        1.362882375717163,
        -0.08549239486455917
    ],
    "body_pose": [
        -0.3281020224094391,
        0.2115451842546463,
        -0.01764066517353058,
        0.2429967075586319,
        0.17928269505500793,
        -0.03812628611922264,
        0.07199832051992416,
        0.06959296017885208,
        0.07505138963460922,
        0.2669217884540558,
        -0.24173663556575775,
        -0.016789209097623825,
        0.2947902977466583,
        0.1280762255191803,
        0.008434921503067017,
        0.08567963540554047,
        0.06823119521141052,
        -0.022518571466207504,
        0.12562434375286102,
        0.057149045169353485,
        1.0560997907305136e-06,
        0.41211387515068054,
        0.02214091271162033,
        -2.4083445282485627e-07,
        -0.16126014292240143,
        0.03917229175567627,
        -0.029849553480744362,
        5.125718871568097e-06,
        2.3553800474473974e-06,
        4.609617462847382e-06,
        6.431324663935811e-07,
        1.975271516130306e-06,
        2.659333631527261e-06,
        -0.048594776540994644,
        -0.0334027037024498,
        0.04479103535413742,
        -0.20196716487407684,
        -0.48397722840309143,
        0.14006133377552032,
        -0.2458684891462326,
        0.5638814568519592,
        -0.19285304844379425,
        -0.05269718915224075,
        -0.06718281656503677,
        -0.018414072692394257,
        -0.13306988775730133,
        -0.7975184917449951,
        -0.2739482820034027,
        -0.1955287754535675,
        0.818011999130249,
        -0.16521699726581573,
        -0.1578972488641739,
        -0.47221219539642334,
        -0.017523467540740967,
        -0.1430341899394989,
        0.45422935485839844,
        -0.0869346484541893,
        0.12032850086688995,
        0.05820527672767639,
        -0.13089755177497864,
        -0.31603166460990906,
        0.0292306300252676,
        -0.03278166800737381
    ],
    "transl": [
        -0.19871914386749268,
        1.6153134107589722,
        -0.02635250799357891
    ],
    "left_hand_pose": [
        -2.8465585708618164,
        0.5243160724639893,
        -1.663590908050537,
        -2.146378755569458,
        -0.4507492184638977,
        2.3708906173706055,
        -0.24081747233867645,
        -0.5722688436508179,
        0.08547835797071457,
        -0.10210645198822021,
        1.822440266609192,
        -3.5505285263061523
    ],
    "right_hand_pose": [
        -2.6025290489196777,
        1.2048479318618774,
        -0.9118964076042175,
        -2.4720723628997803,
        0.2003643959760666,
        1.538865089416504,
        0.25285378098487854,
        -1.0599281787872314,
        -1.1990371942520142,
        -0.8338881134986877,
        2.053900718688965,
        -2.587217092514038
    ],
    "jaw_pose": [
        0.0051863226108253,
        -0.032765597105026245,
        0.01876171864569187
    ],
    "leye_pose": [
        0.3988768458366394,
        0.5172538161277771,
        -0.20138797163963318
    ],
    "reye_pose": [
        -0.2771574854850769,
        0.32524701952934265,
        -0.3272547423839569
    ],
    "expression": [
        -0.8232401013374329,
        -0.7360357046127319,
        -0.11615727096796036,
        -0.043622806668281555,
        -0.5049686431884766,
        -0.7917484641075134,
        -0.15054531395435333,
        0.49501070380210876,
        -0.18308627605438232,
        0.5067901015281677
    ]
}