{
    "betas": [
        0.6571699380874634,
        -1.2159616947174072,
        0.388822078704834,
        -0.22363974153995514,
        0.07631868869066238,
        0.0882873460650444,
        0.845892071723938,
        -0.562918484210968,
        0.2801046371459961,
        -0.9216747879981995
    ],
    "global_orient": [
        -0.02437959983944893,
        -1.410133957862854,
        -0.10018598288297653
    ],
    "body_pose": [
        0.12478133291006088,
        -0.02475581504404545,
        -0.007706568110734224,
        -0.25225338339805603,
        -0.05044673755764961,
        0.11994984745979309,
        0.03209267929196358,
        -0.15018194913864136,
        0.04092288762331009,
        0.4844347834587097,
        -0.15940608084201813,
        0.011517873965203762,
        0.24784989655017853,
        0.27166029810905457,
        -0.019153403118252754,
        0.12286277860403061,
        -0.09172635525465012,
        -0.002797085326164961,
        -0.05326394736766815,
        0.21511581540107727,
        3.4932522794406395e-06,
        0.1272672861814499,
        -0.030493268743157387,
        -1.2120665360271232e-06,
        -0.056293465197086334,
        -0.017300736159086227,
        0.031134633347392082,
        3.8573716665268876e-06,
        1.6543835954507813e-06,
        3.817222932411823e-06,
        2.1819673747813795e-06,
        1.2353201555015403e-06,
        -1.1489446478663012e-06,
        -0.0332229919731617,
        0.10220281779766083,
        0.02024328149855137,
        -0.3631543219089508,
        -0.4878522455692291,
        0.4255078136920929,
        -0.009414680302143097,
        0.42104488611221313,
        0.30547648668289185,
        -0.020558035001158714,
        0.05452979356050491,
        0.017900267615914345,
        -0.18774235248565674,
        -0.9266709685325623,
        0.23462443053722382,
        -0.0721387192606926,
        0.509581983089447,
        0.8788438439369202,
        -0.15243008732795715,
        -0.2850900888442993,
        0.1506257951259613,
        0.1214824914932251,
        0.3363136947154999,
        0.17082670331001282,
        -0.016705024987459183,
        0.13125962018966675,
        0.070052370429039,
        0.01712334156036377,
        -0.09802620857954025,
        0.003601325675845146
    ],
    "transl": [
        -0.3600347936153412,
        1.6012619733810425,
        0.0037797701079398394
    ],
    "left_hand_pose": [
        -2.981269359588623,
        0.9996339678764343,
        -0.972586989402771,
        -2.7648160457611084,
        0.17235320806503296,
        2.1499791145324707,
        0.5798335075378418,
        -1.1302274465560913,
        -0.5379524827003479,
        -0.4865764379501343,
        1.2004117965698242,
        -2.0781033039093018
    ],
    "right_hand_pose": [
        -2.4290618896484375,
        1.3783801794052124,
        -1.5402060747146606,
        -2.5556423664093018,
        0.8711575269699097,
        1.5640804767608643,
        -0.7144996523857117,
        -0.7115268111228943,
        0.1646677702665329,
        -0.624474048614502,
        2.2542362213134766,
        -2.999267101287842
    ],
    "jaw_pose": [
        -0.0008430522866547108,
        0.009322448633611202,
        -0.021591145545244217
    ],
    "leye_pose": [
        0.6560600996017456,
        0.23139452934265137,
        0.06489934772253036
    ],
    "reye_pose": [
        -0.05378570407629013,
        0.09932895004749298,
        0.2686026692390442
    ],
    "expression": [
        -0.5108537077903748,
        -0.3941751718521118,
        -0.1259005069732666,
        0.3549399971961975,
        -0.5341668725013733,
        -0.5289372801780701,
        -0.037249837070703506,
        0.44432100653648376,
        -0.11628639698028564,
        0.2559274733066559
    ]
}