{
    "betas": [
        0.6082003116607666,
        -0.8780414462089539,
        0.5331148505210876,
        -1.026682734489441,
        -0.14602813124656677,
        0.020581288263201714,
        0.08213800936937332,
        -0.4554513096809387,
        0.0468362458050251,
        -1.5486656427383423
    ],
    "global_orient": [
        -0.0923660397529602,
        -0.11525464802980423,
        -0.07217428833246231
    ],
    "body_pose": [
        -0.04822090268135071,
        0.19683055579662323,
        0.22666364908218384,
        -0.012010698206722736,
        0.14995498955249786,
        -0.1971721649169922,
        0.10510367155075073,
        -0.06093435361981392,
        0.01575515791773796,
        0.39534202218055725,
        -0.04123023897409439,
        -0.044907938688993454,
        0.23795852065086365,
        -0.06734205782413483,
        0.024611275643110275,
        0.22891363501548767,
        0.007859408855438232,
        -0.0650087222456932,
        0.04434914514422417,
        0.36941543221473694,
        2.5268511762988055e-06,
        0.4036683142185211,
        -0.43688786029815674,
        -6.777115231670905e-06,
        -0.1407485157251358,
        0.006045159418135881,
        -0.0032478973735123873,
        8.033639460336417e-06,
        3.4956351555592846e-06,
        4.849242486670846e-06,
        4.055393219459802e-06,
        1.1689797929648194e-06,
        4.320453115269629e-07,
        -0.24397633969783783,
        0.0479871928691864,
        0.0458928607404232,
        -0.006175788585096598,
        -0.07935328036546707,
        -0.0656953826546669,
        0.006979862693697214,
        -0.07784710079431534,
        0.2183815985918045,
        0.004733335692435503,
        0.10943077504634857,
        -0.07765598595142365,
        0.16087649762630463,
        -0.5181411504745483,
        -0.8706585764884949,
        -0.03504353016614914,
        0.28213945031166077,
        0.7738410234451294,
        0.02860604040324688,
        -1.1630678176879883,
        -0.2715722918510437,
        -0.09914618730545044,
        1.4929513931274414,
        0.10709281265735626,
        0.4697389304637909,
        -0.20332029461860657,
        0.05236363410949707,
        -0.13262535631656647,
        -0.019103333353996277,
        0.15359671413898468
    ],
    "transl": [
        0.02441488951444626,
        1.6123321056365967,
        0.05282370001077652
    ],
    "left_hand_pose": [
        -3.0752620697021484,
        1.1014904975891113,
        -0.8291592597961426,
        -2.855517625808716,
        0.26533785462379456,
        1.8559424877166748,
        1.0667307376861572,
        -0.7690863609313965,
        -0.25924646854400635,
        -0.24694159626960754,
        2.086850881576538,
        -1.437365174293518
    ],
    "right_hand_pose": [
        -2.983267068862915,
        1.0635523796081543,
        0.4943094849586487,
        -2.3825430870056152,
        -0.5940079689025879,
        0.042039904743433,
        1.7504807710647583,
        -0.7301265001296997,
        -2.958970069885254,
        -0.468574583530426,
        2.3995673656463623,
        -0.01772068440914154
    ],
    "jaw_pose": [
        -0.011172252707183361,
        0.0003678627253975719,
        -0.0009677590569481254
    ],
    "leye_pose": [
        -0.295303612947464,
        0.08894255757331848,
        -1.1538000106811523
    ],
    "reye_pose": [
        -0.24047847092151642,
        0.14669430255889893,
        -0.32173749804496765
    ],
    "expression": [
        -0.6510986089706421,
        0.1803237497806549,
        0.44259175658226013,
        0.5541462898254395,
        -0.6662821173667908,
        -0.3203270137310028,
        0.055416956543922424,
        0.3976319432258606,
        -0.06264744699001312,
        0.14090639352798462
    ]
}