{
    "betas": [
        0.8714893460273743,
        -1.1402870416641235,
        0.9709243774414062,
        -0.8636400699615479,
        -0.2225474715232849,
        -0.010457300581037998,
        0.058829065412282944,
        -0.4609156548976898,
        -0.08739393204450607,
        -1.5362547636032104
    ],
    "global_orient": [
        -0.18554580211639404,
        0.9991503357887268,
        -0.008125640451908112
    ],
    "body_pose": [
        -0.10255575180053711,
        0.20344744622707367,
        -0.0031555474270135164,
        -0.3932778537273407,
        -0.06287739425897598,
        0.180982768535614,
        0.17760275304317474,
        -0.1289563924074173,
        -0.0019079741323366761,
        0.44889649748802185,
        -0.46937301754951477,
        0.02090347371995449,
        0.42989131808280945,
        0.22492240369319916,
        -0.031116865575313568,
        0.20923058688640594,
        -0.11080508679151535,
        -0.0013746723998337984,
        -0.003554654074832797,
        0.25592344999313354,
        6.697565822832985e-06,
        0.25408974289894104,
        0.07349880039691925,
        -3.2599275527900318e-06,
        -0.10602201521396637,
        -0.17994087934494019,
        0.07774775475263596,
        6.241785285965307e-06,
        2.458716608089162e-06,
        7.957126399560366e-06,
        3.4956201488967054e-06,
        3.0586425054934807e-06,
        3.989701440332283e-07,
        -0.11274705082178116,
        -0.097976915538311,
        0.06657035648822784,
        -0.028992338106036186,
        -0.1394571214914322,
        -0.1344834715127945,
        -0.04593886807560921,
        0.04638567939400673,
        0.162374347448349,
        0.06247727945446968,
        -0.07920406758785248,
        0.00418262230232358,
        0.11677621304988861,
        -0.705348789691925,
        -0.7609402537345886,
        0.035248253494501114,
        0.5403558015823364,
        0.8417681455612183,
        -0.09236156195402145,
        -1.701788306236267,
        0.7053457498550415,
        -0.06464316695928574,
        2.0362091064453125,
        -0.42592933773994446,
        0.055976733565330505,
        -0.3594083786010742,
        0.042807143181562424,
        -0.32812413573265076,
        0.16953574120998383,
        0.11339576542377472
    ],
    "transl": [
        0.13899600505828857,
        1.6024187803268433,
        -0.12566694617271423
    ],
    "left_hand_pose": [
        -3.335876941680908,
        0.9078678488731384,
        0.003841564292088151,
        -2.2529408931732178,
        -1.3437494039535522,
        0.8843429088592529,
        1.3609930276870728,
        -0.1938658207654953,
        -0.7682875394821167,
        0.9552890658378601,
        3.7764639854431152,
        0.009513672441244125
    ],
    "right_hand_pose": [
        -3.0945136547088623,
        1.2142482995986938,
        1.046950101852417,
        -2.5105295181274414,
        -0.46068188548088074,
        -0.4208590090274811,
        2.2887682914733887,
        -0.7912362813949585,
        -3.6109583377838135,
        -0.7672907710075378,
        2.7645082473754883,
        -0.11506146937608719
    ],
    "jaw_pose": [
        0.00013298606791067868,
        -0.02668943628668785,
        0.0315198078751564
    ],
    "leye_pose": [
        0.01925382763147354,
        0.43372422456741333,
        -1.1313446760177612
    ],
    "reye_pose": [
        -0.07043372094631195,
        0.15827547013759613,
        -0.6317946314811707
    ],
    "expression": [
        -1.1378264427185059,
        -0.4422732889652252,
        -0.18017952144145966,
        0.27730828523635864,
        -0.5610271096229553,
        -0.7114149332046509,
        -0.022001398727297783,
        0.6150623559951782,
        0.011578661389648914,
        0.41008493304252625
    ]
}