{
    "betas": [
        0.7182431817054749,
        -1.0087193250656128,
        0.17292602360248566,
        -0.23185116052627563,
        -0.020057454705238342,
        0.17849859595298767,
        1.007115364074707,
        -0.4464465379714966,
        0.2404072880744934,
        -1.7332524061203003
    ],
    "global_orient": [
        -0.020215870812535286,
        1.4626960754394531,
        -0.12987971305847168
    ],
    "body_pose": [
        -0.440212607383728,
        0.15888597071170807,
        -0.06634625792503357,
        0.2413931041955948,
        0.24589139223098755,
        0.00813310407102108,
        0.11904320865869522,
        -0.03805992007255554,
        0.11567997187376022,
        0.518995463848114,
        -0.3471536636352539,
        0.041087642312049866,
        0.33457329869270325,
        0.24917908012866974,
        0.0013295079115778208,
        0.07204623520374298,
        0.07715298980474472,
        -0.03515474125742912,
        -0.036583978682756424,
        0.1110086515545845,
        5.571936071646633e-06,
        0.5154891610145569,
        0.22576868534088135,
        2.532619419071125e-06,
        -0.12066569179296494,
        0.06901613622903824,
        -0.020404191687703133,
        7.853525858081412e-06,
        2.599542540338007e-06,
        6.154936727398308e-06,
        -8.816651302367973e-07,
        2.3286290797841502e-06,
        1.9292540400783764e-06,
        -0.12436525523662567,
        -0.0383499450981617,
        -0.03186272457242012,
        -0.3608875572681427,
        -0.494711309671402,
        0.4334002435207367,
        -0.05792827531695366,
        0.5610440969467163,
        0.24814030528068542,
        -0.06533581763505936,
        -0.05680084973573685,
        0.08138147741556168,
        -0.17165696620941162,
        -0.8908776640892029,
        0.2545152008533478,
        -0.07895165681838989,
        0.6970523595809937,
        0.6310223937034607,
        -0.15128812193870544,
        -0.22266851365566254,
        0.04857669398188591,
        0.1373579502105713,
        0.34264513850212097,
        0.10523570328950882,
        0.00013847832451574504,
        0.16299131512641907,
        0.008735483512282372,
        0.03148838132619858,
        -0.14015677571296692,
        0.20170465111732483
    ],
    "transl": [
        -0.15243272483348846,
        1.5833913087844849,
        -0.03637827932834625
    ],
    "left_hand_pose": [
        -2.992161989212036,
        0.7667372822761536,
        -0.7478329539299011,
        -2.7138047218322754,
        0.09204616397619247,
        2.0876805782318115,
        0.5857104659080505,
        -1.1471198797225952,
        -1.1732888221740723,
        -0.6623600125312805,
        1.108731746673584,
        -2.312115430831909
    ],
    "right_hand_pose": [
        -2.5786402225494385,
        1.389000654220581,
        -1.048778772354126,
        -2.6165249347686768,
        0.5397511720657349,
        1.7265808582305908,
        -0.006090578623116016,
        -0.767819881439209,
        -0.47377121448516846,
        -0.7275172472000122,
        1.8513315916061401,
        -2.611933708190918
    ],
    "jaw_pose": [
        0.012375717982649803,
        -0.04539736732840538,
        0.04404079169034958
    ],
    "leye_pose": [
        0.4211466908454895,
        0.425585001707077,
        -0.349616676568985
    ],
    "reye_pose": [
        -0.1962411254644394,
        0.43168628215789795,
        -0.3091754615306854
    ],
    "expression": [
        -0.43886974453926086,
        -1.1437915563583374,
        -0.04552071914076805,
        0.18657684326171875,
        -0.6233758330345154,
        -0.5953811407089233,
        -0.1327054798603058,
        0.6684749722480774,
        -0.0939338207244873,
        0.5286338329315186
    ]
}