{
    "betas": [
        0.5745427012443542,
        -1.007224440574646,
        0.38196465373039246,
        -0.0595671646296978,
        -0.05685674399137497,
        0.1449882686138153,
        1.0396262407302856,
        -0.7552741169929504,
        0.20402897894382477,
        -1.17381751537323
    ],
    "global_orient": [
        -0.025091642513871193,
        1.2391481399536133,
        -0.08686622977256775
    ],
    "body_pose": [
        -0.25616455078125,
        0.1511191576719284,
        0.015699738636612892,
        0.22675560414791107,
        0.1347881555557251,
        -0.02490302547812462,
        0.08167225867509842,
        0.04904349520802498,
        0.08148904144763947,
        0.1461060345172882,
        -0.20655328035354614,
        -0.018468987196683884,
        0.3142656683921814,
        0.07210451364517212,
        0.024613965302705765,
        0.11460258811712265,
        0.10380958765745163,
        -0.035752683877944946,
        0.09433597326278687,
        0.16797253489494324,
        1.9059144733546418e-06,
        0.43477049469947815,
        -0.1261417418718338,
        -1.2693895996562787e-06,
        -0.2067878395318985,
        0.0152132548391819,
        0.014862122014164925,
        6.9881371018709615e-06,
        3.036495854757959e-06,
        6.0786251196986996e-06,
        1.2662740118685178e-06,
        1.6480648810102139e-06,
        2.8072495297237765e-06,
        -0.051835499703884125,
        -0.028241952881217003,
        0.006355993915349245,
        -0.2461470663547516,
        -0.4838578999042511,
        0.2939152419567108,
        -0.20232410728931427,
        0.6013433337211609,
        -0.1120891198515892,
        -0.020115256309509277,
        -0.044860150665044785,
        0.010797680355608463,
        -0.1915891021490097,
        -0.7658898830413818,
        -0.1020357683300972,
        -0.24853746592998505,
        0.84520024061203,
        0.2520867586135864,
        -0.22422680258750916,
        -0.5220059752464294,
        0.06556078046560287,
        -0.034705229103565216,
        0.49574917554855347,
        0.034072037786245346,
        0.14948447048664093,
        0.05339989811182022,
        -0.12046532332897186,
        -0.2552613615989685,
        -0.10494549572467804,
        0.08550435304641724
    ],
    "transl": [
        -0.21572618186473846,
        1.6232728958129883,
        -0.02641095593571663
    ],
    "left_hand_pose": [
        -2.9247939586639404,
        0.4345428943634033,
        -1.8007173538208008,
        -1.968641757965088,
        -0.7123414874076843,
        2.388439178466797,
        -0.37927594780921936,
        -0.5772358775138855,
        -0.02704687975347042,
        0.015169309452176094,
        1.8146244287490845,
        -3.635822057723999
    ],
    "right_hand_pose": [
        -2.5102736949920654,
        1.3038763999938965,
        -0.9042630195617676,
        -2.715588092803955,
        1.0332573652267456,
        1.7323662042617798,
        -0.8440417051315308,
        -0.754172146320343,
        1.3169975280761719,
        0.18215888738632202,
        2.9178988933563232,
        -1.4621645212173462
    ],
    "jaw_pose": [
        -7.545902917627245e-05,
        -0.043944425880908966,
        0.03898896276950836
    ],
    "leye_pose": [
        0.2728576064109802,
        0.3704736828804016,
        -0.09351550042629242
    ],
    "reye_pose": [
        -0.3923623561859131,
        0.4288736581802368,
        -0.4228590428829193
    ],
    "expression": [
        -0.6222357153892517,
        -0.8418393135070801,
        -0.040006980299949646,
        0.02456655539572239,
        -0.5136195421218872,
        -0.7505946755409241,
        -0.19612887501716614,
        0.5673134326934814,
        -0.20818503201007843,
        0.37133297324180603
    ]
}