{
    "betas": [
        0.7011627554893494,
        -0.7262973785400391,
        0.8485556244850159,
        -0.46404045820236206,
        -0.24538564682006836,
        0.029839511960744858,
        -0.015671221539378166,
        -0.6742401123046875,
        -0.4532187581062317,
        -1.8855091333389282
    ],
    "global_orient": [
        -0.11667649447917938,
        -0.13178017735481262,
        -0.10890370607376099
    ],
    "body_pose": [
        0.11802252382040024,
        -0.0039250594563782215,
        0.20997439324855804,
        -0.22791218757629395,
        -0.1214524582028389,
        -0.13526038825511932,
        0.12241028994321823,
        -0.37636205554008484,
        0.010727078653872013,
        0.2809154987335205,
        0.11865999549627304,
        -0.06454005837440491,
        0.4306071698665619,
        0.22571580111980438,
        0.06797466427087784,
        0.19255106151103973,
        0.02816876582801342,
        -0.03414709493517876,
        0.021016428247094154,
        0.5966666340827942,
        4.560536126518855e-06,
        0.3627619743347168,
        -0.187454491853714,
        -4.535667358140927e-06,
        -0.08901117742061615,
        -0.07725262641906738,
        0.08366622030735016,
        6.6960369622393046e-06,
        1.5963726127665723e-06,
        8.512074600730557e-06,
        3.477399559415062e-06,
        4.977422577212565e-06,
        3.6937422009941656e-07,
        -0.22219978272914886,
        -0.05480141192674637,
        0.18311208486557007,
        -0.0025730039924383163,
        -0.01696893945336342,
        0.013113035820424557,
        -0.02923593856394291,
        -0.04776732623577118,
        0.16606362164020538,
        0.13691282272338867,
        -0.0062694544903934,
        -0.13005313277244568,
        0.27980273962020874,
        -0.697782576084137,
        -0.4828588664531708,
        0.06757963448762894,
        0.5826175212860107,
        0.5950706601142883,
        -0.1651257872581482,
        -1.8219363689422607,
        0.6707174181938171,
        -0.09010772407054901,
        2.0461254119873047,
        -0.40582963824272156,
        0.06154099851846695,
        -0.44126710295677185,
        -0.03298148885369301,
        -0.18126189708709717,
        0.2576792538166046,
        0.0023215818218886852
    ],
    "transl": [
        -0.03369598835706711,
        1.603792667388916,
        -0.058279115706682205
    ],
    "left_hand_pose": [
        -3.449193000793457,
        0.9420254230499268,
        -0.5756932497024536,
        -2.263996124267578,
        -1.261948823928833,
        1.6679611206054688,
        1.4616020917892456,
        -0.378627747297287,
        -0.2128588706254959,
        0.5569738149642944,
        3.164762258529663,
        -1.1555662155151367
    ],
    "right_hand_pose": [
        -2.8186230659484863,
        2.0666613578796387,
        1.1735163927078247,
        -2.108729839324951,
        -0.6014983057975769,
        -0.7153595089912415,
        1.9945926666259766,
        -0.6129553914070129,
        -3.2033884525299072,
        -0.12313324958086014,
        4.469714164733887,
        1.4338300228118896
    ],
    "jaw_pose": [
        -0.01472458429634571,
        0.02510257437825203,
        -0.03469311445951462
    ],
    "leye_pose": [
        -0.059312205761671066,
        -0.2932406961917877,
        -1.3733457326889038
    ],
    "reye_pose": [
        -0.19958584010601044,
        -0.16921865940093994,
        -0.328906774520874
    ],
    "expression": [
        -0.9767839312553406,
        -0.5307885408401489,
        -0.21797515451908112,
        0.05940676108002663,
        -0.7096253633499146,
        -0.8253670930862427,
        -0.11277937144041061,
        0.5653709769248962,
        -0.2515420615673065,
        0.383123517036438
    ]
}