{
    "betas": [
        0.6491001844406128,
        -1.107845664024353,
        0.07881839573383331,
        -0.661340594291687,
        -0.08483651280403137,
        0.12831521034240723,
        0.5802559852600098,
        -0.1807168573141098,
        0.6172006726264954,
        -1.7920715808868408
    ],
    "global_orient": [
        -0.11762089282274246,
        0.4679674804210663,
        -0.024019915610551834
    ],
    "body_pose": [
        -0.18768110871315002,
        0.19724193215370178,
        0.045259762555360794,
        -0.10633620619773865,
        -0.23547396063804626,
        -0.08217750489711761,
        0.1473035216331482,
        -0.05956331640481949,
        0.05377882719039917,
        0.4623975455760956,
        0.16786733269691467,
        -0.02839789353311062,
        0.3818741738796234,
        0.12567143142223358,
        -0.0008435195195488632,
        0.12765030562877655,
        -0.002664194442331791,
        0.022069182246923447,
        -0.09684448689222336,
        0.35592448711395264,
        6.141276116977679e-06,
        0.01881549134850502,
        -0.1971392184495926,
        -2.811039848893415e-06,
        -0.07132645696401596,
        -0.038856491446495056,
        -0.01326704490929842,
        4.238895144226262e-06,
        2.100943902405561e-06,
        7.693782208662014e-06,
        1.2538739611045457e-06,
        1.4893001889504376e-06,
        -7.027307447060593e-08,
        -0.14136140048503876,
        -0.022029055282473564,
        -0.014708945527672768,
        -0.06656795740127563,
        -0.23767177760601044,
        -0.20495697855949402,
        -0.1397954523563385,
        0.4667102098464966,
        0.2643201947212219,
        -0.019768498837947845,
        -0.032346513122320175,
        0.035806939005851746,
        -0.01541970670223236,
        -0.3968723714351654,
        -0.8256587982177734,
        -0.09341374784708023,
        0.7587890028953552,
        0.815483570098877,
        0.1282743215560913,
        -0.37165161967277527,
        -0.3747417628765106,
        0.07190857827663422,
        0.3824772834777832,
        0.24073389172554016,
        0.31986159086227417,
        -0.08892509341239929,
        -0.09370414912700653,
        -0.05756223574280739,
        -0.09526987373828888,
        0.16986732184886932
    ],
    "transl": [
        -0.16279466450214386,
        1.6046836376190186,
        -0.038731470704078674
    ],
    "left_hand_pose": [
        -2.5956716537475586,
        0.8504691123962402,
        -1.5260308980941772,
        -3.1340584754943848,
        1.4592764377593994,
        1.1163175106048584,
        -1.1772629022598267,
        -0.11048445105552673,
        1.0579707622528076,
        -0.10268157720565796,
        1.8397917747497559,
        -2.1538684368133545
    ],
    "right_hand_pose": [
        -2.461825370788574,
        1.3749152421951294,
        -0.9565789699554443,
        -2.7094204425811768,
        0.6659320592880249,
        1.7569390535354614,
        0.37737521529197693,
        -0.9886435270309448,
        -1.5593825578689575,
        -1.345657467842102,
        1.4644746780395508,
        -3.099269390106201
    ],
    "jaw_pose": [
        0.00958165805786848,
        -0.01972254551947117,
        0.015636926516890526
    ],
    "leye_pose": [
        0.32911038398742676,
        0.48721370100975037,
        -0.4945200979709625
    ],
    "reye_pose": [
        -0.02418488822877407,
        0.2888915240764618,
        -0.6949664354324341
    ],
    "expression": [
        -1.1327491998672485,
        -0.4263657033443451,
        0.09050597250461578,
        0.4783320426940918,
        -0.6529141068458557,
        -0.809024453163147,
        -0.040073882788419724,
        0.6488445997238159,
        0.027817538008093834,
        0.3167653977870941
    ]
}