{
    "betas": [
        0.7839030623435974,
        -1.2058990001678467,
        0.30717402696609497,
        -0.1835602968931198,
        -0.09295610338449478,
        0.1271723061800003,
        1.1254267692565918,
        -0.8069168925285339,
        0.2232346534729004,
        -1.7492278814315796
    ],
    "global_orient": [
        -0.002525981282815337,
        1.478438138961792,
        -0.11863438040018082
    ],
    "body_pose": [
        -0.3698461353778839,
        0.21788714826107025,
        -0.04658186808228493,
        0.2209860384464264,
        0.1898675411939621,
        -0.006900055333971977,
        0.048558466136455536,
        0.01998548023402691,
        0.09288472682237625,
        0.3592525124549866,
        -0.301420122385025,
        0.0335083082318306,
        0.31158944964408875,
        0.18115673959255219,
        -0.033371224999427795,
        0.070553719997406,
        0.09275484830141068,
        -0.07973011583089828,
        0.1008802279829979,
        0.003861162345856428,
        6.003802788256962e-09,
        0.5759694576263428,
        0.23418056964874268,
        1.263091803593852e-06,
        -0.06402617692947388,
        0.049224965274333954,
        0.01805913634598255,
        3.916275090887211e-06,
        1.1715467280737357e-06,
        2.992197551066056e-06,
        -2.19865050610224e-08,
        1.949059424077859e-06,
        2.1903533706790768e-06,
        -0.08302288502454758,
        -0.043320368975400925,
        -0.014256488531827927,
        -0.173394575715065,
        -0.5814152956008911,
        0.13847051560878754,
        -0.219337597489357,
        0.619819164276123,
        -0.06505471467971802,
        -0.07159080356359482,
        -0.09556148201227188,
        0.05480530485510826,
        -0.1431846022605896,
        -0.7825131416320801,
        -0.34613022208213806,
        -0.18009157478809357,
        0.8274943828582764,
        0.010594349354505539,
        -0.12904952466487885,
        -0.3479403555393219,
        -0.17145474255084991,
        -0.026914795860648155,
        0.4455166459083557,
        -0.04050516337156296,
        0.13445359468460083,
        0.046876806765794754,
        -0.13766571879386902,
        -0.2252034991979599,
        -0.10898318886756897,
        0.08288180828094482
    ],
    "transl": [
        -0.15747331082820892,
        1.6064406633377075,
        -0.024757809937000275
    ],
    "left_hand_pose": [
        -2.9039506912231445,
        0.6846547722816467,
        -1.300412654876709,
        -2.540224075317383,
        0.2693411707878113,
        1.740437388420105,
        -0.16275812685489655,
        -0.38069942593574524,
        0.6483645439147949,
        -0.0018068767385557294,
        1.9131193161010742,
        -2.2235727310180664
    ],
    "right_hand_pose": [
        -2.7483882904052734,
        1.2224979400634766,
        -1.1486719846725464,
        -2.2819173336029053,
        -0.07933273166418076,
        2.5617520809173584,
        0.2998168170452118,
        -1.2425788640975952,
        -0.4735375940799713,
        -0.7518115043640137,
        1.8734287023544312,
        -3.1053149700164795
    ],
    "jaw_pose": [
        0.006043024826794863,
        -0.0366823710501194,
        0.02564055100083351
    ],
    "leye_pose": [
        0.23354941606521606,
        0.49729377031326294,
        -0.1563117802143097
    ],
    "reye_pose": [
        -0.16795358061790466,
        0.3511189818382263,
        -0.2518116235733032
    ],
    "expression": [
        -0.8911446928977966,
        -0.6930496692657471,
        0.0530945360660553,
        0.09263239055871964,
        -0.5139322876930237,
        -0.825553297996521,
        -0.1953212469816208,
        0.6105690598487854,
        -0.1731344312429428,
        0.40831562876701355
    ]
}