{
    "betas": [
        0.5477865934371948,
        -0.7340675592422485,
        0.31908294558525085,
        -0.3656119406223297,
        0.05017993599176407,
        0.015780311077833176,
        0.8202101588249207,
        -0.3816303610801697,
        0.19816209375858307,
        -1.375863790512085
    ],
    "global_orient": [
        -0.06335137039422989,
        -0.5095238089561462,
        -0.0055170743726193905
    ],
    "body_pose": [
        -0.013837062753736973,
        0.1484738141298294,
        0.16498754918575287,
        -0.20683537423610687,
        -0.22691278159618378,
        -0.024401195347309113,
        0.0849255695939064,
        -0.09508645534515381,
        0.01595224067568779,
        0.2889869511127472,
        0.08316434174776077,
        0.009485986083745956,
        0.3000853955745697,
        0.002009263727813959,
        -0.014270778745412827,
        0.19655980169773102,
        -0.03708334639668465,
        -0.09470594674348831,
        0.10448281466960907,
        0.4955081641674042,
        3.1897970984573476e-06,
        0.028576767072081566,
        -0.4852541983127594,
        -1.0316979569324758e-05,
        -0.13064591586589813,
        -0.024975629523396492,
        -0.03590470552444458,
        6.403017778211506e-06,
        4.169338808424072e-06,
        8.072224773059133e-06,
        2.743039885899634e-06,
        2.756597041297937e-06,
        -3.345241566421464e-06,
        -0.15925690531730652,
        0.13750816881656647,
        0.1084505021572113,
        -0.06195603683590889,
        -0.08709295094013214,
        -0.029641995206475258,
        -0.17627692222595215,
        0.3161751925945282,
        0.1276879757642746,
        -0.08806657046079636,
        0.09399072080850601,
        -0.08164401352405548,
        -0.04227220267057419,
        -0.23146431148052216,
        -0.5499901175498962,
        -0.149916410446167,
        0.551134467124939,
        0.12580159306526184,
        -0.12949950993061066,
        -0.277675062417984,
        -0.2377650886774063,
        0.0021583400666713715,
        0.4527437388896942,
        -0.014643864706158638,
        0.30175599455833435,
        0.023662935942411423,
        -0.28649985790252686,
        -0.06235559284687042,
        -0.11383530497550964,
        0.1275135576725006
    ],
    "transl": [
        -0.38018348813056946,
        1.6149078607559204,
        -0.019227629527449608
    ],
    "left_hand_pose": [
        -2.5912368297576904,
        0.454786479473114,
        -1.4585332870483398,
        -2.451799154281616,
        0.3638631999492645,
        1.6918151378631592,
        -0.4600546360015869,
        -0.389285147190094,
        -0.30234673619270325,
        -0.5586186647415161,
        1.3929436206817627,
        -3.711864948272705
    ],
    "right_hand_pose": [
        -2.2393741607666016,
        1.1181445121765137,
        -1.7252105474472046,
        -2.504986524581909,
        1.0022703409194946,
        2.6827220916748047,
        -0.9290814399719238,
        -1.280035376548767,
        1.0728131532669067,
        -0.2327491044998169,
        2.5437145233154297,
        -2.5925872325897217
    ],
    "jaw_pose": [
        -0.011801846325397491,
        0.03585321828722954,
        -0.04509561136364937
    ],
    "leye_pose": [
        0.1766730695962906,
        -0.16838662326335907,
        -0.2919836938381195
    ],
    "reye_pose": [
        -0.12826359272003174,
        0.04341300576925278,
        0.010430900380015373
    ],
    "expression": [
        -0.922038197517395,
        -0.6834758520126343,
        -0.11719270795583725,
        0.35320964455604553,
        -0.7128717303276062,
        -0.7084195017814636,
        -0.17132991552352905,
        0.5282911658287048,
        -0.3398324251174927,
        0.2962627410888672
    ]
}