{
    "betas": [
        0.6139315366744995,
        -1.0727837085723877,
        0.5212253332138062,
        -0.24363109469413757,
        -0.028433237224817276,
        0.030684759840369225,
        1.3224079608917236,
        -0.44388705492019653,
        0.2526952922344208,
        -1.4916045665740967
    ],
    "global_orient": [
        -0.0647435262799263,
        0.7554619312286377,
        -0.06635861098766327
    ],
    "body_pose": [
        -0.29212862253189087,
        0.3286833167076111,
        0.035750407725572586,
        0.12193716317415237,
        0.16248276829719543,
        -0.037318356335163116,
        0.08448179066181183,
        0.03424945846199989,
        0.08761245757341385,
        0.29848936200141907,
        -0.4546782970428467,
        -0.02037358097732067,
        0.45576727390289307,
        -0.0045942272990942,
        -0.002629208844155073,
        0.13501378893852234,
        0.1323481947183609,
        -0.05123801901936531,
        0.08617570996284485,
        0.058446578681468964,
        8.503781145918765e-07,
        0.30387744307518005,
        -0.4388337731361389,
        -3.275557389770256e-07,
        -0.09569060057401657,
        0.11412209272384644,
        0.03444090485572815,
        6.391126134985825e-06,
        2.0885477169940714e-06,
        4.1509938455419615e-06,
        4.772036277245206e-07,
        1.184085931527079e-06,
        5.382843255574699e-07,
        -0.10396389663219452,
        0.024816682562232018,
        -0.014082275331020355,
        -0.3448372185230255,
        -0.4558311998844147,
        0.4230189919471741,
        -0.06854822486639023,
        0.5108460187911987,
        0.2517693340778351,
        -0.0583651103079319,
        -0.05469263717532158,
        0.04547378048300743,
        -0.17650684714317322,
        -0.8882583379745483,
        0.14218933880329132,
        -0.10285987704992294,
        0.639702320098877,
        0.909747302532196,
        -0.21600569784641266,
        -0.3215356469154358,
        0.16993413865566254,
        0.13727626204490662,
        0.4270164966583252,
        -0.009938003495335579,
        0.10360869765281677,
        0.17292138934135437,
        0.2142733782529831,
        -0.07280250638723373,
        0.04888784885406494,
        0.13161712884902954
    ],
    "transl": [
        -0.24446037411689758,
        1.6082959175109863,
        -0.020306672900915146
    ],
    "left_hand_pose": [
        -2.9711687564849854,
        0.9598630666732788,
        -0.9748009443283081,
        -2.5293426513671875,
        -0.11409153044223785,
        1.8984485864639282,
        0.6263403296470642,
        -0.9345684051513672,
        -1.0398621559143066,
        -0.5929012894630432,
        1.466355562210083,
        -2.517213821411133
    ],
    "right_hand_pose": [
        -1.9858378171920776,
        1.927365779876709,
        -1.1436271667480469,
        -3.5297842025756836,
        2.116558074951172,
        1.5278615951538086,
        -0.6442490816116333,
        -0.8586743474006653,
        0.1455269306898117,
        -1.0430649518966675,
        2.188145399093628,
        -2.4655680656433105
    ],
    "jaw_pose": [
        0.006828006822615862,
        -0.041741400957107544,
        0.0418262742459774
    ],
    "leye_pose": [
        0.4789098799228668,
        0.5738893151283264,
        -0.04412221536040306
    ],
    "reye_pose": [
        -0.31592339277267456,
        0.4058128297328949,
        -0.4220419228076935
    ],
    "expression": [
        -0.6513313055038452,
        -0.7676447629928589,
        -0.025542477145791054,
        0.15597301721572876,
        -0.5615464448928833,
        -0.6949412822723389,
        -0.2600761651992798,
        0.7344881296157837,
        -0.11725390702486038,
        0.3973414897918701
    ]
}