{
    "betas": [
        0.6833755970001221,
        -0.8039539456367493,
        0.789915919303894,
        -0.8745849132537842,
        -0.25133582949638367,
        -0.04481830447912216,
        -0.05076225474476814,
        -0.5233312845230103,
        -0.30450987815856934,
        -1.78839111328125
    ],
    "global_orient": [
        -0.12926608324050903,
        -0.39943501353263855,
        -0.10660217702388763
    ],
    "body_pose": [
        -0.07894773036241531,
        0.16087618470191956,
        0.1805751919746399,
        -0.04299234598875046,
        0.039251137524843216,
        -0.07264276593923569,
        0.1432759016752243,
        -0.11829445511102676,
        -0.013053222559392452,
        0.5813878178596497,
        0.0559585839509964,
        -0.029073011130094528,
        0.22514685988426208,
        0.1433190107345581,
        0.029917052015662193,
        0.2121892273426056,
        -0.03797873109579086,
        -0.017428753897547722,
        0.023104673251509666,
        0.5927653312683105,
        5.6286521612491924e-06,
        0.4481866955757141,
        -0.3365934491157532,
        -7.013544291112339e-06,
        -0.12357676029205322,
        -0.03270966559648514,
        0.038611866533756256,
        6.912986009410815e-06,
        3.4588679227454122e-06,
        8.722407983441371e-06,
        4.937700396112632e-06,
        1.4436337778533925e-06,
        7.451131978086778e-07,
        -0.2620997428894043,
        0.052118588238954544,
        0.09645964205265045,
        0.023960737511515617,
        -0.07076089084148407,
        0.020525623112916946,
        0.0033389937598258257,
        0.0032676151022315025,
        0.06769894063472748,
        0.032216474413871765,
        0.0785551369190216,
        -0.10567257553339005,
        0.28236597776412964,
        -0.6519380211830139,
        -0.6068126559257507,
        -0.06427502632141113,
        0.4875752329826355,
        0.45885589718818665,
        -0.0483846589922905,
        -1.7789682149887085,
        0.22817479074001312,
        -0.01632235385477543,
        2.0467498302459717,
        -0.07297208905220032,
        0.27250704169273376,
        -0.3385102450847626,
        -0.08222124725580215,
        -0.13217991590499878,
        0.06442594528198242,
        0.30935758352279663
    ],
    "transl": [
        -0.0816977471113205,
        1.6334953308105469,
        0.04007548838853836
    ],
    "left_hand_pose": [
        -3.4442598819732666,
        0.8474901914596558,
        -0.7198207974433899,
        -2.185403347015381,
        -0.9955558776855469,
        1.5213282108306885,
        1.1610926389694214,
        -0.05704520270228386,
        0.7454003691673279,
        0.679612934589386,
        3.0232372283935547,
        -1.1989110708236694
    ],
    "right_hand_pose": [
        -3.0598156452178955,
        0.841170608997345,
        0.1932862550020218,
        -1.666309118270874,
        -1.2742177248001099,
        0.3220040202140808,
        1.3824046850204468,
        -0.3123577833175659,
        -1.7906746864318848,
        0.7756908535957336,
        3.8774163722991943,
        0.7775340676307678
    ],
    "jaw_pose": [
        -0.014837724156677723,
        0.02948843687772751,
        -0.029657432809472084
    ],
    "leye_pose": [
        -0.08494075387716293,
        -0.17287227511405945,
        -1.3641360998153687
    ],
    "reye_pose": [
        -0.15266381204128265,
        0.035824988037347794,
        0.08799438178539276
    ],
    "expression": [
        -0.808522641658783,
        -0.36091896891593933,
        0.0423782579600811,
        0.2011212408542633,
        -0.5933644771575928,
        -0.6524304151535034,
        -0.1519475132226944,
        0.6115624904632568,
        -0.22194106876850128,
        0.24340121448040009
    ]
}