{
    "betas": [
        0.7597710490226746,
        -0.9461109042167664,
        0.9203606843948364,
        -0.552121639251709,
        -0.29469096660614014,
        0.0520213358104229,
        -0.021189145743846893,
        -0.5645582675933838,
        -0.02159206010401249,
        -1.7907510995864868
    ],
    "global_orient": [
        -0.11297135055065155,
        -0.31721246242523193,
        -0.11806759238243103
    ],
    "body_pose": [
        0.15345048904418945,
        -0.1486726999282837,
        0.21855266392230988,
        -0.22582493722438812,
        -0.11790580302476883,
        -0.03890978917479515,
        0.11511372774839401,
        -0.3369814455509186,
        -0.027503063902258873,
        0.3974357843399048,
        0.2483159601688385,
        -0.0510474257171154,
        0.4150567650794983,
        0.16790777444839478,
        0.04314441978931427,
        0.2323266863822937,
        -0.12659986317157745,
        -0.022420769557356834,
        0.10226088017225266,
        0.7353617548942566,
        3.965830273955362e-06,
        0.12936432659626007,
        -0.18486155569553375,
        -9.18256409931928e-06,
        -0.11184489727020264,
        0.0327526293694973,
        0.0580386258661747,
        5.384767518989975e-06,
        4.505250672082184e-06,
        8.582524060329888e-06,
        4.859877208218677e-06,
        3.482102101770579e-06,
        -1.2709067505056737e-06,
        -0.24317128956317902,
        -0.12525823712348938,
        0.20977678894996643,
        -0.07200226932764053,
        0.01414466742426157,
        -0.10455016046762466,
        -0.050888583064079285,
        -0.12485305964946747,
        0.31715163588523865,
        0.1053556352853775,
        0.04118024930357933,
        -0.11801248043775558,
        0.16022862493991852,
        -0.7125856876373291,
        -0.6439558863639832,
        0.050115011632442474,
        0.5714210867881775,
        0.8628513216972351,
        -0.11698760837316513,
        -1.7639360427856445,
        0.7424284219741821,
        -0.12306032329797745,
        2.0252761840820312,
        -0.4432872235774994,
        -0.05872035026550293,
        -0.3755339980125427,
        0.12969417870044708,
        -0.23310330510139465,
        0.18618419766426086,
        -0.12945932149887085
    ],
    "transl": [
        -0.09360748529434204,
        1.5900338888168335,
        -0.047603681683540344
    ],
    "left_hand_pose": [
        -3.5383636951446533,
        0.7191135287284851,
        -0.5575817227363586,
        -1.6853848695755005,
        -1.8706406354904175,
        1.7365186214447021,
        0.6634359955787659,
        -0.05733068659901619,
        1.179762840270996,
        1.5335739850997925,
        4.774088382720947,
        -1.335429310798645
    ],
    "right_hand_pose": [
        -3.1025376319885254,
        1.484141230583191,
        1.0682042837142944,
        -2.1262335777282715,
        -0.7042214870452881,
        -0.11350362747907639,
        1.5013103485107422,
        -0.599198579788208,
        -2.3050765991210938,
        0.07776546478271484,
        3.9759984016418457,
        0.4054713547229767
    ],
    "jaw_pose": [
        -0.010464631952345371,
        0.029695305973291397,
        -0.029465261846780777
    ],
    "leye_pose": [
        0.08209554105997086,
        -0.3043781518936157,
        -1.5193310976028442
    ],
    "reye_pose": [
        -0.27978000044822693,
        -0.31906408071517944,
        -0.1740894615650177
    ],
    "expression": [
        -0.8466001749038696,
        -0.4845571219921112,
        -0.04860511049628258,
        0.1141505092382431,
        -0.5610982775688171,
        -0.8157984614372253,
        -0.08791996538639069,
        0.49555280804634094,
        -0.23658813536167145,
        0.36385732889175415
    ]
}