{
    "betas": [
        0.6322630643844604,
        -1.2118366956710815,
        0.39694446325302124,
        -0.23663052916526794,
        0.0757942870259285,
        0.12049039453268051,
        0.9386930465698242,
        -0.4104781448841095,
        0.28480780124664307,
        -1.0861730575561523
    ],
    "global_orient": [
        -0.08582555502653122,
        -1.4832149744033813,
        -0.13282392919063568
    ],
    "body_pose": [
        0.17015989124774933,
        0.007944085635244846,
        -0.020511794835329056,
        -0.25323769450187683,
        0.0012339148670434952,
        0.06703878194093704,
        0.052472420036792755,
        -0.0998464822769165,
        0.02084050141274929,
        0.550238847732544,
        -0.273419588804245,
        -0.019395388662815094,
        0.20497503876686096,
        0.20644795894622803,
        -0.0004110730951651931,
        0.2092207372188568,
        -0.053557198494672775,
        -0.00445661973208189,
        -0.08537622541189194,
        0.08237487077713013,
        1.32035586375423e-06,
        0.21491311490535736,
        0.1151280477643013,
        -6.890146551086218e-07,
        -0.12859459221363068,
        -0.053825996816158295,
        0.02904534339904785,
        5.405618594522821e-06,
        1.4375419823409175e-06,
        3.2430407372885384e-06,
        4.481038104131585e-06,
        1.3332073649507947e-06,
        -4.983814960723976e-07,
        -0.018220966681838036,
        0.10158836096525192,
        0.023105919361114502,
        -0.25892502069473267,
        -0.5018115043640137,
        0.25653335452079773,
        -0.15980352461338043,
        0.5418409109115601,
        0.12282861024141312,
        0.026414794847369194,
        0.10238160938024521,
        -0.004590821918100119,
        -0.1695900708436966,
        -0.7778854370117188,
        -0.14127497375011444,
        -0.20302477478981018,
        0.8321141004562378,
        0.5144979357719421,
        -0.2753736674785614,
        -0.4690726101398468,
        0.021064067259430885,
        0.01702280528843403,
        0.46008723974227905,
        -0.0260072760283947,
        0.057915106415748596,
        -0.06746798753738403,
        -0.21682460606098175,
        -0.10876035690307617,
        -0.094892218708992,
        0.10513316094875336
    ],
    "transl": [
        -0.2864680290222168,
        1.5955970287322998,
        0.011899808421730995
    ],
    "left_hand_pose": [
        -2.8428456783294678,
        0.4227887690067291,
        -1.7209833860397339,
        -2.344898223876953,
        -0.18475709855556488,
        1.9500467777252197,
        -0.5328274965286255,
        -0.5871102213859558,
        -0.2567475736141205,
        -0.43853557109832764,
        1.4455710649490356,
        -4.108976364135742
    ],
    "right_hand_pose": [
        -2.3366897106170654,
        1.2347668409347534,
        -1.3979514837265015,
        -2.4816579818725586,
        0.5443999171257019,
        2.532212018966675,
        -0.253137469291687,
        -1.2881920337677002,
        0.25416067242622375,
        -0.11994771659374237,
        2.2173376083374023,
        -1.7730857133865356
    ],
    "jaw_pose": [
        0.00014922436093911529,
        0.024138549342751503,
        -0.03496648743748665
    ],
    "leye_pose": [
        0.21859247982501984,
        -0.22418229281902313,
        -0.11180859059095383
    ],
    "reye_pose": [
        -0.33842334151268005,
        -0.04991579428315163,
        -0.06910032778978348
    ],
    "expression": [
        -0.24936366081237793,
        -0.7007148861885071,
        -0.09008413553237915,
        0.14095701277256012,
        -0.5121067762374878,
        -0.5912457704544067,
        -0.11461413651704788,
        0.533906102180481,
        -0.15630985796451569,
        0.28834792971611023
    ]
}