{
    "betas": [
        0.7554328441619873,
        -1.0809941291809082,
        0.31553101539611816,
        -0.17524369060993195,
        0.029795389622449875,
        0.04739392176270485,
        1.016718864440918,
        -0.6208569407463074,
        0.21542888879776,
        -1.5126817226409912
    ],
    "global_orient": [
        -0.02460898831486702,
        1.4783687591552734,
        -0.15548650920391083
    ],
    "body_pose": [
        -0.39816075563430786,
        0.0984407439827919,
        -0.03645851090550423,
        0.22630493342876434,
        0.21039314568042755,
        0.03860453888773918,
        0.09775461256504059,
        -0.1053243950009346,
        0.12866780161857605,
        0.44762247800827026,
        -0.35662567615509033,
        0.012224857695400715,
        0.3308902084827423,
        0.24948015809059143,
        -0.003962262067943811,
        0.0491623692214489,
        0.12407056242227554,
        -0.04207347333431244,
        0.006007188465446234,
        0.14283408224582672,
        4.370990609459113e-06,
        0.6536733508110046,
        0.1503310203552246,
        3.284903186795418e-06,
        -0.07366124540567398,
        0.11473134905099869,
        0.033859338611364365,
        9.041106750373729e-06,
        3.2413997814728646e-06,
        6.631686119362712e-06,
        -5.287327553560317e-07,
        2.5436986561544472e-06,
        1.7991395679928246e-06,
        -0.14811526238918304,
        -0.04474961757659912,
        -0.04837404936552048,
        -0.2778944671154022,
        -0.4341738522052765,
        0.48601436614990234,
        0.023802760988473892,
        0.4239206612110138,
        0.28096410632133484,
        -0.04646739363670349,
        -0.10403204709291458,
        0.08112583309412003,
        -0.22175103425979614,
        -0.7361969351768494,
        0.6223940253257751,
        -0.049972712993621826,
        0.4835495948791504,
        0.9055981040000916,
        -0.2594742178916931,
        -0.1543852537870407,
        0.09614241123199463,
        0.2176346778869629,
        0.3178741931915283,
        0.18942271173000336,
        -0.10421517491340637,
        0.1729353666305542,
        0.1358024775981903,
        0.128975048661232,
        -0.14603479206562042,
        0.10434844344854355
    ],
    "transl": [
        -0.1389741599559784,
        1.5924245119094849,
        -0.04076747968792915
    ],
    "left_hand_pose": [
        -3.088275909423828,
        0.8271310329437256,
        -1.0443556308746338,
        -2.567570447921753,
        0.08451281487941742,
        2.438220977783203,
        0.5698565244674683,
        -1.3058463335037231,
        -1.7093210220336914,
        -1.1515130996704102,
        0.9713366627693176,
        -3.420121431350708
    ],
    "right_hand_pose": [
        -2.444012403488159,
        1.6746900081634521,
        -0.739260733127594,
        -3.2872419357299805,
        1.9203321933746338,
        0.8382453918457031,
        -0.1249844878911972,
        -0.5602013468742371,
        -0.4275013506412506,
        -0.875145673751831,
        1.9201496839523315,
        -1.4630287885665894
    ],
    "jaw_pose": [
        0.015253798104822636,
        -0.040266893804073334,
        0.044187769293785095
    ],
    "leye_pose": [
        0.7352888584136963,
        0.8611205816268921,
        0.08328601717948914
    ],
    "reye_pose": [
        -0.29633110761642456,
        0.49759912490844727,
        -0.36892953515052795
    ],
    "expression": [
        -0.2786779999732971,
        -1.0904388427734375,
        -0.02118232287466526,
        0.3299463391304016,
        -0.5117591023445129,
        -0.4936111867427826,
        -0.24201801419258118,
        0.7988028526306152,
        -0.13684605062007904,
        0.4693372845649719
    ]
}