{
    "betas": [
        0.7600249648094177,
        -1.1669915914535522,
        0.3549462854862213,
        -0.13767094910144806,
        -0.09054505825042725,
        0.11347557604312897,
        1.0144217014312744,
        -0.8259246945381165,
        0.21328966319561005,
        -1.6695894002914429
    ],
    "global_orient": [
        0.026832839474081993,
        1.4928467273712158,
        -0.10709398984909058
    ],
    "body_pose": [
        -0.40579092502593994,
        0.18596164882183075,
        -0.061636343598365784,
        0.21354570984840393,
        0.15978537499904633,
        -0.037177734076976776,
        0.02956472896039486,
        0.09430889785289764,
        0.033564403653144836,
        0.41051185131073,
        -0.28511151671409607,
        0.006183830555528402,
        0.3129135072231293,
        0.20058153569698334,
        -0.029682252556085587,
        0.11291913688182831,
        0.06549789011478424,
        -0.03173533454537392,
        0.08801098167896271,
        0.021217430010437965,
        1.5116888789634686e-06,
        0.560874879360199,
        0.3115438222885132,
        1.228004975928343e-06,
        -0.09922900795936584,
        -0.0007726429612375796,
        0.013394191861152649,
        4.628606802725699e-06,
        1.8549581000115722e-06,
        3.3096978313551517e-06,
        3.122337943750608e-07,
        1.8925156837212853e-06,
        2.5583528895367635e-06,
        -0.06969492882490158,
        -0.04133909195661545,
        -0.01191787701100111,
        -0.11791325360536575,
        -0.5225186944007874,
        -0.012473715469241142,
        -0.2671096622943878,
        0.5974400639533997,
        -0.20087236166000366,
        -0.1160145029425621,
        -0.08902197331190109,
        0.036276258528232574,
        -0.14303100109100342,
        -0.6409786939620972,
        -0.6643509268760681,
        -0.26756152510643005,
        0.7750070691108704,
        -0.25741076469421387,
        -0.007077322807163,
        -0.25158730149269104,
        -0.264035165309906,
        -0.144389346241951,
        0.47327274084091187,
        -0.21839192509651184,
        0.17228879034519196,
        0.08696299046278,
        -0.19143901765346527,
        -0.33914756774902344,
        -0.09249363839626312,
        -0.06581281125545502
    ],
    "transl": [
        -0.15647490322589874,
        1.6003793478012085,
        -0.022700540721416473
    ],
    "left_hand_pose": [
        -2.886803388595581,
        0.6666233539581299,
        -1.4200024604797363,
        -2.70066237449646,
        0.057213492691516876,
        1.6342231035232544,
        -0.07695159316062927,
        -0.24007725715637207,
        -0.08699999749660492,
        -0.6354218125343323,
        1.3478623628616333,
        -3.7865407466888428
    ],
    "right_hand_pose": [
        -2.785827159881592,
        1.2687058448791504,
        -1.251660704612732,
        -2.1459763050079346,
        -0.3256162106990814,
        2.7698798179626465,
        0.43491503596305847,
        -1.2438561916351318,
        -0.716179609298706,
        -0.8389449119567871,
        2.1024458408355713,
        -3.4079322814941406
    ],
    "jaw_pose": [
        0.003803644562140107,
        -0.032217733561992645,
        0.019071150571107864
    ],
    "leye_pose": [
        0.3407434821128845,
        0.6552152633666992,
        0.011524217203259468
    ],
    "reye_pose": [
        -0.2356582134962082,
        0.4037519097328186,
        -0.28128746151924133
    ],
    "expression": [
        -0.8710538148880005,
        -0.6871182918548584,
        0.014843996614217758,
        0.11322440952062607,
        -0.47563332319259644,
        -0.7946287989616394,
        -0.28009140491485596,
        0.5895060896873474,
        -0.15832427144050598,
        0.3616965115070343
    ]
}