{
    "betas": [
        0.51643967628479,
        -0.620445728302002,
        0.3636775314807892,
        0.21842363476753235,
        0.39267244935035706,
        -0.14906826615333557,
        0.5335723757743835,
        -0.9169104695320129,
        -0.0329740047454834,
        -1.4493660926818848
    ],
    "global_orient": [
        -0.11810839176177979,
        0.41165608167648315,
        -0.0017394842579960823
    ],
    "body_pose": [
        -0.1659155637025833,
        0.4787368178367615,
        0.12497130781412125,
        0.07369902729988098,
        0.4211971163749695,
        -0.12728272378444672,
        -0.053892314434051514,
        0.047174785286188126,
        0.07227707654237747,
        0.35961562395095825,
        -0.5741036534309387,
        0.06029701232910156,
        0.21128566563129425,
        -0.09509386122226715,
        0.07381679117679596,
        0.1536969244480133,
        0.13397368788719177,
        -0.08894257247447968,
        -0.0734189972281456,
        -0.04025248438119888,
        1.3238568499218673e-06,
        0.045388396829366684,
        -0.6204760670661926,
        -2.0489489997999044e-06,
        -0.08460546284914017,
        0.01674044132232666,
        -0.008928325027227402,
        6.015501185174799e-06,
        3.879127234540647e-06,
        4.97980045111035e-06,
        7.061401561259117e-07,
        2.30755017582851e-06,
        -1.2214394473630819e-07,
        -0.1100621297955513,
        -0.008685031905770302,
        0.08454450964927673,
        -0.22632773220539093,
        -0.2216947376728058,
        0.48426321148872375,
        -0.3306299149990082,
        0.18677785992622375,
        -0.41061925888061523,
        -0.009898821823298931,
        -0.15772220492362976,
        -0.05056469887495041,
        -0.15732549130916595,
        -0.28894951939582825,
        0.5968953967094421,
        -0.32476210594177246,
        0.41835859417915344,
        -0.6351919174194336,
        -0.4276198446750641,
        -0.29665833711624146,
        0.1456519067287445,
        -0.24477244913578033,
        0.7082204818725586,
        -0.5447073578834534,
        0.09057940542697906,
        0.10288426280021667,
        -0.025605712085962296,
        -0.7945297360420227,
        -0.0978565365076065,
        -0.023264270275831223
    ],
    "transl": [
        -0.08366480469703674,
        1.595418930053711,
        -0.053012195974588394
    ],
    "left_hand_pose": [
        -3.2627453804016113,
        -0.23254188895225525,
        -2.7249794006347656,
        -1.2817968130111694,
        -1.9287258386611938,
        3.032607316970825,
        -2.3622145652770996,
        0.1955888271331787,
        1.6860392093658447,
        0.8232078552246094,
        3.024113893508911,
        -6.405658721923828
    ],
    "right_hand_pose": [
        -3.0575132369995117,
        1.403683066368103,
        -0.08890435099601746,
        -1.6831464767456055,
        -1.2846580743789673,
        2.190703868865967,
        0.5746600031852722,
        -1.0837279558181763,
        -0.3655162751674652,
        0.8300915360450745,
        4.737850666046143,
        -0.7093828320503235
    ],
    "jaw_pose": [
        0.018447665497660637,
        -0.02110109105706215,
        0.041868917644023895
    ],
    "leye_pose": [
        -0.1908825784921646,
        0.37573716044425964,
        0.26194265484809875
    ],
    "reye_pose": [
        -0.14799289405345917,
        0.2488001137971878,
        -0.5897173285484314
    ],
    "expression": [
        -0.9988241791725159,
        -0.6989611387252808,
        0.29782357811927795,
        0.19002147018909454,
        -0.37351351976394653,
        -0.7293345332145691,
        -0.1444859355688095,
        0.6066316366195679,
        -0.16853956878185272,
        0.12075642496347427
    ]
}