{
    "betas": [
        0.5979523062705994,
        -0.9656025171279907,
        0.4701571464538574,
        -0.3054395616054535,
        -0.02637210302054882,
        0.01943870633840561,
        1.1291972398757935,
        -0.2886391282081604,
        0.23381267488002777,
        -1.2347882986068726
    ],
    "global_orient": [
        -0.09348565340042114,
        0.2749535143375397,
        -0.0361071415245533
    ],
    "body_pose": [
        -0.3062630295753479,
        0.43972665071487427,
        0.10375429689884186,
        -0.05696967989206314,
        -0.06412959843873978,
        -0.1307075470685959,
        0.11874671280384064,
        -0.04593069851398468,
        0.06089169904589653,
        0.44277119636535645,
        -0.2561976909637451,
        0.018285760655999184,
        0.45812639594078064,
        -0.1275365948677063,
        0.03407975658774376,
        0.17983302474021912,
        0.0827203318476677,
        -0.07161075621843338,
        -0.008244592696428299,
        0.2236431986093521,
        2.4625996957183816e-06,
        0.13951268792152405,
        -0.6768584847450256,
        -2.8820197712775553e-06,
        -0.03579581528902054,
        0.11394285410642624,
        0.0011054365895688534,
        7.3570386120991316e-06,
        2.4439023036393337e-06,
        5.423866696219193e-06,
        5.193193715058442e-07,
        1.3771511930826819e-06,
        -2.278950432810234e-07,
        -0.204618901014328,
        0.08051975816488266,
        -0.04733184725046158,
        -0.2916853129863739,
        -0.3419518768787384,
        0.3168398439884186,
        -0.009301450103521347,
        0.28167855739593506,
        0.39394670724868774,
        -0.055173907428979874,
        -0.0793476551771164,
        0.04288289695978165,
        -0.13542357087135315,
        -0.9228082299232483,
        -0.05860945209860802,
        0.0039045766461640596,
        0.3496127128601074,
        0.7629929184913635,
        -0.1503530591726303,
        -0.3582575023174286,
        0.06463416665792465,
        0.1446191519498825,
        0.35062119364738464,
        0.14259697496891022,
        0.19428974390029907,
        0.20788030326366425,
        -0.2398742288351059,
        0.07007361203432083,
        -0.060853805392980576,
        0.1582971066236496
    ],
    "transl": [
        -0.2946358323097229,
        1.59463632106781,
        -0.019996508955955505
    ],
    "left_hand_pose": [
        -2.7526626586914062,
        0.8369536995887756,
        -0.9293389320373535,
        -2.7621593475341797,
        0.5866884589195251,
        2.001185417175293,
        0.21448737382888794,
        -1.0106537342071533,
        -0.6193574666976929,
        -0.6607837080955505,
        0.9215709567070007,
        -2.271205425262451
    ],
    "right_hand_pose": [
        -1.843461513519287,
        1.5776182413101196,
        -1.6296707391738892,
        -3.2225253582000732,
        1.6684815883636475,
        1.9730298519134521,
        -1.0933103561401367,
        -0.8707729578018188,
        0.4955485761165619,
        -0.5444797277450562,
        2.081172466278076,
        -2.6441307067871094
    ],
    "jaw_pose": [
        -0.004015440586954355,
        -0.021015534177422523,
        0.03338633477687836
    ],
    "leye_pose": [
        0.4945497214794159,
        0.6250808238983154,
        0.24062064290046692
    ],
    "reye_pose": [
        -0.25955983996391296,
        0.3260806202888489,
        -0.2446790635585785
    ],
    "expression": [
        -0.8120711445808411,
        -0.4807235896587372,
        0.1013566255569458,
        0.29744753241539,
        -0.6177141070365906,
        -0.6487718820571899,
        -0.14016006886959076,
        0.7106749415397644,
        0.011509433388710022,
        0.2522319257259369
    ]
}