{
    "betas": [
        0.6050475239753723,
        -0.4955437481403351,
        0.7256534695625305,
        -0.22897782921791077,
        0.10355579853057861,
        -0.03365243226289749,
        0.010880510322749615,
        -0.6828323602676392,
        -0.9581136107444763,
        -1.8761398792266846
    ],
    "global_orient": [
        -0.2246168553829193,
        1.8985520601272583,
        0.16539354622364044
    ],
    "body_pose": [
        0.14113062620162964,
        0.07708538323640823,
        -0.026190172880887985,
        -0.33589425683021545,
        0.03894281014800072,
        0.05450289696455002,
        0.17196539044380188,
        -0.3595874309539795,
        -0.016616366803646088,
        0.29236873984336853,
        -0.6216977834701538,
        0.0055629294365644455,
        0.5078940987586975,
        0.13120831549167633,
        0.0951089933514595,
        0.21355752646923065,
        0.173287495970726,
        -0.06933864206075668,
        0.011077068746089935,
        0.21718727052211761,
        4.909919880446978e-06,
        0.4845440089702606,
        -0.46710261702537537,
        -7.05012098478619e-06,
        -0.11288361251354218,
        -0.115778848528862,
        0.04146280884742737,
        1.1125537639600225e-05,
        4.686738975578919e-06,
        7.3532860369596165e-06,
        3.60701324098045e-06,
        3.2855496101547033e-06,
        -2.7906826289836317e-06,
        -0.19187434017658234,
        -0.07640060037374496,
        0.10688767582178116,
        0.03336112201213837,
        -0.0008676099241711199,
        0.1968408077955246,
        -0.04340407997369766,
        -0.07395020127296448,
        -0.03170321509242058,
        0.19813081622123718,
        -0.0388980433344841,
        -0.029932811856269836,
        0.3091072142124176,
        -0.6085811853408813,
        -0.07616135478019714,
        0.05299311876296997,
        0.45878759026527405,
        0.11829644441604614,
        -0.21610845625400543,
        -1.8096357583999634,
        0.6251600980758667,
        -0.07428678125143051,
        2.1828064918518066,
        -0.17914794385433197,
        0.05273065343499184,
        -0.5091052055358887,
        -0.21993602812290192,
        -0.30812907218933105,
        0.207207590341568,
        0.21498776972293854
    ],
    "transl": [
        0.22024813294410706,
        1.6221874952316284,
        -0.16871143877506256
    ],
    "left_hand_pose": [
        -3.5598647594451904,
        0.4294326901435852,
        -0.2723621428012848,
        -2.0088977813720703,
        -1.1979821920394897,
        1.720704436302185,
        0.8303333520889282,
        -0.3948725759983063,
        -0.14594490826129913,
        0.847811222076416,
        3.740521192550659,
        -0.9976496696472168
    ],
    "right_hand_pose": [
        -2.845322370529175,
        1.6877962350845337,
        0.9264384508132935,
        -0.7027016282081604,
        -1.1937615871429443,
        1.298783302307129,
        1.2184579372406006,
        -1.3890269994735718,
        -2.299016237258911,
        1.7774975299835205,
        6.741150379180908,
        4.463808059692383
    ],
    "jaw_pose": [
        -0.014989099465310574,
        -0.02455955557525158,
        0.04796358570456505
    ],
    "leye_pose": [
        -0.11777820438146591,
        0.6624875664710999,
        -0.4450295865535736
    ],
    "reye_pose": [
        -0.32012149691581726,
        0.32723233103752136,
        -0.5646633505821228
    ],
    "expression": [
        -0.711338996887207,
        -0.5052821636199951,
        -0.22732658684253693,
        -0.050896335393190384,
        -0.5397291779518127,
        -0.6632711887359619,
        -0.08344211429357529,
        0.6180448532104492,
        -0.16378797590732574,
        0.41912642121315
    ]
}