{
    "betas": [
        0.7194386720657349,
        -1.2232909202575684,
        0.43027758598327637,
        -0.19733430445194244,
        0.02156374789774418,
        0.16690263152122498,
        0.9592542052268982,
        -0.6262950301170349,
        0.2820870876312256,
        -0.8352680802345276
    ],
    "global_orient": [
        -0.017520330846309662,
        -1.3687222003936768,
        -0.08835938572883606
    ],
    "body_pose": [
        0.09875649213790894,
        0.0011921143159270287,
        -0.007948369719088078,
        -0.27825623750686646,
        -0.09416944533586502,
        0.12905453145503998,
        0.052245255559682846,
        -0.22848360240459442,
        0.03728475421667099,
        0.527429461479187,
        -0.17332889139652252,
        0.02508527785539627,
        0.32182568311691284,
        0.2675600051879883,
        -0.02920544147491455,
        0.08927934616804123,
        -0.059827808290719986,
        -0.030206210911273956,
        0.0008631831733509898,
        0.2653055191040039,
        9.598602446203586e-07,
        0.06752882897853851,
        -0.03878811001777649,
        -2.6645925572665874e-06,
        -0.037113696336746216,
        0.013189475983381271,
        0.04680830240249634,
        3.254543798902887e-06,
        1.378564093101886e-06,
        3.3654489470791304e-06,
        2.540635023251525e-06,
        1.4470393807641813e-06,
        -1.3090283346173237e-06,
        -0.02472866140305996,
        0.07978744059801102,
        0.03541531041264534,
        -0.3339623510837555,
        -0.5038042068481445,
        0.4486328959465027,
        0.005411852616816759,
        0.40720999240875244,
        0.35356324911117554,
        -0.05329599604010582,
        0.05264117196202278,
        0.011081112548708916,
        -0.20423981547355652,
        -0.9497435688972473,
        0.3709917366504669,
        -0.05034581199288368,
        0.4153707027435303,
        0.9183123707771301,
        -0.17507438361644745,
        -0.1984606832265854,
        0.15323840081691742,
        0.11623780429363251,
        0.30857256054878235,
        0.17545302212238312,
        -0.08510465174913406,
        0.1675427258014679,
        0.15003660321235657,
        0.09447174519300461,
        -0.14668869972229004,
        0.07529765367507935
    ],
    "transl": [
        -0.3819621503353119,
        1.5967302322387695,
        0.0005429141456261277
    ],
    "left_hand_pose": [
        -3.0870871543884277,
        0.9593490958213806,
        -1.0419138669967651,
        -2.456310272216797,
        -0.32295504212379456,
        2.088954448699951,
        0.765069842338562,
        -0.858462929725647,
        -0.4203394651412964,
        -0.23806025087833405,
        1.6360479593276978,
        -2.106306791305542
    ],
    "right_hand_pose": [
        -2.524441719055176,
        1.2919641733169556,
        -1.4382497072219849,
        -2.7194747924804688,
        1.166195034980774,
        1.3741825819015503,
        -1.1120861768722534,
        -0.5023306608200073,
        0.8090372085571289,
        -0.48342618346214294,
        2.544623613357544,
        -2.841656446456909
    ],
    "jaw_pose": [
        -0.002626494038850069,
        0.006734007969498634,
        -0.023940788581967354
    ],
    "leye_pose": [
        0.47827836871147156,
        -0.10545122623443604,
        -0.2913830280303955
    ],
    "reye_pose": [
        -0.005381148774176836,
        -0.10452737659215927,
        0.2563531696796417
    ],
    "expression": [
        -0.6570830941200256,
        -0.34853556752204895,
        -0.16060921549797058,
        0.39875122904777527,
        -0.6360291242599487,
        -0.5124818682670593,
        -0.000432055676355958,
        0.3820798993110657,
        -0.14630629122257233,
        0.2847471833229065
    ]
}