{
    "betas": [
        0.8771862983703613,
        -1.2186473608016968,
        0.5684943199157715,
        -0.24009139835834503,
        0.09350430965423584,
        0.07882943749427795,
        1.018336534500122,
        -0.6934247612953186,
        0.199212446808815,
        -1.7055084705352783
    ],
    "global_orient": [
        -3.273043330409564e-05,
        1.3451014757156372,
        -0.06927859783172607
    ],
    "body_pose": [
        -0.29467010498046875,
        0.25837236642837524,
        -0.06708148121833801,
        0.16974547505378723,
        0.11823630332946777,
        -0.03318469971418381,
        0.032426826655864716,
        0.08076901733875275,
        0.051947902888059616,
        0.35955506563186646,
        -0.22826817631721497,
        0.017358323559165,
        0.4654006063938141,
        0.12690450251102448,
        -0.10331147164106369,
        0.14411267638206482,
        0.054091982543468475,
        -0.07665803283452988,
        0.04197961837053299,
        0.05407671257853508,
        7.78055607497663e-07,
        0.6768689751625061,
        0.0264076329767704,
        1.0766921150207054e-06,
        -0.06881151348352432,
        -0.04016178846359253,
        0.04632030427455902,
        3.4698682611633558e-06,
        1.8532006151872338e-06,
        3.836073119600769e-06,
        -1.4357627975414289e-08,
        1.656245103731635e-06,
        1.7948985941984574e-06,
        -0.13702036440372467,
        -0.05932712182402611,
        0.0749182403087616,
        -0.041972555220127106,
        -0.417213499546051,
        -0.1285971701145172,
        -0.33300161361694336,
        0.5461588501930237,
        -0.26395994424819946,
        -0.10645759850740433,
        -0.15573620796203613,
        0.013818785548210144,
        -0.07387983053922653,
        -0.44981849193573,
        -0.7086983919143677,
        -0.2800070643424988,
        0.8812829256057739,
        -0.37821561098098755,
        -0.017272572964429855,
        -0.22544226050376892,
        -0.2708263695240021,
        -0.2723488509654999,
        0.4780992865562439,
        -0.39242643117904663,
        0.27218732237815857,
        0.052148789167404175,
        -0.16110050678253174,
        -0.6060172915458679,
        0.03735245019197464,
        -0.06871141493320465
    ],
    "transl": [
        -0.13120116293430328,
        1.5986498594284058,
        -0.028744053095579147
    ],
    "left_hand_pose": [
        -2.9904181957244873,
        0.5822645425796509,
        -1.5796151161193848,
        -2.599569797515869,
        0.43712490797042847,
        1.2811338901519775,
        -0.5965050458908081,
        -0.2130788266658783,
        -0.32006731629371643,
        -0.6106204986572266,
        1.2540348768234253,
        -3.6587576866149902
    ],
    "right_hand_pose": [
        -2.835574150085449,
        0.9985532760620117,
        -0.7799050211906433,
        -2.1144907474517822,
        -0.6281003952026367,
        2.366274118423462,
        0.8155181407928467,
        -1.3399907350540161,
        -2.1128149032592773,
        -0.993137776851654,
        1.877975344657898,
        -2.921635389328003
    ],
    "jaw_pose": [
        0.02072473056614399,
        -0.027079321444034576,
        0.008829286321997643
    ],
    "leye_pose": [
        0.0970158725976944,
        0.32997608184814453,
        -0.4971572160720825
    ],
    "reye_pose": [
        -0.25213485956192017,
        0.3144650161266327,
        -0.35045671463012695
    ],
    "expression": [
        -0.5103071331977844,
        -0.7939856648445129,
        0.21178264915943146,
        0.29794788360595703,
        -0.3529605567455292,
        -0.6313106417655945,
        -0.2280053049325943,
        0.5550540089607239,
        -0.2227042019367218,
        0.2578210234642029
    ]
}