{
    "betas": [
        0.847088098526001,
        -1.3721004724502563,
        0.4143690764904022,
        -0.2331799417734146,
        0.24066868424415588,
        0.08785800635814667,
        1.0519437789916992,
        -0.5995833873748779,
        0.22896718978881836,
        -1.7475517988204956
    ],
    "global_orient": [
        0.003805367508903146,
        1.4467307329177856,
        -0.062451403588056564
    ],
    "body_pose": [
        -0.31467872858047485,
        0.15641145408153534,
        -0.08354377001523972,
        0.23281492292881012,
        0.19287295639514923,
        -0.017158187925815582,
        0.03840627893805504,
        0.0858398824930191,
        0.04554770514369011,
        0.39523959159851074,
        -0.1967085301876068,
        0.024334777146577835,
        0.4024617671966553,
        0.20581036806106567,
        -0.07135991007089615,
        0.10262491554021835,
        0.06743431836366653,
        -0.05375048890709877,
        0.006920917425304651,
        0.012423938140273094,
        9.519421269033046e-07,
        0.5951234698295593,
        0.1868239939212799,
        1.7839732890934101e-06,
        -0.07186192274093628,
        -0.01611846312880516,
        0.01467741560190916,
        2.9951099804748083e-06,
        1.603801592864329e-06,
        2.860243284885655e-06,
        -3.012444551586668e-07,
        2.0788652363989968e-06,
        1.7544531374369399e-06,
        -0.07615695893764496,
        -0.07563535124063492,
        0.07463258504867554,
        -0.06729666143655777,
        -0.5068852305412292,
        -0.05419417470693588,
        -0.2861712574958801,
        0.572828471660614,
        -0.21443164348602295,
        -0.0971360132098198,
        -0.15435045957565308,
        0.022018563002347946,
        -0.0734986737370491,
        -0.6087995767593384,
        -0.5013984441757202,
        -0.24191106855869293,
        0.790470540523529,
        -0.3809298276901245,
        -0.031668420881032944,
        -0.28345322608947754,
        -0.20055928826332092,
        -0.20244044065475464,
        0.4503048360347748,
        -0.23387247323989868,
        0.20825062692165375,
        0.05702044814825058,
        -0.08807225525379181,
        -0.4451226592063904,
        0.04115875065326691,
        -0.018978480249643326
    ],
    "transl": [
        -0.13543881475925446,
        1.5926645994186401,
        -0.028174640610814095
    ],
    "left_hand_pose": [
        -2.936962127685547,
        0.7568333745002747,
        -1.4276293516159058,
        -2.6537024974823,
        0.46931082010269165,
        1.5101419687271118,
        -0.17981287837028503,
        -0.3716966211795807,
        -0.8464670181274414,
        -0.8242813348770142,
        1.2659467458724976,
        -3.3240344524383545
    ],
    "right_hand_pose": [
        -2.700612783432007,
        1.0573443174362183,
        -0.80168217420578,
        -2.2448103427886963,
        -0.2914621829986572,
        1.9094325304031372,
        1.014005422592163,
        -1.146555781364441,
        -2.2119386196136475,
        -1.13646399974823,
        1.4663701057434082,
        -2.730287551879883
    ],
    "jaw_pose": [
        0.016536492854356766,
        -0.032373275607824326,
        0.014536035247147083
    ],
    "leye_pose": [
        0.14943647384643555,
        0.5688261985778809,
        -0.26415497064590454
    ],
    "reye_pose": [
        -0.33573174476623535,
        0.3997247517108917,
        -0.4374006390571594
    ],
    "expression": [
        -0.45541131496429443,
        -0.8833879828453064,
        0.04501340910792351,
        0.10107021778821945,
        -0.41000285744667053,
        -0.7441825866699219,
        -0.18867488205432892,
        0.6026542782783508,
        -0.20840229094028473,
        0.31654876470565796
    ]
}