{
    "betas": [
        0.6275578141212463,
        -1.2746630907058716,
        0.3604716658592224,
        -0.26808780431747437,
        0.1250123679637909,
        0.07286097854375839,
        0.9762995839118958,
        -0.4478972852230072,
        0.29591965675354004,
        -0.9550618529319763
    ],
    "global_orient": [
        -0.05876404419541359,
        -1.4700380563735962,
        -0.1156662330031395
    ],
    "body_pose": [
        0.1632048487663269,
        -0.04033442214131355,
        -0.013352849520742893,
        -0.22713689506053925,
        -0.014416308142244816,
        0.08018481731414795,
        0.06045312061905861,
        -0.09906747937202454,
        0.03268103301525116,
        0.4714964032173157,
        -0.17815987765789032,
        -0.03393401578068733,
        0.18690481781959534,
        0.24660281836986542,
        0.013541377149522305,
        0.10372841358184814,
        -0.04985908418893814,
        -0.019210806116461754,
        -0.09866480529308319,
        0.1587691456079483,
        1.5401633390865754e-06,
        0.18252795934677124,
        0.024309150874614716,
        -1.8321147763344925e-06,
        -0.07326875627040863,
        -0.053973328322172165,
        0.056981466710567474,
        5.634161425405182e-06,
        1.5130225392567809e-06,
        3.5145330912200734e-06,
        3.675640073197428e-06,
        1.3346414107218152e-06,
        -1.2330633580859285e-06,
        0.014899580739438534,
        0.09565670788288116,
        -0.0028831951785832644,
        -0.3595410883426666,
        -0.4901081621646881,
        0.33267149329185486,
        -0.06899715960025787,
        0.4817756712436676,
        0.2408173680305481,
        -0.0019474299624562263,
        0.08100981265306473,
        0.017959117889404297,
        -0.1442285031080246,
        -0.9445192217826843,
        0.00313600548543036,
        -0.11118371784687042,
        0.6689886450767517,
        0.7241372466087341,
        -0.09576468914747238,
        -0.34520938992500305,
        0.1362626701593399,
        0.08303863555192947,
        0.3744010031223297,
        0.0550125390291214,
        -0.030514460057020187,
        0.11915147304534912,
        0.026829931885004044,
        -0.034925736486911774,
        -0.09022446721792221,
        0.13724416494369507
    ],
    "transl": [
        -0.3250809609889984,
        1.6032025814056396,
        0.0072367629036307335
    ],
    "left_hand_pose": [
        -2.9806275367736816,
        0.8233364820480347,
        -1.144875168800354,
        -2.736119508743286,
        0.2205113023519516,
        2.2452211380004883,
        0.3744315505027771,
        -1.047033429145813,
        -0.4280717968940735,
        -0.6783942580223083,
        1.076428771018982,
        -2.8396427631378174
    ],
    "right_hand_pose": [
        -2.2903835773468018,
        1.320438027381897,
        -1.4001471996307373,
        -2.4357922077178955,
        0.6213284134864807,
        2.1373844146728516,
        -0.22963903844356537,
        -0.9477282166481018,
        0.12327811866998672,
        -0.3950677812099457,
        2.0490033626556396,
        -2.3580868244171143
    ],
    "jaw_pose": [
        0.0007094598258845508,
        0.017293423414230347,
        -0.03144272044301033
    ],
    "leye_pose": [
        0.420186311006546,
        -0.01556374877691269,
        -0.203416645526886
    ],
    "reye_pose": [
        -0.2650361955165863,
        -0.2041398584842682,
        0.060522839426994324
    ],
    "expression": [
        -0.39294540882110596,
        -0.5343830585479736,
        -0.1810433566570282,
        0.19925758242607117,
        -0.5051200985908508,
        -0.5318818688392639,
        -0.10734584927558899,
        0.515393078327179,
        -0.12513971328735352,
        0.2816627323627472
    ]
}