{
    "betas": [
        0.7089102864265442,
        -0.9241213202476501,
        0.21077491343021393,
        -0.45223337411880493,
        -0.0031250736210495234,
        0.07835228741168976,
        0.619539737701416,
        -0.3574642539024353,
        0.24757440388202667,
        -2.0066792964935303
    ],
    "global_orient": [
        -0.13780798017978668,
        0.21596494317054749,
        -0.0031571669969707727
    ],
    "body_pose": [
        -0.19380448758602142,
        0.37759920954704285,
        0.14809773862361908,
        -0.13818903267383575,
        -0.19528645277023315,
        -0.06399686634540558,
        0.050788331776857376,
        -0.05618453025817871,
        0.03447024151682854,
        0.6042884588241577,
        -0.2285989373922348,
        0.043085888028144836,
        0.38947606086730957,
        0.20290178060531616,
        -0.05302297696471214,
        0.22881606221199036,
        -0.01206681877374649,
        -0.04803112521767616,
        0.013236013241112232,
        0.20761768519878387,
        -2.0215000517964654e-07,
        0.0689309686422348,
        -0.12204261124134064,
        -2.8116642170061823e-06,
        -0.07131858915090561,
        -0.020913589745759964,
        0.027836957946419716,
        4.061431354784872e-06,
        2.2230492504604626e-06,
        4.512134182732552e-06,
        9.581867743690964e-07,
        6.757034611837298e-07,
        1.6031776794989128e-06,
        -0.13092920184135437,
        0.05143512785434723,
        0.014776264317333698,
        -0.2029467225074768,
        -0.3288751542568207,
        0.0649803876876831,
        -0.13094022870063782,
        0.29804328083992004,
        0.28696581721305847,
        -0.030568314716219902,
        -0.06440548598766327,
        -0.013594464398920536,
        -0.06901662796735764,
        -0.7649484276771545,
        -0.7974852919578552,
        -0.20721018314361572,
        0.3494012653827667,
        0.4845544695854187,
        -0.04653196036815643,
        -0.5020362734794617,
        -0.015070521272718906,
        -0.16418059170246124,
        0.338951975107193,
        -0.022723812609910965,
        0.31620484590530396,
        -0.0770522877573967,
        -0.03245382755994797,
        -0.40538322925567627,
        -0.06549990177154541,
        0.09932312369346619
    ],
    "transl": [
        -0.17281030118465424,
        1.5961459875106812,
        -0.03819466382265091
    ],
    "left_hand_pose": [
        -2.881868600845337,
        1.019736886024475,
        -0.8012566566467285,
        -3.5596365928649902,
        1.6181968450546265,
        1.8197739124298096,
        -0.923919677734375,
        -0.8692594170570374,
        0.3543091416358948,
        -0.7364994287490845,
        1.5035358667373657,
        -2.5324676036834717
    ],
    "right_hand_pose": [
        -2.5692808628082275,
        1.2662760019302368,
        -0.9973244667053223,
        -2.4131112098693848,
        0.08675310760736465,
        2.161120653152466,
        0.45947983860969543,
        -0.8989362120628357,
        -0.7959854602813721,
        -0.48530757427215576,
        2.022451162338257,
        -2.2280051708221436
    ],
    "jaw_pose": [
        0.006086939945816994,
        -0.005049472209066153,
        0.014529988169670105
    ],
    "leye_pose": [
        0.2612455189228058,
        0.5447131991386414,
        -0.31725162267684937
    ],
    "reye_pose": [
        -0.2527431845664978,
        0.2892722189426422,
        -0.4926360547542572
    ],
    "expression": [
        -1.1751313209533691,
        -0.09931913763284683,
        0.4091890752315521,
        0.6180410981178284,
        -0.6487715244293213,
        -0.4605588912963867,
        -0.10858134925365448,
        0.6196262836456299,
        0.05905572697520256,
        0.13432136178016663
    ]
}