{
    "betas": [
        0.715644121170044,
        -1.0071667432785034,
        0.23292815685272217,
        -0.24869970977306366,
        0.07531914114952087,
        0.10720156878232956,
        0.9183971881866455,
        -0.49189046025276184,
        0.24347665905952454,
        -1.501898169517517
    ],
    "global_orient": [
        -0.018559418618679047,
        1.465683102607727,
        -0.14698871970176697
    ],
    "body_pose": [
        -0.44494062662124634,
        0.1254284381866455,
        -0.05925877392292023,
        0.234886035323143,
        0.22811955213546753,
        0.024733543395996094,
        0.11148367077112198,
        -0.07678312063217163,
        0.10416936874389648,
        0.5253886580467224,
        -0.3654635548591614,
        0.029193809255957603,
        0.34152090549468994,
        0.2727067172527313,
        -0.004728255327790976,
        0.06791078299283981,
        0.08690767735242844,
        -0.025527223944664,
        -0.058701470494270325,
        0.15372303128242493,
        5.440685072244378e-06,
        0.5382241010665894,
        0.16531772911548615,
        2.0039090031787055e-06,
        -0.0947083830833435,
        0.11260700225830078,
        0.030210791155695915,
        9.477768799115438e-06,
        3.1655099519412033e-06,
        7.164972430473426e-06,
        -9.74988552115974e-07,
        1.9399756183702266e-06,
        1.4387735518539557e-06,
        -0.16996219754219055,
        -0.04327677935361862,
        -0.06557340919971466,
        -0.31112900376319885,
        -0.4104951024055481,
        0.4764714539051056,
        0.020264778286218643,
        0.47679418325424194,
        0.26386281847953796,
        -0.05797577276825905,
        -0.08257579058408737,
        0.09328095614910126,
        -0.21604296565055847,
        -0.7898852229118347,
        0.5579084753990173,
        -0.03741006180644035,
        0.5260183215141296,
        0.8423093557357788,
        -0.22633153200149536,
        -0.19041308760643005,
        0.08597887307405472,
        0.22445543110370636,
        0.3197113275527954,
        0.21324966847896576,
        -0.06175011768937111,
        0.14757274091243744,
        0.0577169694006443,
        0.1488698571920395,
        -0.1254977583885193,
        0.05183514580130577
    ],
    "transl": [
        -0.14401520788669586,
        1.5810177326202393,
        -0.039852216839790344
    ],
    "left_hand_pose": [
        -3.0348832607269287,
        0.7420783638954163,
        -0.8342933058738708,
        -2.645738124847412,
        0.054858192801475525,
        2.213520050048828,
        0.4915712773799896,
        -1.2326204776763916,
        -1.4454916715621948,
        -0.9415311217308044,
        0.9214411377906799,
        -2.953939914703369
    ],
    "right_hand_pose": [
        -2.5497474670410156,
        1.6981899738311768,
        -0.9121856689453125,
        -3.0495834350585938,
        1.4356300830841064,
        1.1438841819763184,
        0.008066895417869091,
        -0.6667405962944031,
        -0.4833022654056549,
        -0.8644797801971436,
        1.9928950071334839,
        -1.702323079109192
    ],
    "jaw_pose": [
        0.017672820016741753,
        -0.041174888610839844,
        0.04326985031366348
    ],
    "leye_pose": [
        0.40654024481773376,
        0.5246987342834473,
        -0.29456081986427307
    ],
    "reye_pose": [
        -0.2573094964027405,
        0.47652021050453186,
        -0.4242437779903412
    ],
    "expression": [
        -0.25472527742385864,
        -1.1038897037506104,
        -0.030459392815828323,
        0.43696242570877075,
        -0.5355381369590759,
        -0.4956347644329071,
        -0.26378756761550903,
        0.7679484486579895,
        -0.09789889305830002,
        0.5171504616737366
    ]
}