{
    "betas": [
        0.7191382050514221,
        -1.067427158355713,
        0.4361298680305481,
        -0.21390493214130402,
        0.019482450559735298,
        0.07177142053842545,
        0.8502573370933533,
        -0.7595599889755249,
        0.22333501279354095,
        -1.2121044397354126
    ],
    "global_orient": [
        -0.08180887997150421,
        -1.500220775604248,
        -0.0681673213839531
    ],
    "body_pose": [
        0.21537525951862335,
        0.01873454451560974,
        -0.07567089051008224,
        -0.40212157368659973,
        -0.2044070065021515,
        -0.02269130013883114,
        0.05885492265224457,
        0.007601008750498295,
        -0.03229406103491783,
        0.09420773386955261,
        -0.2872218191623688,
        -0.00579281710088253,
        0.15089115500450134,
        0.25964099168777466,
        -0.056442271918058395,
        0.1885080337524414,
        0.011157090775668621,
        -0.033447109162807465,
        -0.13136111199855804,
        0.04730924218893051,
        3.694695124067948e-06,
        0.24075429141521454,
        0.11322111636400223,
        -1.7468225905759027e-06,
        -0.060839224606752396,
        -0.17457038164138794,
        0.028783967718482018,
        5.15651026944397e-06,
        2.1194152850512182e-06,
        3.294751422799891e-06,
        6.054523055354366e-06,
        4.737777317131986e-07,
        -7.798556680427282e-07,
        -0.07993189990520477,
        0.14663773775100708,
        0.13555298745632172,
        -0.02772447280585766,
        -0.30337417125701904,
        -0.07681358605623245,
        -0.31248319149017334,
        0.44626089930534363,
        -0.2859281599521637,
        0.02693863771855831,
        0.009471237659454346,
        -0.14335721731185913,
        -0.0993310734629631,
        -0.38562771677970886,
        -0.9736261963844299,
        -0.2757331132888794,
        0.8070557713508606,
        -0.31946414709091187,
        -0.04114559665322304,
        -0.2296680510044098,
        -0.22871388494968414,
        -0.22406788170337677,
        0.48854225873947144,
        -0.3565317690372467,
        0.3959422707557678,
        0.0040105110965669155,
        -0.2092435657978058,
        -0.4564841091632843,
        -0.10046123713254929,
        -0.17061454057693481
    ],
    "transl": [
        -0.1364934891462326,
        1.587449312210083,
        0.04017536714673042
    ],
    "left_hand_pose": [
        -2.772535800933838,
        0.7249292135238647,
        -1.9407404661178589,
        -2.9491994380950928,
        0.8646981120109558,
        1.4148685932159424,
        -1.6209716796875,
        -0.2328435331583023,
        0.6386299133300781,
        -0.7779553532600403,
        1.6358025074005127,
        -4.6497483253479
    ],
    "right_hand_pose": [
        -2.6184792518615723,
        1.1055293083190918,
        -1.5244523286819458,
        -1.882087230682373,
        -0.47194522619247437,
        2.881588935852051,
        0.4226588308811188,
        -1.3691580295562744,
        -0.8749408721923828,
        -0.5893424153327942,
        1.9258222579956055,
        -3.052832841873169
    ],
    "jaw_pose": [
        0.006772158667445183,
        0.02706524170935154,
        -0.054101936519145966
    ],
    "leye_pose": [
        0.18187685310840607,
        -0.140583336353302,
        0.039332639425992966
    ],
    "reye_pose": [
        -0.09503260254859924,
        0.015852410346269608,
        -0.039755892008543015
    ],
    "expression": [
        -0.3527364432811737,
        -0.9312726855278015,
        -0.29614269733428955,
        0.23070654273033142,
        -0.6854321956634521,
        -0.6010869145393372,
        0.05350232496857643,
        0.5518311262130737,
        -0.18014171719551086,
        0.5086309909820557
    ]
}