{
    "betas": [
        0.6116450428962708,
        -0.9890660643577576,
        0.4990085959434509,
        -0.5643501281738281,
        0.0653870701789856,
        0.04680872708559036,
        1.1674813032150269,
        -0.357960969209671,
        0.2507830858230591,
        -1.4445253610610962
    ],
    "global_orient": [
        -0.09033341705799103,
        0.503267765045166,
        -0.05713937431573868
    ],
    "body_pose": [
        -0.318509578704834,
        0.3798670172691345,
        0.06980575621128082,
        0.03579408675432205,
        0.1306227445602417,
        -0.08328426629304886,
        0.13732391595840454,
        0.01535416767001152,
        0.09831047058105469,
        0.40824756026268005,
        -0.37236684560775757,
        -0.002100524725392461,
        0.48191455006599426,
        -0.10284438729286194,
        0.04516131430864334,
        0.19528789818286896,
        0.11880441009998322,
        -0.05874128267168999,
        0.007389052305370569,
        0.1528281420469284,
        3.053219415960484e-06,
        0.18387028574943542,
        -0.6246060132980347,
        -2.772372681647539e-06,
        -0.10891079902648926,
        0.1212640032172203,
        0.009456622414290905,
        7.593707778141834e-06,
        2.8290485261095455e-06,
        5.486792815645458e-06,
        2.390998474766093e-07,
        1.191132582789578e-06,
        -9.85300971478864e-07,
        -0.17742517590522766,
        0.009541082195937634,
        -0.05820988491177559,
        -0.39019185304641724,
        -0.4227828085422516,
        0.38462334871292114,
        0.00637110834941268,
        0.37779608368873596,
        0.3760268986225128,
        -0.04822255298495293,
        -0.05507428199052811,
        0.06131425499916077,
        -0.1411689966917038,
        -0.9105642437934875,
        0.07418729364871979,
        -0.013914639130234718,
        0.4932076930999756,
        0.8947008848190308,
        -0.16050739586353302,
        -0.38635507225990295,
        0.1557910442352295,
        0.1750396490097046,
        0.4419228732585907,
        0.11838856339454651,
        0.1804407238960266,
        0.18505997955799103,
        -0.03190820664167404,
        0.06044238805770874,
        -0.007892669178545475,
        0.06529728323221207
    ],
    "transl": [
        -0.26793524622917175,
        1.5973907709121704,
        -0.02495506964623928
    ],
    "left_hand_pose": [
        -2.9134647846221924,
        0.8412140607833862,
        -0.9509786367416382,
        -2.689556837081909,
        0.1281358301639557,
        1.956196665763855,
        0.410706102848053,
        -1.0626437664031982,
        -0.8846513032913208,
        -0.6357178688049316,
        0.9505100846290588,
        -2.5673999786376953
    ],
    "right_hand_pose": [
        -1.8091899156570435,
        1.895513892173767,
        -1.2426022291183472,
        -3.6257708072662354,
        2.1076433658599854,
        1.7118326425552368,
        -0.42256641387939453,
        -1.0803769826889038,
        -0.27663978934288025,
        -1.140433669090271,
        1.9914746284484863,
        -2.398716926574707
    ],
    "jaw_pose": [
        0.0014246986247599125,
        -0.0343143455684185,
        0.04231176897883415
    ],
    "leye_pose": [
        0.6019381284713745,
        0.7848122119903564,
        0.17903009057044983
    ],
    "reye_pose": [
        -0.2766011953353882,
        0.31654056906700134,
        -0.31762272119522095
    ],
    "expression": [
        -0.4698440134525299,
        -0.833288311958313,
        0.11771611124277115,
        0.09863383322954178,
        -0.6254904866218567,
        -0.6335644721984863,
        -0.20512989163398743,
        0.7123337388038635,
        -0.11883831769227982,
        0.3455323874950409
    ]
}