{
    "betas": [
        0.8109421730041504,
        -0.5472139716148376,
        0.8631113767623901,
        -0.16196228563785553,
        0.07051213085651398,
        -0.10457682609558105,
        0.08330094814300537,
        -0.6847367286682129,
        -0.8200327157974243,
        -1.821184754371643
    ],
    "global_orient": [
        -0.21625612676143646,
        1.3278321027755737,
        0.04294435307383537
    ],
    "body_pose": [
        -0.025091059505939484,
        0.2743918299674988,
        0.004496483597904444,
        -0.33332929015159607,
        -0.04178039729595184,
        0.036932799965143204,
        0.19762875139713287,
        -0.4374498724937439,
        0.08791328966617584,
        0.2538999021053314,
        -0.3243463933467865,
        0.0013117166236042976,
        0.8522639870643616,
        0.19068481028079987,
        -0.008855322375893593,
        0.10741963237524033,
        0.022928575053811073,
        -0.2133614420890808,
        0.05291106551885605,
        0.21485520899295807,
        5.298471933201654e-06,
        0.40491780638694763,
        -0.32760927081108093,
        -7.3486235123709776e-06,
        -0.07266233116388321,
        0.0547826774418354,
        0.092563696205616,
        8.67272956384113e-06,
        3.2998473216139246e-06,
        8.805943252809811e-06,
        1.1630684184638085e-06,
        5.9714029703172855e-06,
        -1.2404052540659904e-06,
        -0.16030550003051758,
        -0.03598171845078468,
        0.1445719599723816,
        4.987826832802966e-05,
        0.05914005637168884,
        0.3089061975479126,
        -0.08424603193998337,
        -0.06869813054800034,
        -0.03332468122243881,
        0.20818181335926056,
        -0.010724490508437157,
        -0.05479083210229874,
        0.30621519684791565,
        -0.7530146837234497,
        -0.029981687664985657,
        0.04781657084822655,
        0.5893692970275879,
        0.2385028451681137,
        -0.13362708687782288,
        -1.807195782661438,
        0.5989727973937988,
        -0.04466677084565163,
        2.106435775756836,
        -0.06960320472717285,
        0.051429372280836105,
        -0.4152917265892029,
        -0.3406534194946289,
        -0.1812630146741867,
        0.12083602696657181,
        0.29048025608062744
    ],
    "transl": [
        0.0996236652135849,
        1.6127716302871704,
        -0.18882912397384644
    ],
    "left_hand_pose": [
        -3.42911434173584,
        0.5255510210990906,
        -0.4808511435985565,
        -2.385627508163452,
        -1.1560194492340088,
        1.458634853363037,
        2.1628811359405518,
        -0.3935677707195282,
        -1.9977788925170898,
        -0.34617677330970764,
        1.863477110862732,
        -1.0386831760406494
    ],
    "right_hand_pose": [
        -2.9440722465515137,
        1.2622761726379395,
        0.33880355954170227,
        -1.812568187713623,
        -1.1001062393188477,
        0.5265504121780396,
        2.1700265407562256,
        -0.3464505076408386,
        -1.0439703464508057,
        1.0253206491470337,
        4.453150272369385,
        2.1608569622039795
    ],
    "jaw_pose": [
        -0.008501192554831505,
        -0.023717276751995087,
        0.04935719445347786
    ],
    "leye_pose": [
        -0.32614895701408386,
        0.4847230613231659,
        -0.2133878469467163
    ],
    "reye_pose": [
        -0.16287632286548615,
        0.2291249781847,
        -0.6914823651313782
    ],
    "expression": [
        -0.8455784916877747,
        -0.681451678276062,
        -0.14939410984516144,
        -0.06468691676855087,
        -0.5499826669692993,
        -0.7399948835372925,
        -0.0978182852268219,
        0.7758607864379883,
        -0.11583685874938965,
        0.3913477659225464
    ]
}