{
    "betas": [
        0.5442949533462524,
        -0.7125468254089355,
        0.36076655983924866,
        0.08659897744655609,
        0.28637540340423584,
        -0.024212168529629707,
        0.43802887201309204,
        -0.8519496917724609,
        0.09226533025503159,
        -1.7414358854293823
    ],
    "global_orient": [
        -0.16918246448040009,
        0.4310760200023651,
        0.021846424788236618
    ],
    "body_pose": [
        -0.10488297790288925,
        0.3015884459018707,
        0.12312489002943039,
        0.06070535629987717,
        0.2467830777168274,
        -0.1477501541376114,
        -0.0019666235893964767,
        0.08628115803003311,
        0.07439833879470825,
        0.34420663118362427,
        -0.4663274884223938,
        0.0074537452310323715,
        0.24347347021102905,
        0.004838387481868267,
        0.05723366513848305,
        0.15478496253490448,
        0.09701305627822876,
        -0.07527163624763489,
        -0.0009587086387909949,
        0.21108517050743103,
        2.2769074803363765e-06,
        0.06665457040071487,
        -0.5705763697624207,
        -3.971420483139809e-06,
        -0.09631525725126266,
        -0.0436084046959877,
        0.0627886950969696,
        7.630680556758307e-06,
        3.726007435034262e-06,
        5.253271410765592e-06,
        1.6608062196610263e-06,
        1.5662639043512172e-06,
        4.382186205020844e-07,
        -0.06560977548360825,
        -0.07891270518302917,
        0.0933137983083725,
        -0.22778956592082977,
        -0.33569958806037903,
        0.37706249952316284,
        -0.3606891930103302,
        0.3452870547771454,
        -0.40205901861190796,
        -0.04736223444342613,
        -0.1227249726653099,
        -0.03186030313372612,
        -0.23880521953105927,
        -0.5727733969688416,
        0.2633354365825653,
        -0.18551412224769592,
        1.032866358757019,
        -0.3914356231689453,
        -0.39441248774528503,
        -0.11221897602081299,
        0.11103487759828568,
        -0.2597375214099884,
        0.5797051191329956,
        -0.3306977152824402,
        0.314140260219574,
        0.20908722281455994,
        -0.008080078288912773,
        -0.4232112169265747,
        -0.16888238489627838,
        0.06700387597084045
    ],
    "transl": [
        -0.09603997319936752,
        1.5957093238830566,
        -0.0740203782916069
    ],
    "left_hand_pose": [
        -3.106081247329712,
        0.7794977426528931,
        -1.685443639755249,
        -2.5437800884246826,
        -0.22510163486003876,
        2.3361966609954834,
        -0.31276318430900574,
        -0.9601916074752808,
        -1.3761680126190186,
        -1.3102045059204102,
        1.291529893875122,
        -5.355384349822998
    ],
    "right_hand_pose": [
        -3.155231475830078,
        1.2206244468688965,
        1.2869608402252197,
        -2.1906182765960693,
        -0.827272355556488,
        -0.39116954803466797,
        1.6472076177597046,
        -0.7902591824531555,
        -2.9989285469055176,
        0.10383836179971695,
        4.256132125854492,
        0.5416403412818909
    ],
    "jaw_pose": [
        -0.004115596413612366,
        -0.015823177993297577,
        0.022293001413345337
    ],
    "leye_pose": [
        0.08945618569850922,
        0.4549161493778229,
        0.10327620059251785
    ],
    "reye_pose": [
        -0.2916880249977112,
        0.1865461766719818,
        -0.5388972163200378
    ],
    "expression": [
        -0.4108961224555969,
        -0.15956100821495056,
        0.24359093606472015,
        0.48398932814598083,
        -0.6812654137611389,
        -0.2666948437690735,
        -0.12534655630588531,
        0.6274644136428833,
        -0.11161670833826065,
        0.15545454621315002
    ]
}