{
    "betas": [
        0.6446775794029236,
        -1.0852088928222656,
        0.13968829810619354,
        -0.6667899489402771,
        -0.12650692462921143,
        0.16293653845787048,
        0.925168514251709,
        -0.1895335614681244,
        0.5110011696815491,
        -1.7388535737991333
    ],
    "global_orient": [
        -0.09818641096353531,
        0.6355155110359192,
        -0.036769066005945206
    ],
    "body_pose": [
        -0.1701740175485611,
        0.21941696107387543,
        0.020793048664927483,
        -0.10769996792078018,
        -0.2492988109588623,
        -0.06535235047340393,
        0.12928752601146698,
        -0.032756105065345764,
        0.01759057305753231,
        0.3540884852409363,
        0.14193697273731232,
        -0.010661213658750057,
        0.4159414768218994,
        -0.009981153532862663,
        -0.02555631846189499,
        0.15309907495975494,
        0.022851623594760895,
        0.0384025014936924,
        -0.0948421061038971,
        0.33122870326042175,
        5.798025540570961e-06,
        0.03511805087327957,
        -0.19508808851242065,
        -2.7942062388319755e-06,
        -0.10610344260931015,
        -0.07667796313762665,
        0.002903984859585762,
        4.39248333350406e-06,
        1.5402697499666829e-06,
        6.163254965940723e-06,
        8.827998385640967e-07,
        1.903853330986749e-06,
        6.404798114090227e-07,
        -0.11364090442657471,
        -0.01926768384873867,
        -0.0053423671051859856,
        -0.037981241941452026,
        -0.18458318710327148,
        -0.23770423233509064,
        -0.20997150242328644,
        0.5794085264205933,
        0.2177228480577469,
        -0.0258589256554842,
        -0.0645386353135109,
        0.0718756914138794,
        -0.01214678306132555,
        -0.342883437871933,
        -0.8865790963172913,
        -0.10764246433973312,
        1.059443712234497,
        0.7423620820045471,
        0.10249989479780197,
        -0.31543076038360596,
        -0.3813055753707886,
        0.07832077145576477,
        0.5203353762626648,
        0.2523500323295593,
        0.29830390214920044,
        -0.034426137804985046,
        -0.0928398072719574,
        -0.08719713985919952,
        -0.1136377826333046,
        0.11235734075307846
    ],
    "transl": [
        -0.1575644314289093,
        1.6086156368255615,
        -0.03261319920420647
    ],
    "left_hand_pose": [
        -2.861778497695923,
        0.8492897748947144,
        -1.62602698802948,
        -2.856287956237793,
        1.0226293802261353,
        1.0511832237243652,
        -0.8172712326049805,
        -0.11749979108572006,
        0.20661257207393646,
        -0.9537369012832642,
        1.418755292892456,
        -3.921740770339966
    ],
    "right_hand_pose": [
        -2.4891927242279053,
        1.3353238105773926,
        -0.8036966919898987,
        -2.8392887115478516,
        0.6069197058677673,
        2.0372910499572754,
        0.4595580995082855,
        -1.2448415756225586,
        -1.39616060256958,
        -1.0314369201660156,
        1.9184776544570923,
        -2.5322492122650146
    ],
    "jaw_pose": [
        0.010634712874889374,
        -0.027851050719618797,
        0.020686769858002663
    ],
    "leye_pose": [
        0.3303397297859192,
        0.4293525815010071,
        -0.5440707802772522
    ],
    "reye_pose": [
        -0.10696721076965332,
        0.32667312026023865,
        -0.601040244102478
    ],
    "expression": [
        -0.8948104381561279,
        -0.5835854411125183,
        -0.12975987792015076,
        0.32373395562171936,
        -0.6776238679885864,
        -0.8043392896652222,
        -0.06989298015832901,
        0.6615636944770813,
        0.00519467843696475,
        0.4813254177570343
    ]
}