{
    "betas": [
        0.9742752909660339,
        -1.2892887592315674,
        1.019145131111145,
        -0.6304751634597778,
        -0.2087351530790329,
        -0.02681133896112442,
        0.14328457415103912,
        -0.6134648323059082,
        -0.05096952244639397,
        -1.730373501777649
    ],
    "global_orient": [
        -0.218819260597229,
        1.5457087755203247,
        0.06482579559087753
    ],
    "body_pose": [
        0.017557302489876747,
        0.03030329942703247,
        -0.06656663864850998,
        -0.3723582625389099,
        -0.05531080439686775,
        0.14693529903888702,
        0.087810218334198,
        -0.013599935919046402,
        0.03587651625275612,
        0.44156932830810547,
        -0.5593852400779724,
        0.08638438582420349,
        0.374824583530426,
        0.3624744117259979,
        0.03180750831961632,
        0.24681730568408966,
        -0.049920305609703064,
        -0.09113592654466629,
        -0.05440450459718704,
        -0.02581479400396347,
        1.6491500218762667e-06,
        0.4850012958049774,
        0.37801826000213623,
        3.1015472359285923e-06,
        -0.03557626157999039,
        -0.20102548599243164,
        0.12224846333265305,
        5.8250884649169166e-06,
        1.855488676483219e-06,
        4.1468042581982445e-06,
        9.54944425757276e-07,
        3.1221900371747324e-06,
        9.985365068132523e-07,
        -0.12776006758213043,
        -0.05117256939411163,
        0.17743173241615295,
        -0.06847527623176575,
        -0.0672273114323616,
        -0.15024955570697784,
        -0.1065237745642662,
        -0.04006446152925491,
        0.29416030645370483,
        0.07439020276069641,
        -0.11954010277986526,
        -0.022621460258960724,
        0.1366569995880127,
        -0.6801865100860596,
        -0.7825490236282349,
        0.007768635638058186,
        0.5188084244728088,
        0.9930934309959412,
        -0.1299167275428772,
        -1.6906805038452148,
        0.6977007389068604,
        -0.044235359877347946,
        1.9283777475357056,
        -0.41438567638397217,
        -0.11894106864929199,
        -0.35993093252182007,
        0.24534817039966583,
        -0.24626725912094116,
        0.2520481050014496,
        -0.20528239011764526
    ],
    "transl": [
        0.20647665858268738,
        1.5955621004104614,
        -0.13286243379116058
    ],
    "left_hand_pose": [
        -3.266892671585083,
        0.9497804641723633,
        0.09801439195871353,
        -2.352107524871826,
        -1.1114307641983032,
        0.7396542429924011,
        1.4605090618133545,
        -0.20943456888198853,
        -0.9911596179008484,
        0.8241901993751526,
        3.8799080848693848,
        0.12024318426847458
    ],
    "right_hand_pose": [
        -2.9601266384124756,
        1.7306149005889893,
        1.2332038879394531,
        -2.7945008277893066,
        -0.535896897315979,
        -1.0320109128952026,
        2.8007707595825195,
        -0.7546570897102356,
        -3.921274423599243,
        -0.8386856317520142,
        3.133060932159424,
        0.49709317088127136
    ],
    "jaw_pose": [
        0.00702910590916872,
        -0.029875097796320915,
        0.029824433848261833
    ],
    "leye_pose": [
        0.31379786133766174,
        0.7474062442779541,
        -0.7864028215408325
    ],
    "reye_pose": [
        -0.19806180894374847,
        0.44615596532821655,
        -0.7166494131088257
    ],
    "expression": [
        -0.9177525043487549,
        -0.5560398101806641,
        -0.24271441996097565,
        0.21652236580848694,
        -0.5675435066223145,
        -0.8298622369766235,
        -0.1367073953151703,
        0.6774870157241821,
        -0.10412091016769409,
        0.6265199780464172
    ]
}