{
    "betas": [
        0.7926523685455322,
        -1.011693000793457,
        0.4397307336330414,
        -0.19249355792999268,
        0.040883101522922516,
        0.0356898307800293,
        0.7638096213340759,
        -0.7781534790992737,
        0.20484982430934906,
        -1.2027260065078735
    ],
    "global_orient": [
        -0.050473328679800034,
        -1.5765190124511719,
        -0.08608236908912659
    ],
    "body_pose": [
        0.16646473109722137,
        0.04886806756258011,
        -0.057390663772821426,
        -0.4633268713951111,
        -0.2686383128166199,
        0.02182934433221817,
        0.07181348651647568,
        0.034274373203516006,
        0.0031397580169141293,
        0.054853226989507675,
        -0.28064215183258057,
        -0.020139815285801888,
        0.45842447876930237,
        0.19005808234214783,
        -0.10771359503269196,
        0.2208964228630066,
        -0.008042316883802414,
        -0.04502303525805473,
        -0.03455725312232971,
        0.07645420730113983,
        2.034786120930221e-06,
        0.2428082525730133,
        -0.06449808925390244,
        -6.86785051584593e-06,
        -0.07666878402233124,
        -0.1454824060201645,
        0.01709718629717827,
        4.094777523278026e-06,
        2.3212098767544376e-06,
        2.9415682547551114e-06,
        3.3842009088402847e-06,
        1.1207686156922136e-06,
        -2.047005636995891e-06,
        -0.13715283572673798,
        0.14996013045310974,
        0.1419495940208435,
        0.0214645117521286,
        -0.22452664375305176,
        -0.12317202985286713,
        -0.32267794013023376,
        0.4061166048049927,
        -0.3274939954280853,
        0.06368684023618698,
        0.010047112591564655,
        -0.14684994518756866,
        -0.037600696086883545,
        -0.19691188633441925,
        -0.994502067565918,
        -0.2964453101158142,
        0.7253196239471436,
        -0.47389885783195496,
        0.04220718890428543,
        -0.14703240990638733,
        -0.31988638639450073,
        -0.2622528374195099,
        0.4345887303352356,
        -0.30158478021621704,
        0.44537368416786194,
        0.0364995077252388,
        -0.23787632584571838,
        -0.5975784063339233,
        -0.07036775350570679,
        -0.15080702304840088
    ],
    "transl": [
        -0.08754707872867584,
        1.5973076820373535,
        0.048282139003276825
    ],
    "left_hand_pose": [
        -2.5556485652923584,
        0.8456897735595703,
        -1.9408729076385498,
        -2.9168453216552734,
        1.082188606262207,
        1.5845328569412231,
        -1.3082973957061768,
        -0.34748008847236633,
        1.038231611251831,
        -0.753743052482605,
        1.8733075857162476,
        -4.311357498168945
    ],
    "right_hand_pose": [
        -2.493277072906494,
        1.021911382675171,
        -1.3614128828048706,
        -1.878710389137268,
        -0.42032891511917114,
        2.780811071395874,
        0.4729294776916504,
        -1.4874746799468994,
        -1.0324108600616455,
        -0.37198570370674133,
        1.5969182252883911,
        -2.035149335861206
    ],
    "jaw_pose": [
        0.010240670293569565,
        0.028888894245028496,
        -0.052720021456480026
    ],
    "leye_pose": [
        0.04603579640388489,
        -0.277087926864624,
        0.03244626522064209
    ],
    "reye_pose": [
        -0.25923511385917664,
        -0.13857905566692352,
        -0.22557483613491058
    ],
    "expression": [
        -0.2017822563648224,
        -0.9635111093521118,
        -0.21374139189720154,
        0.29851678013801575,
        -0.6994679570198059,
        -0.4986295998096466,
        -0.025910083204507828,
        0.5646193623542786,
        -0.3361949026584625,
        0.4516125023365021
    ]
}