{
    "betas": [
        0.8773812055587769,
        -0.6587046384811401,
        1.0627073049545288,
        -0.22554506361484528,
        -0.09105316549539566,
        -0.13031558692455292,
        0.201565220952034,
        -0.813549280166626,
        -0.38717761635780334,
        -1.7136203050613403
    ],
    "global_orient": [
        -0.17346125841140747,
        -1.0285409688949585,
        -0.20030052959918976
    ],
    "body_pose": [
        -0.05692759528756142,
        -0.04833195358514786,
        -0.23626497387886047,
        -0.027635695412755013,
        0.10617019981145859,
        0.33249348402023315,
        0.20204518735408783,
        -0.03187479078769684,
        0.07639647275209427,
        0.5499890446662903,
        -0.061046309769153595,
        0.34416377544403076,
        0.36399587988853455,
        0.22329051792621613,
        -0.3579709827899933,
        0.23494556546211243,
        0.013329938054084778,
        -0.058679670095443726,
        0.011662169359624386,
        0.630221962928772,
        1.0264523098157952e-06,
        0.10356075316667557,
        0.047796811908483505,
        6.416114501917036e-07,
        -0.13964758813381195,
        -0.3270764648914337,
        0.08820600062608719,
        5.138895630807383e-06,
        3.841725174424937e-06,
        6.470264452218544e-06,
        5.878214892618416e-07,
        1.3378776202443987e-06,
        1.656432573327038e-06,
        -0.1917111575603485,
        0.033024877309799194,
        0.17492574453353882,
        0.004603389650583267,
        -0.05782218277454376,
        0.09634338319301605,
        -0.041068028658628464,
        0.04495018720626831,
        0.09474627673625946,
        0.06030811741948128,
        0.06823303550481796,
        -0.14207661151885986,
        0.2397203892469406,
        -0.6667549014091492,
        -0.5005614757537842,
        0.05575975030660629,
        0.673488974571228,
        0.47235506772994995,
        -0.10223282873630524,
        -1.8091062307357788,
        0.7888121604919434,
        -0.07102906703948975,
        2.0389902591705322,
        -0.5201628804206848,
        -0.06838899850845337,
        -0.48870426416397095,
        0.012811591848731041,
        -0.25546324253082275,
        0.2430325746536255,
        -0.0991673395037651
    ],
    "transl": [
        -0.20033764839172363,
        1.5864096879959106,
        0.00025557458866387606
    ],
    "left_hand_pose": [
        -3.617190361022949,
        0.7889922261238098,
        -0.4834657609462738,
        -1.956824541091919,
        -1.6894949674606323,
        1.6407467126846313,
        1.483317494392395,
        -0.12251220643520355,
        1.1862610578536987,
        1.1750649213790894,
        3.896064281463623,
        -0.8182950019836426
    ],
    "right_hand_pose": [
        -3.034416437149048,
        1.6454954147338867,
        0.9963525533676147,
        -1.6919575929641724,
        -1.0635029077529907,
        -0.6204334497451782,
        1.4383729696273804,
        -0.36775296926498413,
        -2.264906167984009,
        0.3395060896873474,
        4.408045768737793,
        0.9384901523590088
    ],
    "jaw_pose": [
        -0.022821296006441116,
        0.03984798491001129,
        -0.03307892754673958
    ],
    "leye_pose": [
        -0.14457017183303833,
        -0.25512710213661194,
        -1.2779486179351807
    ],
    "reye_pose": [
        -0.1349373161792755,
        -0.09974279999732971,
        -0.21287760138511658
    ],
    "expression": [
        -0.5836958289146423,
        -0.43380266427993774,
        0.06928405910730362,
        0.014719012193381786,
        -0.5971541404724121,
        -0.748752236366272,
        -0.06848932802677155,
        0.5536326169967651,
        -0.18782082200050354,
        0.28832828998565674
    ]
}