{
    "betas": [
        0.7398802042007446,
        -0.6561200022697449,
        0.7414657473564148,
        -0.21004951000213623,
        0.0176067017018795,
        0.01974276453256607,
        -0.07326623797416687,
        -0.8812963366508484,
        -0.5045355558395386,
        -1.5974432229995728
    ],
    "global_orient": [
        -0.24142087996006012,
        1.8662105798721313,
        0.16767452657222748
    ],
    "body_pose": [
        0.11438357084989548,
        0.11614174395799637,
        -0.031010985374450684,
        -0.3687152862548828,
        -0.009092623367905617,
        0.046230919659137726,
        0.16584792733192444,
        -0.2794947624206543,
        0.026775747537612915,
        0.34021201729774475,
        -0.6209436058998108,
        0.00773515785112977,
        0.6378955841064453,
        0.10245821624994278,
        0.07130429893732071,
        0.2151803970336914,
        0.08068137615919113,
        -0.1570023000240326,
        -0.020329885184764862,
        0.2235265076160431,
        5.582460289588198e-06,
        0.40844061970710754,
        -0.47179165482521057,
        -7.112067578418646e-06,
        -0.06673827022314072,
        -0.1150822564959526,
        0.10125425457954407,
        1.0648175702954177e-05,
        3.948251105612144e-06,
        6.9289226303226314e-06,
        2.903654376495979e-06,
        3.7342431369324913e-06,
        -3.35834897668974e-06,
        -0.20287086069583893,
        -0.08172693848609924,
        0.12547318637371063,
        -0.00761460280045867,
        -0.022873511537909508,
        0.15003161132335663,
        -0.013788364827632904,
        -0.05435687676072121,
        0.04337961599230766,
        0.19040264189243317,
        -0.021574750542640686,
        -0.03158900886774063,
        0.20588575303554535,
        -0.6057207584381104,
        -0.2237158715724945,
        0.008714307099580765,
        0.4501846432685852,
        0.2700720727443695,
        -0.17185576260089874,
        -1.7525473833084106,
        0.7069321274757385,
        -0.0706893727183342,
        2.076202869415283,
        -0.4641568958759308,
        0.06442505866289139,
        -0.498948872089386,
        -0.06318233907222748,
        -0.3877426087856293,
        0.25021862983703613,
        0.15922453999519348
    ],
    "transl": [
        0.2054513692855835,
        1.609052062034607,
        -0.17579540610313416
    ],
    "left_hand_pose": [
        -3.536343574523926,
        0.6823716163635254,
        -0.7354850769042969,
        -1.8235127925872803,
        -1.7040513753890991,
        1.4417531490325928,
        0.9955168962478638,
        0.15832486748695374,
        0.2559473514556885,
        0.9772273302078247,
        3.658862829208374,
        -1.4328078031539917
    ],
    "right_hand_pose": [
        -2.9579381942749023,
        1.520729899406433,
        1.059222936630249,
        -1.5164875984191895,
        -1.138729214668274,
        0.089420385658741,
        1.7130438089370728,
        -0.8042258620262146,
        -3.189237117767334,
        0.9916879534721375,
        4.998037338256836,
        3.152981996536255
    ],
    "jaw_pose": [
        -0.008862928487360477,
        -0.031243357807397842,
        0.045700591057538986
    ],
    "leye_pose": [
        -0.018392670899629593,
        0.44056573510169983,
        -0.5260023474693298
    ],
    "reye_pose": [
        -0.38445231318473816,
        0.3606939911842346,
        -0.4776443541049957
    ],
    "expression": [
        -0.804884135723114,
        -0.5736889243125916,
        -0.20896317064762115,
        0.07861945778131485,
        -0.5562102794647217,
        -0.6364977955818176,
        -0.07934830337762833,
        0.6115877032279968,
        -0.1695835441350937,
        0.4561794400215149
    ]
}