{
    "betas": [
        0.744369626045227,
        -0.7499972581863403,
        0.9475774765014648,
        -0.6209473609924316,
        -0.03964833915233612,
        0.015036435797810555,
        0.11820676177740097,
        -0.8746545910835266,
        -0.4330598711967468,
        -1.909643292427063
    ],
    "global_orient": [
        -0.20752254128456116,
        0.4972144663333893,
        0.008111532777547836
    ],
    "body_pose": [
        -0.1864829659461975,
        0.36846449971199036,
        0.08752907067537308,
        0.09727367758750916,
        0.5137722492218018,
        -0.16690675914287567,
        0.15926794707775116,
        -0.31998857855796814,
        -0.050390228629112244,
        0.5191603899002075,
        -0.18438567221164703,
        0.008039183914661407,
        0.3418397009372711,
        -0.1496494859457016,
        0.05228608846664429,
        0.13771425187587738,
        0.06382490694522858,
        -0.05845944210886955,
        -0.15841643512248993,
        0.3155233561992645,
        6.78051901559229e-06,
        0.2507806122303009,
        -0.6718552112579346,
        -6.568374374182895e-06,
        -0.030473895370960236,
        0.17199905216693878,
        0.018933260813355446,
        9.906529157888144e-06,
        3.513772526275716e-06,
        6.9803945734747685e-06,
        2.899075525419903e-06,
        2.4349822069780203e-06,
        -2.5271697268181015e-07,
        -0.23432467877864838,
        -0.05589070916175842,
        0.07681644707918167,
        -0.13649208843708038,
        -0.05166159197688103,
        0.19203044474124908,
        -0.037103354930877686,
        -0.15810856223106384,
        -0.01761079765856266,
        0.18351022899150848,
        -0.005638685077428818,
        -0.006671132054179907,
        0.16906966269016266,
        -0.7807113528251648,
        -0.23216746747493744,
        0.04216938093304634,
        0.5323026776313782,
        0.33991461992263794,
        -0.12500689923763275,
        -1.6196107864379883,
        0.8294093012809753,
        -0.02048020251095295,
        2.1125328540802,
        -0.5493543744087219,
        0.11822356283664703,
        -0.36213648319244385,
        -0.1952078938484192,
        -0.20114952325820923,
        0.005504891276359558,
        0.1383555829524994
    ],
    "transl": [
        -0.0013736373512074351,
        1.5822421312332153,
        -0.15393923223018646
    ],
    "left_hand_pose": [
        -3.664599657058716,
        0.3711572289466858,
        -0.6838262677192688,
        -1.714298963546753,
        -1.8875982761383057,
        1.8354859352111816,
        0.5772376656532288,
        -0.21885529160499573,
        0.73125159740448,
        1.2340190410614014,
        3.3874130249023438,
        -1.3245253562927246
    ],
    "right_hand_pose": [
        -3.1306095123291016,
        1.102070927619934,
        0.3907185196876526,
        -1.3396480083465576,
        -1.2864394187927246,
        0.49688634276390076,
        1.444825530052185,
        -0.6879764795303345,
        -2.0158987045288086,
        0.7289076447486877,
        4.201106548309326,
        1.0541309118270874
    ],
    "jaw_pose": [
        -0.016346799209713936,
        -0.00874974112957716,
        0.03949204459786415
    ],
    "leye_pose": [
        -0.0138303367421031,
        0.37063729763031006,
        -0.6095626354217529
    ],
    "reye_pose": [
        -0.25056877732276917,
        0.17317603528499603,
        -0.6409376859664917
    ],
    "expression": [
        -1.096366286277771,
        -0.18668511509895325,
        -0.13007670640945435,
        0.27425992488861084,
        -0.5537365078926086,
        -0.6676087379455566,
        -0.06396205723285675,
        0.6648428440093994,
        0.016565999016165733,
        0.2675727903842926
    ]
}