{
    "betas": [
        0.9116241335868835,
        -1.1564594507217407,
        0.8982461094856262,
        -0.46467459201812744,
        -0.20344054698944092,
        0.10190416872501373,
        -0.011271659284830093,
        -0.4302884638309479,
        -0.13518184423446655,
        -1.5544542074203491
    ],
    "global_orient": [
        -0.22071270644664764,
        1.7289025783538818,
        0.16435694694519043
    ],
    "body_pose": [
        0.05741751194000244,
        0.1833355724811554,
        -0.06258340179920197,
        -0.3156854808330536,
        -0.03405099734663963,
        0.0361446775496006,
        0.11275582015514374,
        -0.15137432515621185,
        0.03798201307654381,
        0.3905792832374573,
        -0.44910475611686707,
        0.027420921251177788,
        0.5146973133087158,
        0.11523114889860153,
        -0.01763834059238434,
        0.25065046548843384,
        -0.018736448138952255,
        -0.1315336674451828,
        -0.06947764754295349,
        0.08078978210687637,
        4.694313247455284e-06,
        0.33902865648269653,
        -0.25786152482032776,
        -5.174624675419182e-06,
        -0.058051325380802155,
        -0.10487513244152069,
        0.008808821439743042,
        7.3677974796737544e-06,
        2.5005974748637527e-06,
        5.163631612958852e-06,
        2.0899585706501966e-06,
        2.3615159534529084e-06,
        -1.9458734641375486e-06,
        -0.13776735961437225,
        -0.0673174262046814,
        0.20258629322052002,
        -0.13118602335453033,
        -0.0834108218550682,
        -0.06962867081165314,
        -0.09753598272800446,
        -0.11535433679819107,
        0.302507221698761,
        0.1250668615102768,
        -0.09101813286542892,
        -0.050852347165346146,
        0.0698494240641594,
        -0.7264668941497803,
        -0.6007899045944214,
        -0.024662114679813385,
        0.43512216210365295,
        0.8370423913002014,
        -0.15442487597465515,
        -1.5954539775848389,
        0.9299877285957336,
        -0.1415952444076538,
        1.9607961177825928,
        -0.8159092664718628,
        -0.11198469251394272,
        -0.28685271739959717,
        0.0975816622376442,
        -0.48457518219947815,
        0.1873498409986496,
        -0.10624656826257706
    ],
    "transl": [
        0.17634089291095734,
        1.5917831659317017,
        -0.18381915986537933
    ],
    "left_hand_pose": [
        -3.3781890869140625,
        0.7818397283554077,
        -0.2649790644645691,
        -2.143547534942627,
        -1.3616182804107666,
        1.2045828104019165,
        1.2199398279190063,
        -0.17472173273563385,
        -0.08923109620809555,
        1.0512648820877075,
        3.859663963317871,
        -0.4030832052230835
    ],
    "right_hand_pose": [
        -3.1182432174682617,
        1.4729974269866943,
        1.2249995470046997,
        -1.921123743057251,
        -1.1253677606582642,
        -0.28109267354011536,
        2.1288280487060547,
        -0.9620399475097656,
        -4.072134494781494,
        -0.3148062825202942,
        3.705726146697998,
        0.6851003766059875
    ],
    "jaw_pose": [
        0.00870341807603836,
        -0.03366319462656975,
        0.04160469397902489
    ],
    "leye_pose": [
        0.14238640666007996,
        0.4571060538291931,
        -0.6773064732551575
    ],
    "reye_pose": [
        -0.21977636218070984,
        0.3395077586174011,
        -0.6291409134864807
    ],
    "expression": [
        -0.9381826519966125,
        -0.89410001039505,
        -0.11084362119436264,
        0.1214318722486496,
        -0.5706496834754944,
        -0.7368811368942261,
        -0.021071478724479675,
        0.6137198209762573,
        -0.17336931824684143,
        0.5480429530143738
    ]
}