{
    "betas": [
        0.8444181680679321,
        -0.8313158750534058,
        0.29484352469444275,
        -0.9106070399284363,
        0.021738342940807343,
        -0.023200714960694313,
        0.9045913815498352,
        -0.3451809883117676,
        0.4024025797843933,
        -1.7891618013381958
    ],
    "global_orient": [
        -0.0728100910782814,
        0.5264392495155334,
        -0.046299226582050323
    ],
    "body_pose": [
        -0.04100105166435242,
        0.1730307638645172,
        -0.0055321818217635155,
        -0.11127475649118423,
        0.08025387674570084,
        -0.16606639325618744,
        0.03513827919960022,
        -0.0956919714808464,
        0.05727287754416466,
        0.310035765171051,
        -0.37991467118263245,
        0.025392672047019005,
        0.6833868622779846,
        0.02862168289721012,
        -0.012905358336865902,
        0.23813660442829132,
        0.03855312243103981,
        -0.05410345643758774,
        -0.10783558338880539,
        0.24519726634025574,
        3.078329200434382e-06,
        0.4042753279209137,
        -0.37621796131134033,
        -5.007608478990733e-07,
        -0.011575395241379738,
        0.03045138530433178,
        -0.01697985641658306,
        6.952352123335004e-06,
        2.2174990590428934e-06,
        2.7391183721192647e-06,
        -1.5465219860288926e-07,
        2.0169200070085935e-06,
        -2.6427729338251993e-08,
        -0.23767420649528503,
        0.12848518788814545,
        -0.021581856533885002,
        -0.051962923258543015,
        -0.10934022068977356,
        -0.24321696162223816,
        -0.004488096572458744,
        0.04822696000337601,
        0.38302409648895264,
        0.07174564152956009,
        0.017613593488931656,
        -0.01353167463093996,
        0.023253733292222023,
        -0.30430689454078674,
        -0.9295791983604431,
        0.019087450578808784,
        0.18138068914413452,
        0.797965943813324,
        0.13561007380485535,
        -0.24069197475910187,
        -0.15692250430583954,
        0.2589256763458252,
        0.3586869239807129,
        0.12695667147636414,
        0.4844808280467987,
        0.13928435742855072,
        -0.01589250937104225,
        0.2030685544013977,
        -0.23946930468082428,
        0.2528882622718811
    ],
    "transl": [
        0.2153935432434082,
        1.5914570093154907,
        0.06966555863618851
    ],
    "left_hand_pose": [
        -2.350475549697876,
        1.420358419418335,
        -0.9681068062782288,
        -3.3737947940826416,
        1.9091578722000122,
        1.325093388557434,
        0.1385093480348587,
        -1.209119200706482,
        -1.0341002941131592,
        -1.4764173030853271,
        1.3082733154296875,
        -2.6421003341674805
    ],
    "right_hand_pose": [
        -1.3838703632354736,
        0.1520632952451706,
        -0.05275048315525055,
        -1.9484837055206299,
        0.8922523856163025,
        -0.12040700018405914,
        0.04561232030391693,
        0.2429230958223343,
        0.7841348648071289,
        0.34886911511421204,
        1.9036985635757446,
        -0.2165561467409134
    ],
    "jaw_pose": [
        0.007265841122716665,
        -0.028414927423000336,
        0.03591771796345711
    ],
    "leye_pose": [
        -0.722395658493042,
        0.5393614768981934,
        -1.2679319381713867
    ],
    "reye_pose": [
        -0.39873969554901123,
        0.2775404751300812,
        -0.45213720202445984
    ],
    "expression": [
        0.049398574978113174,
        -0.6391922235488892,
        0.004640847910195589,
        -0.2573866844177246,
        -0.6464173793792725,
        -0.5112510323524475,
        -0.13606692850589752,
        0.5784440040588379,
        -0.18367980420589447,
        0.3140902817249298
    ]
}