{
    "betas": [
        0.7015215158462524,
        -0.3907102942466736,
        0.9271044135093689,
        -0.23476965725421906,
        0.04368215426802635,
        -0.11218781024217606,
        0.2596377432346344,
        -0.6754026412963867,
        -0.538119912147522,
        -1.724949836730957
    ],
    "global_orient": [
        -0.11283461004495621,
        -0.8619256615638733,
        -0.13228453695774078
    ],
    "body_pose": [
        -0.020468968898057938,
        -0.038535136729478836,
        0.046595677733421326,
        -0.10807734727859497,
        0.14997455477714539,
        0.07708284258842468,
        0.10762279480695724,
        -0.170644611120224,
        0.011127796024084091,
        0.7387090921401978,
        -0.12319198995828629,
        -0.04457033425569534,
        0.23011468350887299,
        0.3145598769187927,
        0.06291554123163223,
        0.2279050201177597,
        -0.020907754078507423,
        -0.09186805784702301,
        -0.09223230928182602,
        0.6240121722221375,
        8.21839967102278e-06,
        0.2336735725402832,
        -0.10913378745317459,
        -7.3012365646718536e-06,
        -0.0905807837843895,
        -0.13920673727989197,
        0.11157116293907166,
        7.130015546863433e-06,
        5.209121354710078e-06,
        1.1598670425883029e-05,
        6.703106919303536e-06,
        3.673483433885849e-06,
        -4.4960177092434606e-07,
        -0.2796889841556549,
        -0.0002015936333918944,
        0.1949530690908432,
        0.041768837720155716,
        -0.051980216056108475,
        0.2129661738872528,
        -0.059223465621471405,
        0.04667295143008232,
        -0.027382567524909973,
        0.12571965157985687,
        0.00460542319342494,
        -0.15307791531085968,
        0.3336239755153656,
        -0.6907159686088562,
        -0.19709517061710358,
        -0.01768919825553894,
        0.5894190669059753,
        0.18841621279716492,
        -0.13573090732097626,
        -1.8850897550582886,
        0.5748350024223328,
        -0.04312741011381149,
        2.0992612838745117,
        -0.21612757444381714,
        0.1696619689464569,
        -0.4487583339214325,
        -0.07084859907627106,
        -0.33773526549339294,
        0.2206847369670868,
        0.1743626445531845
    ],
    "transl": [
        -0.18106628954410553,
        1.6087391376495361,
        -0.024002207443118095
    ],
    "left_hand_pose": [
        -3.858790397644043,
        0.51254802942276,
        -0.8518279790878296,
        -1.4785144329071045,
        -2.516658306121826,
        1.6637190580368042,
        0.5407679677009583,
        0.5418762564659119,
        0.6118144392967224,
        1.7723437547683716,
        4.831187725067139,
        -1.637654185295105
    ],
    "right_hand_pose": [
        -3.0413997173309326,
        1.6354560852050781,
        1.043204426765442,
        -1.7015070915222168,
        -1.3726274967193604,
        -0.4036847651004791,
        1.8836883306503296,
        -0.4065615236759186,
        -2.187077283859253,
        0.7267118096351624,
        4.759609222412109,
        1.8624849319458008
    ],
    "jaw_pose": [
        -0.01874334178864956,
        0.036369986832141876,
        -0.03259621188044548
    ],
    "leye_pose": [
        -0.131844624876976,
        -0.4173562824726105,
        -1.2558505535125732
    ],
    "reye_pose": [
        -0.08680789172649384,
        -0.06185303255915642,
        -0.21272382140159607
    ],
    "expression": [
        -0.5714492797851562,
        -0.38534170389175415,
        0.02900390513241291,
        -0.009382643736898899,
        -0.5635408163070679,
        -0.7128928303718567,
        -0.13295453786849976,
        0.543613851070404,
        -0.19269360601902008,
        0.2668803036212921
    ]
}