{
    "betas": [
        0.5296629667282104,
        -0.3360403776168823,
        0.012473841197788715,
        -0.2937281131744385,
        0.14379844069480896,
        -0.033495236188173294,
        0.817722737789154,
        -1.028741717338562,
        -0.049416642636060715,
        -2.2109246253967285
    ],
    "global_orient": [
        -0.007754807826131582,
        0.8799949288368225,
        -0.07501354068517685
    ],
    "body_pose": [
        -0.09323109686374664,
        -0.03996839374303818,
        0.006690734066069126,
        0.1910567581653595,
        0.4566873013973236,
        -0.05089089274406433,
        -0.03660176321864128,
        0.2677497863769531,
        0.04825729504227638,
        0.13499638438224792,
        -0.6536285877227783,
        0.024061419069767,
        0.21225181221961975,
        0.060893259942531586,
        0.07942179590463638,
        0.12547248601913452,
        0.1065024882555008,
        -0.019602088257670403,
        0.0464029461145401,
        -0.23206128180027008,
        -1.1736858596123056e-06,
        0.36434754729270935,
        -0.30653321743011475,
        -4.71875000584987e-06,
        -0.11989369988441467,
        -0.14101733267307281,
        0.02014894410967827,
        7.553388059022836e-06,
        3.3894261832756456e-06,
        1.3687345017387997e-06,
        1.8500579699320951e-06,
        2.6798129511007573e-06,
        1.8471278906417865e-07,
        0.1284729540348053,
        -0.4249378442764282,
        0.12839345633983612,
        -0.22754690051078796,
        0.1081586703658104,
        0.06930505484342575,
        -0.37234896421432495,
        0.10303838551044464,
        -0.11353043466806412,
        0.154900461435318,
        -0.39274120330810547,
        -0.024769075214862823,
        -0.1356113851070404,
        -0.045046910643577576,
        -0.2770099341869354,
        -0.3806231617927551,
        0.2935681939125061,
        0.0011838339269161224,
        -0.15419559180736542,
        -0.10001656413078308,
        -0.036812085658311844,
        -0.39742451906204224,
        -0.046956922858953476,
        -0.0016553133027628064,
        0.013047587126493454,
        -0.009705787524580956,
        -0.05476977676153183,
        -0.1539599597454071,
        -0.10319024324417114,
        0.09929602593183517
    ],
    "transl": [
        0.20675283670425415,
        1.6162663698196411,
        -0.0841585099697113
    ],
    "left_hand_pose": [
        -2.146273374557495,
        1.425045132637024,
        -0.595445990562439,
        -2.123079538345337,
        0.5878119468688965,
        2.574495315551758,
        0.20527540147304535,
        -1.3856353759765625,
        -0.5051209330558777,
        -0.12588165700435638,
        0.6579683423042297,
        -0.28417325019836426
    ],
    "right_hand_pose": [
        -2.73907470703125,
        0.7272827625274658,
        -1.2161506414413452,
        -1.1313743591308594,
        2.191380262374878,
        -0.24569502472877502,
        0.45033058524131775,
        2.3734326362609863,
        -1.289845585823059,
        -1.1071910858154297,
        2.910588264465332,
        -1.4479411840438843
    ],
    "jaw_pose": [
        0.1400880515575409,
        -0.007911065593361855,
        0.05053023621439934
    ],
    "leye_pose": [
        0.7149834036827087,
        0.708096981048584,
        -0.03815372288227081
    ],
    "reye_pose": [
        -0.035029713064432144,
        -1.0693683624267578,
        -3.5406417846679688
    ],
    "expression": [
        0.6409540772438049,
        -0.6899299025535583,
        -0.1278916448354721,
        -0.03162742778658867,
        -0.4552595615386963,
        -0.012888691388070583,
        -0.08771723508834839,
        0.8541470170021057,
        -0.1999017298221588,
        0.15788371860980988
    ]
}