{
    "betas": [
        0.5189110040664673,
        -0.39689186215400696,
        0.2990683615207672,
        -0.6036388278007507,
        0.27565908432006836,
        -0.10535073280334473,
        0.7642999887466431,
        -1.0677967071533203,
        0.029762519523501396,
        -1.6947633028030396
    ],
    "global_orient": [
        -0.03638027608394623,
        0.5502969026565552,
        -0.06314387172460556
    ],
    "body_pose": [
        -0.14505517482757568,
        0.33661672472953796,
        0.013343241065740585,
        0.024494338780641556,
        0.39314112067222595,
        0.024760777130723,
        -0.016895845532417297,
        0.1165371984243393,
        0.011087274178862572,
        0.212483748793602,
        -0.8319562673568726,
        0.07763981819152832,
        0.30004173517227173,
        -0.2092204988002777,
        0.07648938149213791,
        0.08975303918123245,
        0.19192087650299072,
        -0.15071870386600494,
        -0.03551230579614639,
        -0.14631423354148865,
        1.4395802736544283e-06,
        0.0037765733432024717,
        -0.6892661452293396,
        -4.485961198952282e-06,
        -0.1160496175289154,
        0.03646697476506233,
        -0.05702034384012222,
        7.5560828918241896e-06,
        3.4632121241884306e-06,
        3.9531028050987516e-06,
        9.899089263853966e-07,
        1.0591056707198732e-06,
        -1.8368359633313958e-06,
        0.02367260865867138,
        -0.37673142552375793,
        0.20184162259101868,
        -0.13065287470817566,
        0.2663514316082001,
        0.05654929578304291,
        -0.26140281558036804,
        0.08283119648694992,
        -0.260568231344223,
        0.11598736047744751,
        -0.43466663360595703,
        -0.05260434001684189,
        -0.13006308674812317,
        0.08692681789398193,
        -0.3628205955028534,
        -0.2548915445804596,
        0.35640397667884827,
        -0.40085387229919434,
        -0.47260430455207825,
        -0.2067483365535736,
        0.04346579313278198,
        -0.35064589977264404,
        0.40141817927360535,
        -0.5259555578231812,
        0.19934648275375366,
        0.056472692638635635,
        0.025738799944519997,
        -0.5483055114746094,
        -0.06748019903898239,
        -0.2284877896308899
    ],
    "transl": [
        0.14545106887817383,
        1.6143242120742798,
        -0.09343753755092621
    ],
    "left_hand_pose": [
        -2.1544992923736572,
        1.6308051347732544,
        -1.097719430923462,
        -2.122549057006836,
        0.3715795874595642,
        2.7161014080047607,
        0.5880680084228516,
        -1.6932170391082764,
        -1.6739734411239624,
        -0.7961665987968445,
        0.524554431438446,
        -1.3283177614212036
    ],
    "right_hand_pose": [
        -3.23911452293396,
        0.033921848982572556,
        -1.6310971975326538,
        -0.22522751986980438,
        0.48343589901924133,
        1.2195241451263428,
        0.26831892132759094,
        2.145620584487915,
        0.3138449490070343,
        -0.6303894519805908,
        3.0912797451019287,
        -3.9436466693878174
    ],
    "jaw_pose": [
        0.12712551653385162,
        0.010958892293274403,
        0.026903413236141205
    ],
    "leye_pose": [
        0.40714994072914124,
        0.6323651671409607,
        -0.05231687054038048
    ],
    "reye_pose": [
        -0.026285164058208466,
        -1.1305017471313477,
        -3.443988561630249
    ],
    "expression": [
        0.05743222311139107,
        0.04749474674463272,
        0.10840923339128494,
        -0.25981390476226807,
        -0.41698360443115234,
        -0.376796156167984,
        0.09033792465925217,
        0.6231248378753662,
        -0.17008191347122192,
        -0.0984230786561966
    ]
}