{
    "betas": [
        0.5446115732192993,
        -0.5162818431854248,
        0.7647387385368347,
        -0.4136430621147156,
        0.10031379759311676,
        0.006980542093515396,
        0.8422257304191589,
        -1.033382773399353,
        -0.08229709416627884,
        -1.7029445171356201
    ],
    "global_orient": [
        0.00213131052441895,
        -0.10926167666912079,
        -0.18183808028697968
    ],
    "body_pose": [
        -0.29684996604919434,
        0.21371698379516602,
        0.05124596506357193,
        -0.01557586994022131,
        0.38804787397384644,
        -0.2027364820241928,
        0.1311621516942978,
        0.05023713409900665,
        -0.04523814469575882,
        0.5242230892181396,
        -0.3399282395839691,
        0.08467507362365723,
        0.18034501373767853,
        0.1177724301815033,
        0.009129579178988934,
        0.0857294574379921,
        -0.0428767092525959,
        0.08245918154716492,
        -0.2133687436580658,
        0.19916780292987823,
        6.162494628370041e-06,
        0.5184438824653625,
        -0.16625095903873444,
        -1.3776495961792534e-06,
        -0.06469957530498505,
        -0.18010924756526947,
        0.1282883733510971,
        7.342661319853505e-06,
        4.615424131770851e-06,
        6.626943104492966e-06,
        1.247857994712831e-06,
        5.323358891473617e-07,
        1.5771761354699265e-06,
        -0.10913252830505371,
        0.04312026500701904,
        0.08360598236322403,
        -0.0018249386921525002,
        0.1693701297044754,
        0.09038188308477402,
        -0.1879364401102066,
        -0.10743863135576248,
        0.02931174635887146,
        0.24790073931217194,
        0.03999869525432587,
        -0.09480741620063782,
        0.37959614396095276,
        -0.5709424018859863,
        -0.31346794962882996,
        -0.1335929036140442,
        0.29670920968055725,
        0.09587951749563217,
        -0.1102701798081398,
        -1.8421703577041626,
        0.806089460849762,
        -0.020658452063798904,
        0.12125293910503387,
        0.07162971794605255,
        0.30980944633483887,
        -0.34224531054496765,
        -0.05988426133990288,
        0.11774174869060516,
        -0.2785966992378235,
        0.08512713015079498
    ],
    "transl": [
        0.17575475573539734,
        1.5862361192703247,
        -0.1343335211277008
    ],
    "left_hand_pose": [
        -0.003994375932961702,
        0.8123741745948792,
        -0.24062688648700714,
        -0.640946626663208,
        0.44597679376602173,
        1.3641732931137085,
        0.6429194808006287,
        -1.267982840538025,
        1.395654320716858,
        -0.36675605177879333,
        0.6926565170288086,
        -0.1214904636144638
    ],
    "right_hand_pose": [
        0.3291035592556,
        0.24676088988780975,
        0.3440941572189331,
        -1.3403427600860596,
        1.345368504524231,
        0.3087041676044464,
        1.1299844980239868,
        -0.9034332036972046,
        -0.3411101996898651,
        -1.1523088216781616,
        0.16130897402763367,
        -0.7840186953544617
    ],
    "jaw_pose": [
        -0.021797552704811096,
        0.024464307352900505,
        0.009872283786535263
    ],
    "leye_pose": [
        0.242269828915596,
        0.61020427942276,
        -0.6266639828681946
    ],
    "reye_pose": [
        -0.3545688986778259,
        0.1649429351091385,
        -0.09315535426139832
    ],
    "expression": [
        -0.2870551347732544,
        0.6095281839370728,
        -0.026631997898221016,
        0.7821829319000244,
        -0.5258560180664062,
        0.03814050182700157,
        -0.2826802432537079,
        0.47646498680114746,
        -0.021426722407341003,
        0.09465399384498596
    ]
}