{
    "betas": [
        1.4655171632766724,
        -0.7581943273544312,
        1.0205901861190796,
        -0.09418800473213196,
        0.18320009112358093,
        -0.14965128898620605,
        0.4669920802116394,
        -0.9952585697174072,
        -0.3331878185272217,
        -1.965636134147644
    ],
    "global_orient": [
        -0.19061335921287537,
        -0.08857321739196777,
        -0.11490912735462189
    ],
    "body_pose": [
        -0.2917309105396271,
        0.6882420778274536,
        0.0394396111369133,
        -0.298843115568161,
        -0.38782429695129395,
        0.12278975546360016,
        0.07291305065155029,
        -0.14450699090957642,
        0.045556504279375076,
        0.7604990005493164,
        -0.4908718466758728,
        0.4681234061717987,
        0.8194026350975037,
        0.09969395399093628,
        -0.32921120524406433,
        0.2579001188278198,
        -0.01230497658252716,
        -0.09468022733926773,
        -0.3273008465766907,
        -0.15543775260448456,
        -6.438087041260587e-08,
        -0.08810856193304062,
        -0.03784650191664696,
        2.5533706775604514e-06,
        0.022349940612912178,
        -0.017317794263362885,
        0.017647147178649902,
        -8.889121545507805e-07,
        1.2172051810921403e-06,
        3.505285803839797e-06,
        -3.3501573852845468e-06,
        6.857188168396533e-07,
        1.259943246623152e-06,
        0.05649017170071602,
        0.17461782693862915,
        -0.02551703155040741,
        -0.3243250846862793,
        -0.1683700680732727,
        0.43808844685554504,
        -0.18105106055736542,
        -0.0069314856082201,
        0.04416728392243385,
        0.1593746542930603,
        -0.16001176834106445,
        -0.10056284815073013,
        -0.2824964225292206,
        -0.542003870010376,
        0.2658655047416687,
        -0.16765612363815308,
        0.25718817114830017,
        0.23032400012016296,
        -0.4328076243400574,
        -0.6126818060874939,
        0.5663666129112244,
        -0.21394959092140198,
        1.401368260383606,
        -1.2259798049926758,
        -0.1258271336555481,
        -0.0374160073697567,
        0.0036153276450932026,
        -0.7557730078697205,
        0.13654303550720215,
        0.12543708086013794
    ],
    "transl": [
        0.09404723346233368,
        1.501702070236206,
        -0.10857195407152176
    ],
    "left_hand_pose": [
        -3.230786085128784,
        0.8097824454307556,
        -1.7383061647415161,
        -0.6521018147468567,
        -2.1873350143432617,
        3.882194757461548,
        -0.9121874570846558,
        -0.8777545690536499,
        1.295092225074768,
        0.7717764377593994,
        2.7693777084350586,
        -3.778928518295288
    ],
    "right_hand_pose": [
        -3.2245419025421143,
        1.0675582885742188,
        0.31500717997550964,
        -2.106811046600342,
        -0.6790614128112793,
        1.1346138715744019,
        1.6602723598480225,
        -1.1742022037506104,
        -2.9955289363861084,
        -0.8253688216209412,
        2.248739004135132,
        -1.2248557806015015
    ],
    "jaw_pose": [
        -0.011719495058059692,
        0.002597110578790307,
        0.028982622548937798
    ],
    "leye_pose": [
        -0.49794748425483704,
        0.4998134672641754,
        0.8207173347473145
    ],
    "reye_pose": [
        -0.04599715396761894,
        -0.8186215758323669,
        -3.402529239654541
    ],
    "expression": [
        0.20050962269306183,
        0.8071781992912292,
        0.2217298299074173,
        0.7661446332931519,
        -0.12388190627098083,
        0.0778229832649231,
        -0.18332135677337646,
        0.5970168709754944,
        -0.015876591205596924,
        -0.12481755018234253
    ]
}