{
    "betas": [
        0.8071120381355286,
        -0.7564547061920166,
        0.7148391008377075,
        -0.47651582956314087,
        0.04891793429851532,
        -0.15039272606372833,
        0.962550699710846,
        -0.9639411568641663,
        -0.030423520132899284,
        -2.009441375732422
    ],
    "global_orient": [
        -0.20979149639606476,
        0.12029930204153061,
        0.09729007631540298
    ],
    "body_pose": [
        0.13669000566005707,
        0.28245875239372253,
        -0.21534615755081177,
        -0.4600219428539276,
        -0.5760816931724548,
        0.19746187329292297,
        0.18553438782691956,
        -0.04367915913462639,
        -0.05421061813831329,
        0.28647488355636597,
        -0.4263724684715271,
        0.016106829047203064,
        0.582365870475769,
        0.22171561419963837,
        -0.025494473055005074,
        0.1727742701768875,
        0.0197882242500782,
        -0.016034141182899475,
        -0.11952853947877884,
        0.11835333704948425,
        3.2797524909256026e-06,
        0.4980703592300415,
        -0.30961355566978455,
        -3.9967690099729225e-06,
        -0.09181894361972809,
        0.019752023741602898,
        0.05865102633833885,
        3.4327019875490805e-06,
        2.542124093452003e-06,
        4.375757725938456e-06,
        9.42272322390636e-07,
        4.897771646028559e-07,
        -2.65357493844931e-06,
        0.05218110606074333,
        -0.07591728866100311,
        0.17886601388454437,
        -0.1848553717136383,
        0.16298678517341614,
        0.0506434291601181,
        -0.21189498901367188,
        0.30803540349006653,
        0.10104864090681076,
        0.1472150683403015,
        -0.11029669642448425,
        -0.07277244329452515,
        -0.10768444091081619,
        -0.004464609548449516,
        -0.18969886004924774,
        -0.03475956991314888,
        1.1077371835708618,
        0.2662404775619507,
        -0.18387292325496674,
        -0.15507635474205017,
        -0.07091527432203293,
        0.03591117635369301,
        1.6762311458587646,
        0.2057276964187622,
        0.054372746497392654,
        0.0487760491669178,
        -0.0988970398902893,
        -0.09508735686540604,
        0.19887448847293854,
        0.27244216203689575
    ],
    "transl": [
        0.22727824747562408,
        1.5827481746673584,
        -0.08954399824142456
    ],
    "left_hand_pose": [
        0.04956065118312836,
        0.21561609208583832,
        0.04368915036320686,
        0.034294918179512024,
        0.964642345905304,
        1.0730187892913818,
        -0.8378279805183411,
        -1.2232896089553833,
        0.3545519709587097,
        -0.30816650390625,
        0.9383379220962524,
        -0.13187377154827118
    ],
    "right_hand_pose": [
        0.23574483394622803,
        0.5221945643424988,
        0.46403974294662476,
        -1.6485182046890259,
        1.216269850730896,
        -0.3302673101425171,
        1.3287451267242432,
        -0.637835681438446,
        -1.5180429220199585,
        -2.250706434249878,
        -0.47377994656562805,
        -4.202836990356445
    ],
    "jaw_pose": [
        -0.017521347850561142,
        0.008345218375325203,
        0.03777286410331726
    ],
    "leye_pose": [
        0.8809964060783386,
        0.9393263459205627,
        -0.4613840878009796
    ],
    "reye_pose": [
        -0.32586267590522766,
        0.3477376699447632,
        -0.5806668400764465
    ],
    "expression": [
        -0.32612839341163635,
        0.3206844627857208,
        0.18590112030506134,
        1.2218750715255737,
        -0.5346304774284363,
        -0.045175887644290924,
        -0.26386013627052307,
        0.8628142476081848,
        0.24435172975063324,
        0.2709769308567047
    ]
}