{
    "betas": [
        0.7818763852119446,
        -0.6637605428695679,
        0.8170787692070007,
        -0.610521137714386,
        0.017564816400408745,
        -0.0855700820684433,
        0.9904013276100159,
        -0.5610077977180481,
        0.021621694788336754,
        -1.8291593790054321
    ],
    "global_orient": [
        -0.16000811755657196,
        0.14195774495601654,
        -0.08798052370548248
    ],
    "body_pose": [
        0.05359300971031189,
        0.1385463923215866,
        0.005431729834526777,
        -0.5574613809585571,
        -0.700303852558136,
        -0.020603423938155174,
        0.19125311076641083,
        0.0003663254901766777,
        0.08756570518016815,
        0.16891774535179138,
        -0.3517632782459259,
        -0.025735056027770042,
        0.9082754850387573,
        0.21211743354797363,
        -0.14543744921684265,
        0.1174926608800888,
        -0.005000635515898466,
        -0.02605658397078514,
        0.07846531271934509,
        0.2071831077337265,
        4.154966063651955e-06,
        0.3966671824455261,
        -0.1065346822142601,
        -6.610855507460656e-06,
        -0.05059349536895752,
        -0.09803257882595062,
        0.11231075972318649,
        7.1818340074969456e-06,
        2.535468638598104e-06,
        3.868991825584089e-06,
        4.140176486089331e-07,
        2.1844414277438773e-06,
        -7.476090786440182e-07,
        -0.052264031022787094,
        0.0068480777554214,
        0.11843518167734146,
        -0.16740429401397705,
        0.1561107635498047,
        0.10387520492076874,
        -0.2511275112628937,
        0.07027771323919296,
        -0.12608389556407928,
        0.17482605576515198,
        -0.12099055200815201,
        -0.057742539793252945,
        0.00440454576164484,
        -0.2551327049732208,
        -0.3482302725315094,
        -0.08042502403259277,
        1.0720007419586182,
        0.287997305393219,
        -0.3128420114517212,
        -0.5533579587936401,
        0.016570674255490303,
        0.1522587239742279,
        1.100348949432373,
        0.019592735916376114,
        0.3430652320384979,
        -0.05228607729077339,
        0.09139132499694824,
        -0.07610633224248886,
        -0.007976537570357323,
        0.11880255490541458
    ],
    "transl": [
        0.19831888377666473,
        1.6132005453109741,
        -0.13940554857254028
    ],
    "left_hand_pose": [
        -0.030130639672279358,
        0.1889389306306839,
        0.04433932155370712,
        -0.0625099241733551,
        0.3967605233192444,
        0.4915398359298706,
        0.06437673419713974,
        -1.0219957828521729,
        0.4699369966983795,
        -0.5857139229774475,
        0.2573418915271759,
        -0.706043541431427
    ],
    "right_hand_pose": [
        0.35247111320495605,
        0.33762145042419434,
        0.23283632099628448,
        -1.6484295129776,
        1.5421943664550781,
        0.8178755640983582,
        1.0344367027282715,
        -1.2925810813903809,
        -0.1809951364994049,
        -1.3514347076416016,
        0.3924575448036194,
        -1.8509490489959717
    ],
    "jaw_pose": [
        -0.003860507160425186,
        0.01637079007923603,
        0.03191627562046051
    ],
    "leye_pose": [
        0.87845778465271,
        0.7879794239997864,
        -0.35253968834877014
    ],
    "reye_pose": [
        -0.23007775843143463,
        0.22051620483398438,
        -0.14723245799541473
    ],
    "expression": [
        -0.43235716223716736,
        0.3880833089351654,
        0.3641086518764496,
        0.936403751373291,
        -0.44769716262817383,
        -0.09391999244689941,
        -0.20679548382759094,
        0.606825053691864,
        0.23072956502437592,
        0.18072772026062012
    ]
}