{
    "betas": [
        0.6946038603782654,
        -0.4096277058124542,
        0.6318843960762024,
        -0.19759750366210938,
        0.5479569435119629,
        -0.24555957317352295,
        1.155777931213379,
        -0.7379297018051147,
        0.011761319823563099,
        -1.6291102170944214
    ],
    "global_orient": [
        -0.18304672837257385,
        0.3058568835258484,
        -0.04175397381186485
    ],
    "body_pose": [
        0.0941038504242897,
        0.013471865095198154,
        -0.06662687659263611,
        -0.41357991099357605,
        -0.2977348864078522,
        0.10008960217237473,
        0.11778327822685242,
        -0.02297857403755188,
        0.05049579590559006,
        0.13669723272323608,
        -0.5432803630828857,
        0.005304559133946896,
        0.8853204846382141,
        0.21542423963546753,
        -0.1851276308298111,
        0.20346014201641083,
        -0.03701255843043327,
        0.018852178007364273,
        0.1186099722981453,
        0.28638508915901184,
        3.497301577226608e-06,
        0.281440794467926,
        -0.29688560962677,
        -4.681695827457588e-06,
        -0.08480888605117798,
        -0.06169727072119713,
        0.051072340458631516,
        6.913124252605485e-06,
        3.813657940554549e-06,
        5.9327994677005336e-06,
        -4.572227680910146e-07,
        2.1717721665481804e-06,
        -8.491810490340868e-07,
        -0.06476098299026489,
        -0.021457253023982048,
        0.07400602847337723,
        -0.1648111343383789,
        0.1482987254858017,
        0.08179433643817902,
        -0.16092990338802338,
        0.06173662841320038,
        -0.06734564900398254,
        0.12751811742782593,
        -0.11106568574905396,
        -0.060252029448747635,
        0.030914992094039917,
        -0.034407034516334534,
        -0.21358515322208405,
        -0.1058335155248642,
        0.4909506142139435,
        0.03355972096323967,
        -0.05769490823149681,
        -0.011126648634672165,
        -0.15451273322105408,
        0.03161315992474556,
        0.6253902912139893,
        -0.025864338502287865,
        0.4039343297481537,
        0.07562895119190216,
        -0.1239832416176796,
        -0.0035077733919024467,
        -0.08843009173870087,
        0.09074332565069199
    ],
    "transl": [
        0.2000030279159546,
        1.6131923198699951,
        -0.14784379303455353
    ],
    "left_hand_pose": [
        0.20705093443393707,
        0.23664098978042603,
        0.2568418085575104,
        -0.6395352482795715,
        1.3084909915924072,
        0.8796377778053284,
        0.054102472960948944,
        -1.4850894212722778,
        -0.6189714074134827,
        -1.2780680656433105,
        -0.1595722734928131,
        -0.43340593576431274
    ],
    "right_hand_pose": [
        0.08705388009548187,
        0.10140931606292725,
        0.12882494926452637,
        -0.9923638105392456,
        1.2487890720367432,
        0.7462970018386841,
        0.31454938650131226,
        -0.8842260837554932,
        -0.6870490312576294,
        -0.8739005327224731,
        0.4519747197628021,
        -0.3438766300678253
    ],
    "jaw_pose": [
        0.0005896365037187934,
        0.019066715613007545,
        0.03528803959488869
    ],
    "leye_pose": [
        0.5614421963691711,
        0.5129387378692627,
        -0.20437310636043549
    ],
    "reye_pose": [
        -0.22365744411945343,
        0.30945608019828796,
        -0.3010958433151245
    ],
    "expression": [
        -0.2931574285030365,
        0.12240055948495865,
        0.1779516637325287,
        0.5979123711585999,
        -0.5663200616836548,
        -0.07288530468940735,
        -0.20133353769779205,
        0.6700446605682373,
        0.06001650169491768,
        0.057907480746507645
    ]
}