{
    "betas": [
        0.9266325235366821,
        -0.6888508796691895,
        0.9395326972007751,
        -0.46978700160980225,
        0.20145735144615173,
        -0.13017576932907104,
        0.776871383190155,
        -0.9074897766113281,
        -0.07587482035160065,
        -2.217266798019409
    ],
    "global_orient": [
        -0.06574635952711105,
        0.2324157953262329,
        -0.1151440367102623
    ],
    "body_pose": [
        -0.15876254439353943,
        0.42440909147262573,
        -0.031932104378938675,
        -0.3172946274280548,
        0.11474351584911346,
        -0.11523379385471344,
        0.13967038691043854,
        -0.06887773424386978,
        0.0830104649066925,
        0.3861234784126282,
        -0.6658190488815308,
        0.1911606639623642,
        0.7372464537620544,
        0.18711915612220764,
        -0.16145752370357513,
        0.1194722056388855,
        -0.09591732919216156,
        -0.0892348363995552,
        -0.042793113738298416,
        -0.06322232633829117,
        3.466705322807684e-07,
        0.9135693907737732,
        -0.10207182168960571,
        7.291654355867649e-07,
        -0.06155800074338913,
        -0.157306969165802,
        0.11519861221313477,
        2.549385499150958e-06,
        2.609319153634715e-06,
        3.2042628390627215e-06,
        5.623792276310269e-07,
        1.455100914427021e-06,
        -6.404836767615052e-07,
        0.006039709318429232,
        0.02830689772963524,
        0.07895679026842117,
        0.027783460915088654,
        0.2319093644618988,
        0.04055231437087059,
        -0.16425052285194397,
        -0.16270293295383453,
        0.11575930565595627,
        0.2062680423259735,
        -0.025594059377908707,
        -0.005195412784814835,
        0.2693302035331726,
        -0.3139798045158386,
        -0.3536740839481354,
        -0.05596310272812843,
        0.1918078511953354,
        0.10598155111074448,
        -0.08920721709728241,
        -1.4861557483673096,
        0.49980637431144714,
        0.034233834594488144,
        0.3175402581691742,
        0.10060133039951324,
        0.4186021685600281,
        -0.3552514910697937,
        -0.022404981777071953,
        0.031516630202531815,
        -0.1658686250448227,
        0.09259466826915741
    ],
    "transl": [
        0.18520255386829376,
        1.5939552783966064,
        -0.09240090847015381
    ],
    "left_hand_pose": [
        0.11349161714315414,
        0.46824660897254944,
        0.22059454023838043,
        -0.2065446674823761,
        0.30294889211654663,
        0.3720666170120239,
        0.3358529806137085,
        -1.1702936887741089,
        -0.5642811059951782,
        -0.8000578880310059,
        0.7915577292442322,
        -0.6494833827018738
    ],
    "right_hand_pose": [
        0.13769547641277313,
        0.12021315097808838,
        0.3310379683971405,
        -1.2671988010406494,
        1.2484439611434937,
        0.20333506166934967,
        0.7766739130020142,
        -0.6182854771614075,
        -0.08827880024909973,
        -0.945014476776123,
        0.3188348710536957,
        -0.753320038318634
    ],
    "jaw_pose": [
        -0.017178229987621307,
        0.004678760655224323,
        0.023846326395869255
    ],
    "leye_pose": [
        0.7232663035392761,
        0.9177970886230469,
        -0.45257458090782166
    ],
    "reye_pose": [
        -0.561718225479126,
        0.1341419667005539,
        -0.27008622884750366
    ],
    "expression": [
        -0.5116636753082275,
        0.6320196390151978,
        0.18975792825222015,
        1.2314091920852661,
        -0.3875739574432373,
        -0.14933790266513824,
        -0.1345149725675583,
        0.5256966948509216,
        0.243716299533844,
        0.23454895615577698
    ]
}