{
    "betas": [
        0.5372248888015747,
        -0.32670146226882935,
        0.5685312151908875,
        -0.11677088588476181,
        0.516375720500946,
        -0.21972781419754028,
        1.1909432411193848,
        -0.7421607971191406,
        0.08387663215398788,
        -1.5155256986618042
    ],
    "global_orient": [
        -0.12075066566467285,
        0.039475370198488235,
        -0.04973050579428673
    ],
    "body_pose": [
        -0.06856803596019745,
        0.1747310608625412,
        -0.053186312317848206,
        -0.21595929563045502,
        -0.11584556102752686,
        0.02816622704267502,
        0.10296305269002914,
        -0.04172438383102417,
        0.028585199266672134,
        0.2850281000137329,
        -0.5066278576850891,
        -3.122013367828913e-05,
        0.5729907751083374,
        0.10901953279972076,
        -0.01822355017066002,
        0.27545735239982605,
        0.021287256851792336,
        -0.05150730535387993,
        -0.019222931936383247,
        0.324226438999176,
        5.484640041686362e-06,
        0.06117558851838112,
        -0.43330323696136475,
        -6.3840871007414535e-06,
        -0.16086573898792267,
        0.013314282521605492,
        0.030617715790867805,
        8.135481948556844e-06,
        4.99543648402323e-06,
        7.717668268014677e-06,
        1.6944139247243584e-07,
        2.121645593433641e-06,
        -2.5370623006892856e-06,
        -0.09134504944086075,
        0.043821781873703,
        0.07175438851118088,
        -0.19873926043510437,
        0.17389678955078125,
        0.10317004472017288,
        -0.17541839182376862,
        0.07969992607831955,
        -0.0164687130600214,
        0.11290305852890015,
        -0.055369868874549866,
        -0.04457804188132286,
        -0.014552232809364796,
        -0.051335398107767105,
        -0.16518181562423706,
        -0.25804391503334045,
        0.28808996081352234,
        0.15133008360862732,
        -0.11942994594573975,
        -0.09141433238983154,
        -0.11103961616754532,
        -0.09725794196128845,
        0.11049119383096695,
        0.015384853817522526,
        0.4215949773788452,
        0.03277177736163139,
        -0.05408584699034691,
        0.005193154327571392,
        -0.18917670845985413,
        0.09178710728883743
    ],
    "transl": [
        0.17698898911476135,
        1.6057028770446777,
        -0.16274338960647583
    ],
    "left_hand_pose": [
        0.1428591012954712,
        0.27359524369239807,
        0.24274159967899323,
        -0.555427610874176,
        1.2202256917953491,
        1.0245321989059448,
        0.1463051736354828,
        -1.6249979734420776,
        -0.37682199478149414,
        -1.0435032844543457,
        0.34870630502700806,
        -0.2384733408689499
    ],
    "right_hand_pose": [
        0.06301263719797134,
        0.41545653343200684,
        0.053274597972631454,
        -0.635667622089386,
        0.5247433185577393,
        0.5476698875427246,
        0.61271071434021,
        -0.8466663956642151,
        -0.13791923224925995,
        -0.6269572377204895,
        0.7428321242332458,
        -0.597671627998352
    ],
    "jaw_pose": [
        -0.006372333038598299,
        0.02026933617889881,
        0.03377741947770119
    ],
    "leye_pose": [
        0.31239134073257446,
        0.44688236713409424,
        -0.007776965387165546
    ],
    "reye_pose": [
        -0.2821296155452728,
        0.16155119240283966,
        -0.11671043187379837
    ],
    "expression": [
        0.05023938789963722,
        0.5542710423469543,
        0.4421963691711426,
        0.6501250863075256,
        -0.5779223442077637,
        0.04162262752652168,
        -0.17116674780845642,
        0.5841109752655029,
        0.0731080025434494,
        0.013219824060797691
    ]
}