{
    "betas": [
        0.9257230162620544,
        -0.727098286151886,
        0.86595618724823,
        -0.6132835745811462,
        0.04854164645075798,
        -0.1070343405008316,
        1.197642207145691,
        -0.883124053478241,
        -0.038393449038267136,
        -1.8033344745635986
    ],
    "global_orient": [
        -0.1375945657491684,
        0.18879513442516327,
        -0.007668893318623304
    ],
    "body_pose": [
        0.059013012796640396,
        0.14240385591983795,
        -0.08151784539222717,
        -0.5849680304527283,
        -0.5230522751808167,
        0.12917250394821167,
        0.23209665715694427,
        -0.07941436767578125,
        0.03646170347929001,
        0.20116393268108368,
        -0.3399506211280823,
        -0.015667445957660675,
        0.7201792001724243,
        0.3344229459762573,
        0.20293599367141724,
        0.020370356738567352,
        -0.05764608085155487,
        -0.03778839111328125,
        0.02418050356209278,
        0.11550053209066391,
        1.3014335991101689e-06,
        0.6764761805534363,
        0.1284303367137909,
        -3.4523084195825504e-06,
        -0.05753510445356369,
        -0.06358128786087036,
        0.060682009905576706,
        4.676983735407703e-06,
        1.6608302075837855e-06,
        2.439310264890082e-06,
        2.6338789211877156e-06,
        1.2591707445608336e-06,
        -2.6784260853673914e-07,
        0.10080946981906891,
        -0.03218710795044899,
        0.14343243837356567,
        -0.09246491640806198,
        0.24931317567825317,
        0.05492385849356651,
        -0.28861498832702637,
        0.0848734900355339,
        -0.10434789955615997,
        0.22420412302017212,
        -0.033928703516721725,
        -0.07027610391378403,
        0.027901053428649902,
        -0.12301023304462433,
        -0.3041645288467407,
        -0.030270740389823914,
        1.0865329504013062,
        0.47372302412986755,
        -0.1411985605955124,
        -0.6892706751823425,
        0.01833318918943405,
        0.1185976192355156,
        1.4304381608963013,
        0.10654015094041824,
        0.20953647792339325,
        -0.057247284799814224,
        -0.03130054101347923,
        -0.10330720245838165,
        0.03248341754078865,
        0.10778091102838516
    ],
    "transl": [
        0.2086470127105713,
        1.6010732650756836,
        -0.10903128236532211
    ],
    "left_hand_pose": [
        0.010891658253967762,
        0.14792929589748383,
        -0.00546945258975029,
        0.08906462788581848,
        0.4379759132862091,
        0.6073370575904846,
        -0.4394764304161072,
        -0.9432114958763123,
        0.21150103211402893,
        -0.3597506284713745,
        0.6231296062469482,
        -0.3324519693851471
    ],
    "right_hand_pose": [
        0.3255082964897156,
        0.43657007813453674,
        0.36100247502326965,
        -1.109917163848877,
        0.9802560210227966,
        0.032669175416231155,
        1.2464913129806519,
        -0.5830832719802856,
        -0.24329739809036255,
        -1.0638973712921143,
        0.7436155080795288,
        -1.658597707748413
    ],
    "jaw_pose": [
        -0.006232454441487789,
        0.0024146721698343754,
        0.015995215624570847
    ],
    "leye_pose": [
        0.6613205671310425,
        0.9459367990493774,
        -0.6357282400131226
    ],
    "reye_pose": [
        -0.44854313135147095,
        0.3485541343688965,
        -0.3328377902507782
    ],
    "expression": [
        -1.0641217231750488,
        0.5596714615821838,
        0.24152806401252747,
        1.298293948173523,
        -0.40234997868537903,
        -0.10844618082046509,
        -0.2015511840581894,
        0.5888605713844299,
        0.2294301986694336,
        0.2323581427335739
    ]
}