{
    "betas": [
        0.5996922850608826,
        -0.48738574981689453,
        0.6937230229377747,
        -0.4147162139415741,
        0.4203510880470276,
        -0.11384501308202744,
        0.2817055583000183,
        -1.2542881965637207,
        -0.4479173719882965,
        -1.536582350730896
    ],
    "global_orient": [
        -0.026975391432642937,
        0.13505105674266815,
        -0.1409313678741455
    ],
    "body_pose": [
        -0.22509071230888367,
        0.4211425483226776,
        0.053116846829652786,
        -0.05451037362217903,
        0.3342016041278839,
        -0.04777916148304939,
        0.07847454398870468,
        0.0073425183072686195,
        -0.036967840045690536,
        0.35578233003616333,
        -0.6660677194595337,
        0.01985105499625206,
        0.23307520151138306,
        -0.17717187106609344,
        0.05444449186325073,
        0.0886240005493164,
        0.010882648639380932,
        -0.012625102885067463,
        -0.08528827130794525,
        0.00484159030020237,
        3.6882279346173164e-06,
        0.10811243951320648,
        -0.4212021231651306,
        -2.7970024802925764e-06,
        -0.06026685610413551,
        -0.11547721922397614,
        0.011973531916737556,
        8.819578397378791e-06,
        4.091716618859209e-06,
        6.0542929531948175e-06,
        1.3194669463700848e-06,
        1.5271172060238314e-06,
        5.109048402118788e-07,
        -0.09281227737665176,
        0.08436769992113113,
        0.10696926712989807,
        -0.17356908321380615,
        0.13691633939743042,
        0.1895943284034729,
        -0.3058094382286072,
        -0.1797613501548767,
        0.02778560295701027,
        0.1979386806488037,
        -0.1046842634677887,
        -0.07453784346580505,
        -0.005150592885911465,
        -0.3349812626838684,
        0.075234055519104,
        -0.654903769493103,
        -0.0727282166481018,
        0.15426005423069,
        -0.2441837191581726,
        -1.131435751914978,
        0.8118815422058105,
        -0.5001804828643799,
        0.23269261419773102,
        -0.21826617419719696,
        0.19003243744373322,
        -0.3585459589958191,
        0.266912579536438,
        -0.6098173260688782,
        -0.18501825630664825,
        -0.18184122443199158
    ],
    "transl": [
        0.18910369277000427,
        1.6013368368148804,
        -0.13010025024414062
    ],
    "left_hand_pose": [
        -3.7448067665100098,
        0.6283291578292847,
        -0.5033249258995056,
        -2.0629947185516357,
        -1.0851097106933594,
        1.8105969429016113,
        0.2986902594566345,
        -0.3363783061504364,
        0.7408869862556458,
        0.5992701649665833,
        3.114217519760132,
        -2.596081495285034
    ],
    "right_hand_pose": [
        -3.3994967937469482,
        1.5360804796218872,
        -0.4581626057624817,
        -2.258624315261841,
        -0.43770813941955566,
        2.725686550140381,
        0.21303777396678925,
        -1.4490635395050049,
        -0.5040457248687744,
        -0.765005886554718,
        2.3834242820739746,
        -3.604820489883423
    ],
    "jaw_pose": [
        0.06327716261148453,
        0.007887275889515877,
        0.040185123682022095
    ],
    "leye_pose": [
        -0.08197353035211563,
        0.679858386516571,
        0.4019697606563568
    ],
    "reye_pose": [
        -0.5730557441711426,
        0.20530514419078827,
        -0.28473517298698425
    ],
    "expression": [
        -1.135806918144226,
        0.6449459791183472,
        0.3435475826263428,
        0.08664640784263611,
        -0.10798169672489166,
        0.19946861267089844,
        -0.044729579240083694,
        0.6769668459892273,
        0.060896389186382294,
        -0.26000747084617615
    ]
}