{
    "betas": [
        0.6141883730888367,
        -0.5495855808258057,
        0.7916637659072876,
        -0.5285202264785767,
        0.16848330199718475,
        -0.047415971755981445,
        0.5391075015068054,
        -0.9828280806541443,
        -0.38073962926864624,
        -1.97482168674469
    ],
    "global_orient": [
        -0.08166173100471497,
        0.21626265347003937,
        -0.1283622682094574
    ],
    "body_pose": [
        -0.23524832725524902,
        0.33596378564834595,
        0.012154011987149715,
        -0.07383248209953308,
        0.22078987956047058,
        -0.08920705318450928,
        0.1347479373216629,
        0.010446012951433659,
        -0.051807574927806854,
        0.5003729462623596,
        -0.6011607646942139,
        0.013880833052098751,
        0.4005500376224518,
        0.0494762547314167,
        -0.03593916818499565,
        0.16770534217357635,
        -0.01232286635786295,
        -0.0032048681750893593,
        -0.12527237832546234,
        -0.028433289378881454,
        4.624849225365324e-06,
        0.18890614807605743,
        -0.29477381706237793,
        -1.861303189798491e-06,
        -0.07811914384365082,
        -0.11459784209728241,
        0.049295950680971146,
        7.72507246438181e-06,
        4.499758688325528e-06,
        5.925138339080149e-06,
        -2.7333191709999483e-08,
        1.7639039242567378e-06,
        6.028148504810815e-07,
        -0.16636106371879578,
        -0.06411776691675186,
        0.14237530529499054,
        0.026004809886217117,
        0.19897674024105072,
        0.04120117053389549,
        -0.24388273060321808,
        -0.06489133089780807,
        0.11106819659471512,
        0.17713655531406403,
        -0.1134205162525177,
        -0.09086066484451294,
        0.23199306428432465,
        -0.4914700984954834,
        -0.25275883078575134,
        -0.34255677461624146,
        0.11130887269973755,
        0.3718298673629761,
        -0.08169600367546082,
        -1.73045015335083,
        0.7419188618659973,
        -0.39632004499435425,
        0.08361873030662537,
        -0.03958331421017647,
        0.35454261302948,
        -0.3467159569263458,
        -0.3107079565525055,
        -0.30691835284233093,
        -0.2921067178249359,
        0.1950918734073639
    ],
    "transl": [
        0.21358777582645416,
        1.5887806415557861,
        -0.14139267802238464
    ],
    "left_hand_pose": [
        -1.810522198677063,
        2.7262678146362305,
        -0.9834784865379333,
        -3.70082426071167,
        2.7348313331604004,
        3.62302303314209,
        1.5410200357437134,
        -2.239577531814575,
        0.9940307140350342,
        1.0931559801101685,
        1.1494951248168945,
        2.9636716842651367
    ],
    "right_hand_pose": [
        -1.102072834968567,
        2.1218438148498535,
        -1.329676628112793,
        -3.251274347305298,
        1.73456609249115,
        3.0512349605560303,
        0.5146467089653015,
        -2.185105085372925,
        -1.4757100343704224,
        -1.5159220695495605,
        0.9020098447799683,
        -2.3428595066070557
    ],
    "jaw_pose": [
        0.03250241279602051,
        0.00428332295268774,
        0.03642864525318146
    ],
    "leye_pose": [
        0.4201989769935608,
        0.9814643859863281,
        0.055372968316078186
    ],
    "reye_pose": [
        -0.750059962272644,
        0.39287635684013367,
        -0.44546255469322205
    ],
    "expression": [
        -0.7622255086898804,
        0.7084071040153503,
        0.4025115370750427,
        0.5870414972305298,
        -0.17908114194869995,
        0.21372991800308228,
        -0.14758090674877167,
        0.7613993883132935,
        0.15835337340831757,
        -0.2160997837781906
    ]
}