{
    "betas": [
        1.1235393285751343,
        -0.3967406749725342,
        0.9680295586585999,
        -0.15415942668914795,
        0.2488420158624649,
        -0.24920153617858887,
        0.3618030548095703,
        -0.9194024801254272,
        -0.6405134201049805,
        -2.0368306636810303
    ],
    "global_orient": [
        -0.1940193772315979,
        -0.19169382750988007,
        -0.012964549474418163
    ],
    "body_pose": [
        -0.18362957239151,
        0.4146100580692291,
        -0.06421937793493271,
        -0.3681026101112366,
        -0.5830429792404175,
        -0.05976559594273567,
        0.06107699126005173,
        -0.011686013080179691,
        0.042206861078739166,
        0.772256076335907,
        -0.3317759931087494,
        0.1390342265367508,
        0.7653874754905701,
        0.3902033269405365,
        -0.32463744282722473,
        0.24311676621437073,
        0.03475266695022583,
        -0.07398203015327454,
        -0.2656989097595215,
        0.17962661385536194,
        2.022014314206899e-06,
        -0.04816242307424545,
        0.05926578491926193,
        2.1523278519453015e-06,
        -0.07329794019460678,
        -0.03581733629107475,
        -0.0019737412221729755,
        2.918427071563201e-06,
        2.614255208754912e-06,
        6.022428351570852e-06,
        -1.3875138620278449e-06,
        1.3728881640417967e-06,
        9.911996130540501e-07,
        0.04872923344373703,
        0.10938117653131485,
        0.15445630252361298,
        -0.2540360391139984,
        0.05605694279074669,
        0.19609980285167694,
        -0.26000699400901794,
        0.06112188473343849,
        -0.19168122112751007,
        0.21692708134651184,
        -0.0434078574180603,
        -0.11513134837150574,
        -0.1467912793159485,
        -0.3513578176498413,
        0.08412068337202072,
        -0.2129543572664261,
        0.5807565450668335,
        -0.2841537594795227,
        -0.38895976543426514,
        -0.8220310807228088,
        0.9902483820915222,
        -0.37238991260528564,
        0.8244116306304932,
        -0.5399475693702698,
        -0.3175390362739563,
        -0.08126305043697357,
        0.2499798834323883,
        -0.6850978136062622,
        0.00016849716485012323,
        -0.256527304649353
    ],
    "transl": [
        0.13315603137016296,
        1.5247942209243774,
        -0.11123661696910858
    ],
    "left_hand_pose": [
        -3.9752421379089355,
        0.3638961911201477,
        -1.6479777097702026,
        -0.8108682632446289,
        -2.773859739303589,
        3.3192451000213623,
        -0.597443699836731,
        0.2751595973968506,
        3.031322717666626,
        1.5206176042556763,
        4.739302158355713,
        -4.694356918334961
    ],
    "right_hand_pose": [
        -3.3504393100738525,
        1.1227089166641235,
        -0.15287522971630096,
        -2.002984046936035,
        -0.8465541005134583,
        1.8536207675933838,
        0.8693453073501587,
        -0.9537495970726013,
        -1.0812015533447266,
        -0.08356433361768723,
        2.875831127166748,
        -1.6570236682891846
    ],
    "jaw_pose": [
        -0.016023289412260056,
        0.00552300363779068,
        0.032063525170087814
    ],
    "leye_pose": [
        0.8300907015800476,
        1.0910820960998535,
        -0.5301585793495178
    ],
    "reye_pose": [
        -0.6507235765457153,
        0.4856281876564026,
        -0.8443776965141296
    ],
    "expression": [
        0.041576966643333435,
        0.7896745204925537,
        0.09516022354364395,
        1.369818091392517,
        -0.05252629891037941,
        0.0886043906211853,
        -0.3186010718345642,
        0.6824022531509399,
        0.1317514032125473,
        -0.07376635074615479
    ]
}