{
    "betas": [
        0.46993881464004517,
        -0.39987489581108093,
        0.16188207268714905,
        -0.3727218210697174,
        0.356067031621933,
        -0.1855574995279312,
        0.7457206845283508,
        -1.1301745176315308,
        0.011466491967439651,
        -1.8082412481307983
    ],
    "global_orient": [
        -0.03261330723762512,
        0.7593264579772949,
        -0.06552639603614807
    ],
    "body_pose": [
        -0.11884327977895737,
        0.13636666536331177,
        0.021126385778188705,
        0.07865389436483383,
        0.371604323387146,
        0.023216476663947105,
        -0.018524188548326492,
        0.1371414214372635,
        -0.0007246592431329191,
        0.13518069684505463,
        -0.8026410341262817,
        0.036232054233551025,
        0.294766366481781,
        -0.1311991810798645,
        0.0660022497177124,
        0.07144773006439209,
        0.16134966909885406,
        -0.11565951257944107,
        0.032003842294216156,
        -0.1620635688304901,
        -3.424044905386836e-07,
        0.12523134052753448,
        -0.5948086977005005,
        -4.4242765397939365e-06,
        -0.1254950761795044,
        -0.05045662820339203,
        -0.05988026782870293,
        7.342665412579663e-06,
        3.670804517241777e-06,
        2.797744173221872e-06,
        1.464106958337652e-06,
        1.1102580401711748e-06,
        -1.2228032346683904e-06,
        0.08604847639799118,
        -0.40970578789711,
        0.16877658665180206,
        -0.23134827613830566,
        0.23877087235450745,
        0.07698827236890793,
        -0.222605898976326,
        0.127860426902771,
        -0.23984195291996002,
        0.12779691815376282,
        -0.45924919843673706,
        -0.04134165495634079,
        -0.1396322399377823,
        0.060692742466926575,
        -0.21007917821407318,
        -0.263820618391037,
        0.3039834499359131,
        -0.36646440625190735,
        -0.389349102973938,
        -0.25971993803977966,
        0.0321403369307518,
        -0.3654871881008148,
        0.28630876541137695,
        -0.28647541999816895,
        0.22499680519104004,
        0.015554090961813927,
        -0.004505411721765995,
        -0.36428382992744446,
        -0.056422680616378784,
        -0.17249450087547302
    ],
    "transl": [
        0.15988527238368988,
        1.620133876800537,
        -0.09639911353588104
    ],
    "left_hand_pose": [
        -2.0558865070343018,
        1.5325591564178467,
        -1.0062556266784668,
        -2.0016984939575195,
        0.3682671785354614,
        2.701821804046631,
        0.5623235106468201,
        -1.6495810747146606,
        -1.5364762544631958,
        -0.6163749098777771,
        0.5832681655883789,
        -1.1043996810913086
    ],
    "right_hand_pose": [
        -3.030080795288086,
        0.23675814270973206,
        -1.729089379310608,
        -0.6079933047294617,
        1.046359658241272,
        0.8732709288597107,
        0.16071175038814545,
        2.0874483585357666,
        0.08899063616991043,
        -0.8523641228675842,
        2.768448829650879,
        -3.5542309284210205
    ],
    "jaw_pose": [
        0.1360953450202942,
        0.013376658782362938,
        0.035753991454839706
    ],
    "leye_pose": [
        0.36546942591667175,
        0.5682925581932068,
        -0.014998753555119038
    ],
    "reye_pose": [
        0.03624102845788002,
        -1.0699212551116943,
        -3.43042254447937
    ],
    "expression": [
        0.21047323942184448,
        -0.060960546135902405,
        -0.1390441507101059,
        -0.36069241166114807,
        -0.46531257033348083,
        -0.39490365982055664,
        -0.009770381264388561,
        0.7542555928230286,
        -0.28227898478507996,
        -0.13357214629650116
    ]
}