{
    "betas": [
        1.0164446830749512,
        -0.2238527536392212,
        0.9703726768493652,
        -0.07534419000148773,
        0.42322781682014465,
        -0.27736756205558777,
        0.4927651584148407,
        -0.7593075037002563,
        -0.782418966293335,
        -2.016191244125366
    ],
    "global_orient": [
        -0.19129996001720428,
        -0.06969936192035675,
        -0.07076995819807053
    ],
    "body_pose": [
        -0.2064225971698761,
        0.502548098564148,
        0.007530643604695797,
        -0.24302157759666443,
        -0.33674758672714233,
        0.03152298927307129,
        0.05735660344362259,
        -0.3515324890613556,
        -0.0034827154595404863,
        0.7540013790130615,
        -0.5036575794219971,
        0.21339239180088043,
        0.7488042712211609,
        0.24635113775730133,
        -0.19330094754695892,
        0.2887990474700928,
        0.14190219342708588,
        -0.12861639261245728,
        -0.2660704255104065,
        0.11094341427087784,
        2.583999048511032e-06,
        -0.08126053959131241,
        -0.23957687616348267,
        -2.742898232099833e-06,
        -0.09363796561956406,
        0.10866418480873108,
        -0.0025901158805936575,
        3.966257281717844e-06,
        4.066002475155983e-06,
        7.116962024156237e-06,
        -6.617887038373738e-07,
        1.9499598238326143e-06,
        3.411511073636575e-08,
        0.026058614253997803,
        0.1608210802078247,
        0.036818526685237885,
        -0.28089651465415955,
        0.08604784309864044,
        0.35276931524276733,
        -0.24015122652053833,
        0.04221087694168091,
        -0.08442366868257523,
        0.32852429151535034,
        -0.07661788165569305,
        -0.08730967342853546,
        -0.13952474296092987,
        -0.5464341044425964,
        0.1013844832777977,
        -0.2911355793476105,
        0.34678763151168823,
        -0.1137469932436943,
        -0.4554174542427063,
        -1.0634706020355225,
        1.1057167053222656,
        -0.3972581923007965,
        0.6521512866020203,
        -0.383178174495697,
        -0.06358238309621811,
        -0.24757017195224762,
        0.2596903443336487,
        -0.7450196743011475,
        -0.047279924154281616,
        -0.22795289754867554
    ],
    "transl": [
        0.11648350208997726,
        1.5320993661880493,
        -0.10640960186719894
    ],
    "left_hand_pose": [
        -4.104345798492432,
        0.28334760665893555,
        -1.2029517889022827,
        -0.3975623846054077,
        -3.05371356010437,
        3.1045405864715576,
        0.09751948714256287,
        0.465323805809021,
        4.588296413421631,
        2.024048328399658,
        5.840045928955078,
        -4.012266159057617
    ],
    "right_hand_pose": [
        -3.239468574523926,
        1.3534729480743408,
        -0.49922290444374084,
        -2.2545034885406494,
        -0.38123831152915955,
        1.7439072132110596,
        0.6464701294898987,
        -0.9870871901512146,
        -1.1729655265808105,
        -0.8743962049484253,
        2.34605073928833,
        -3.1272037029266357
    ],
    "jaw_pose": [
        -0.016488486900925636,
        0.004580365028232336,
        0.03874053433537483
    ],
    "leye_pose": [
        0.46597710251808167,
        0.756321907043457,
        0.11268116533756256
    ],
    "reye_pose": [
        -0.5794190764427185,
        0.4132104218006134,
        -0.8765316605567932
    ],
    "expression": [
        0.18760758638381958,
        0.777344286441803,
        0.14479956030845642,
        1.4110593795776367,
        -0.268480122089386,
        0.3650771975517273,
        -0.47230708599090576,
        0.7948252558708191,
        0.07820622622966766,
        -0.04210773482918739
    ]
}