{
    "betas": [
        0.6866716742515564,
        -0.6061819195747375,
        0.7670870423316956,
        -0.1653188169002533,
        0.1525340974330902,
        -0.11016231775283813,
        0.8242359757423401,
        -0.7779063582420349,
        -0.4623943269252777,
        -1.9578336477279663
    ],
    "global_orient": [
        -0.16646045446395874,
        0.41966626048088074,
        -0.1062343418598175
    ],
    "body_pose": [
        0.031096937134861946,
        0.24436034262180328,
        0.028418337926268578,
        -0.5268179178237915,
        -0.15820029377937317,
        0.06654500216245651,
        0.17964741587638855,
        -0.19647279381752014,
        0.08975186944007874,
        0.16388219594955444,
        -0.6435281038284302,
        0.010568172670900822,
        0.8447034955024719,
        0.2728034555912018,
        -0.16449576616287231,
        0.055297669023275375,
        -0.1077968180179596,
        -0.017065096646547318,
        0.11131864786148071,
        -0.09784738719463348,
        -3.783463853324065e-07,
        0.4563930630683899,
        -0.0027903218287974596,
        1.7829115961376374e-07,
        -0.015473897568881512,
        -0.08266610652208328,
        -0.018869228661060333,
        5.286936357151717e-06,
        2.400453695372562e-06,
        3.272301000833977e-06,
        1.9795602668182255e-07,
        2.2946862827666337e-06,
        -9.408913825836862e-08,
        0.028832310810685158,
        0.062016502022743225,
        0.11143451929092407,
        -0.10626513510942459,
        0.09571308642625809,
        0.12323573976755142,
        -0.12415987253189087,
        -0.09099486470222473,
        -0.0008132436196319759,
        0.17471379041671753,
        -0.1261979192495346,
        -0.07660423219203949,
        0.018145116046071053,
        -0.3691845238208771,
        -0.09356218576431274,
        -0.0015254667960107327,
        0.6039948463439941,
        0.17287622392177582,
        -0.06928075104951859,
        -0.6652564406394958,
        0.03574598953127861,
        0.03501057252287865,
        0.9204121828079224,
        0.009707576595246792,
        0.4384600818157196,
        -0.11071914434432983,
        -0.07277809083461761,
        0.00526126753538847,
        -0.11033718287944794,
        0.17252343893051147
    ],
    "transl": [
        0.23150032758712769,
        1.6195039749145508,
        -0.13821007311344147
    ],
    "left_hand_pose": [
        0.13990403711795807,
        0.04946483299136162,
        0.27584245800971985,
        -0.32442015409469604,
        1.1821959018707275,
        0.860610842704773,
        -0.4755174517631531,
        -1.3814477920532227,
        -0.14183956384658813,
        -0.7591145634651184,
        0.9175974726676941,
        -0.6238254308700562
    ],
    "right_hand_pose": [
        0.05818162113428116,
        -0.24175845086574554,
        0.21962806582450867,
        -1.360282301902771,
        1.706626296043396,
        1.1726231575012207,
        0.0972466915845871,
        -1.2217934131622314,
        0.38995033502578735,
        -1.2289358377456665,
        -0.3337659537792206,
        -1.8628584146499634
    ],
    "jaw_pose": [
        0.022695425897836685,
        0.014854618348181248,
        0.026089301332831383
    ],
    "leye_pose": [
        0.637954831123352,
        0.7148401141166687,
        -0.3554917275905609
    ],
    "reye_pose": [
        -0.3839378356933594,
        0.2749260663986206,
        -0.5464743375778198
    ],
    "expression": [
        -0.6497547626495361,
        0.4471036195755005,
        0.3969888389110565,
        0.6447794437408447,
        -0.41652506589889526,
        -0.16289299726486206,
        -0.17650802433490753,
        0.6805092692375183,
        0.11371058970689774,
        0.03884849697351456
    ]
}