{
    "betas": [
        0.5126569271087646,
        -0.34895458817481995,
        0.6046031713485718,
        -0.12136542052030563,
        0.4828278124332428,
        -0.24169877171516418,
        0.4663451611995697,
        -1.1447539329528809,
        -0.6268872618675232,
        -1.9176281690597534
    ],
    "global_orient": [
        -0.023673519492149353,
        0.014108720235526562,
        -0.10226252675056458
    ],
    "body_pose": [
        -0.17500637471675873,
        0.4939511716365814,
        0.046554502099752426,
        -0.13196641206741333,
        0.15020599961280823,
        -0.04811215400695801,
        0.009017346426844597,
        -0.054132767021656036,
        0.003418033244088292,
        0.29872292280197144,
        -0.5988600254058838,
        -0.004500492010265589,
        0.2678997814655304,
        -0.019373750314116478,
        0.059384312480688095,
        0.18294499814510345,
        0.010906161740422249,
        -0.06820672750473022,
        -0.0807095542550087,
        0.02335950918495655,
        3.4661145491554635e-06,
        0.07428576052188873,
        -0.4757138788700104,
        -3.933696461899672e-06,
        -0.16286583244800568,
        -0.052891120314598083,
        0.04814749211072922,
        7.513958735216875e-06,
        4.6482577999995556e-06,
        6.351918727887096e-06,
        7.600266940244182e-07,
        1.7651153711994994e-06,
        -1.0271559176544542e-06,
        -0.003996176645159721,
        0.18568545579910278,
        0.14044120907783508,
        -0.2460637092590332,
        0.0644943118095398,
        0.2730172872543335,
        -0.24711868166923523,
        -0.10817968845367432,
        -0.03281574323773384,
        0.2083752453327179,
        -0.10812767595052719,
        -0.12301274389028549,
        -0.15880140662193298,
        -0.2681594491004944,
        0.14671523869037628,
        -0.3164803087711334,
        0.1413392573595047,
        0.0005205282941460609,
        -0.5415850877761841,
        -0.4007599949836731,
        0.21737849712371826,
        -0.39515355229377747,
        0.774915337562561,
        -0.857764482498169,
        0.28167954087257385,
        -0.15479692816734314,
        0.12510299682617188,
        -0.8048533201217651,
        -0.13998782634735107,
        -0.19096852838993073
    ],
    "transl": [
        0.1792212873697281,
        1.6056667566299438,
        -0.12537604570388794
    ],
    "left_hand_pose": [
        -3.2638564109802246,
        1.1005100011825562,
        -1.1308684349060059,
        -2.621131658554077,
        -0.07557329535484314,
        2.508606195449829,
        0.06537706404924393,
        -1.0926326513290405,
        -0.4654565453529358,
        -0.6530522704124451,
        1.804102897644043,
        -3.7047786712646484
    ],
    "right_hand_pose": [
        -3.6865789890289307,
        1.03757643699646,
        0.07113632559776306,
        -0.6441431045532227,
        -2.2019965648651123,
        2.469175100326538,
        0.5041921734809875,
        -0.6587131023406982,
        1.5367860794067383,
        0.875956654548645,
        5.324487209320068,
        -2.644127130508423
    ],
    "jaw_pose": [
        0.06921137124300003,
        0.008214600384235382,
        0.027498509734869003
    ],
    "leye_pose": [
        0.022140532732009888,
        0.7603498697280884,
        0.2852587401866913
    ],
    "reye_pose": [
        -0.6360716223716736,
        0.2031053602695465,
        -0.27951085567474365
    ],
    "expression": [
        -1.445992112159729,
        0.45106595754623413,
        0.34215712547302246,
        0.08644376695156097,
        0.04421636462211609,
        0.22365278005599976,
        -0.056034430861473083,
        0.5528365969657898,
        0.05814593285322189,
        -0.18779504299163818
    ]
}