{
    "betas": [
        1.0327868461608887,
        -0.2541641294956207,
        0.6851549744606018,
        -0.20525845885276794,
        0.3635408282279968,
        -0.2109590768814087,
        0.4281178414821625,
        -0.8274308443069458,
        -0.7490443587303162,
        -2.113217353820801
    ],
    "global_orient": [
        -0.17867985367774963,
        -0.1319400668144226,
        -0.029051927849650383
    ],
    "body_pose": [
        -0.09398391097784042,
        0.2704533636569977,
        -0.023892221972346306,
        -0.17792832851409912,
        -0.23331402242183685,
        -0.020203223451972008,
        0.042133595794439316,
        -0.05404366925358772,
        -0.003479030914604664,
        0.6340415477752686,
        -0.36157089471817017,
        0.06249763071537018,
        0.6294185519218445,
        0.18397003412246704,
        -0.16672548651695251,
        0.26396939158439636,
        -0.0074797882698476315,
        -0.052774492651224136,
        -0.2024887204170227,
        0.25768527388572693,
        3.192154963471694e-06,
        -0.044400691986083984,
        -0.16733992099761963,
        -3.0718317702849163e-06,
        -0.06403513252735138,
        -0.01606515236198902,
        -0.03163992241024971,
        5.5165392041089945e-06,
        3.0357055038621183e-06,
        5.845236046297941e-06,
        8.62597516970709e-07,
        1.16375144898484e-06,
        -7.402179562632227e-07,
        0.2311820685863495,
        0.0664394348859787,
        0.09805899858474731,
        -0.28592661023139954,
        -0.01573816128075123,
        0.23387567698955536,
        -0.20773865282535553,
        0.07608241587877274,
        -0.15615640580654144,
        0.3552635908126831,
        -0.07968712598085403,
        -0.106565460562706,
        -0.09902676939964294,
        -0.46903955936431885,
        0.09427396208047867,
        -0.23352253437042236,
        0.47696438431739807,
        -0.21077115833759308,
        -0.2916126847267151,
        -0.9339204430580139,
        0.9869101047515869,
        -0.3720264136791229,
        0.6330904364585876,
        -0.3556750416755676,
        -0.10152733325958252,
        -0.07882115989923477,
        0.2650139033794403,
        -0.6034702062606812,
        -0.0489741675555706,
        -0.23944485187530518
    ],
    "transl": [
        0.11455868929624557,
        1.5505518913269043,
        -0.08982238173484802
    ],
    "left_hand_pose": [
        -3.8771400451660156,
        0.5568721890449524,
        -1.1695992946624756,
        -1.3581467866897583,
        -2.3253262042999268,
        2.6551008224487305,
        -0.1417662352323532,
        0.0328957699239254,
        2.0408377647399902,
        1.2020610570907593,
        4.296548366546631,
        -3.997706174850464
    ],
    "right_hand_pose": [
        -3.264763116836548,
        1.335228681564331,
        -0.45936042070388794,
        -2.035534381866455,
        -0.7639620304107666,
        1.9428157806396484,
        0.6465585231781006,
        -1.0787867307662964,
        -1.3306348323822021,
        -0.48096954822540283,
        2.7866570949554443,
        -2.49830961227417
    ],
    "jaw_pose": [
        -0.02282528392970562,
        0.004497298039495945,
        0.030699100345373154
    ],
    "leye_pose": [
        -0.1146077811717987,
        0.0698847621679306,
        1.0330802202224731
    ],
    "reye_pose": [
        -0.5371361374855042,
        -0.6907045245170593,
        -2.3698766231536865
    ],
    "expression": [
        -0.12008583545684814,
        0.9097079038619995,
        0.07082273811101913,
        1.1602425575256348,
        -0.2429167479276657,
        0.15197458863258362,
        -0.3076366186141968,
        0.6299981474876404,
        -0.03712291270494461,
        0.16422897577285767
    ]
}