{
    "betas": [
        1.0953291654586792,
        -0.3377029299736023,
        0.7580469846725464,
        -0.003692768281325698,
        0.19179365038871765,
        -0.18812495470046997,
        0.3501904606819153,
        -0.8060234189033508,
        -0.8017966151237488,
        -2.050408363342285
    ],
    "global_orient": [
        -0.1852184385061264,
        -0.10312643647193909,
        -0.04475632309913635
    ],
    "body_pose": [
        -0.19014878571033478,
        0.5124939680099487,
        0.015251502394676208,
        -0.20777836441993713,
        -0.2660311162471771,
        0.04660499840974808,
        0.06532009690999985,
        -0.01142090279608965,
        -0.009556695818901062,
        0.6946378350257874,
        -0.42301952838897705,
        0.20467957854270935,
        0.6563098430633545,
        0.1762201189994812,
        -0.23658262193202972,
        0.3147977292537689,
        -0.022634102031588554,
        -0.04667361080646515,
        -0.23118749260902405,
        0.04437281936407089,
        9.791934871827834e-07,
        -0.10291537642478943,
        -0.1445619910955429,
        -1.4879456102789845e-06,
        -0.06855125725269318,
        -0.1316356658935547,
        0.005143627990037203,
        2.1968116925563663e-06,
        3.071159653700306e-06,
        5.528934252652107e-06,
        -7.916398772067623e-07,
        1.0217092949460493e-06,
        -1.5875991721259197e-07,
        0.1718546450138092,
        0.0863206759095192,
        0.10602927953004837,
        -0.35575345158576965,
        -0.18492752313613892,
        0.4000348448753357,
        -0.18799646198749542,
        0.12279313802719116,
        -0.15739162266254425,
        0.2980670630931854,
        -0.12441612780094147,
        -0.13135144114494324,
        -0.22666706144809723,
        -0.6081324219703674,
        0.08397599309682846,
        -0.24816985428333282,
        0.44439753890037537,
        -0.13892552256584167,
        -0.3167698085308075,
        -0.9404429197311401,
        1.1607691049575806,
        -0.3748946487903595,
        0.6511770486831665,
        -0.3447283208370209,
        -0.1106787845492363,
        -0.11960132420063019,
        0.2557685673236847,
        -0.6552771925926208,
        -0.11037450283765793,
        -0.2473248988389969
    ],
    "transl": [
        0.1025848314166069,
        1.541914701461792,
        -0.11156272143125534
    ],
    "left_hand_pose": [
        -3.903202772140503,
        0.5555834770202637,
        -0.8620833158493042,
        -0.5657452344894409,
        -2.767655849456787,
        2.9594831466674805,
        0.6743131875991821,
        0.19152970612049103,
        3.3050780296325684,
        1.5655066967010498,
        5.12320613861084,
        -3.236637830734253
    ],
    "right_hand_pose": [
        -3.211210012435913,
        1.3129873275756836,
        -0.4359920024871826,
        -2.2423653602600098,
        -0.5446362495422363,
        1.4842381477355957,
        0.9193878173828125,
        -1.0360451936721802,
        -2.0962390899658203,
        -1.15108323097229,
        2.2210352420806885,
        -3.0690269470214844
    ],
    "jaw_pose": [
        -0.02586490474641323,
        0.014760377816855907,
        -0.001008734107017517
    ],
    "leye_pose": [
        -0.12064847350120544,
        0.5012709498405457,
        0.7191659808158875
    ],
    "reye_pose": [
        0.036678895354270935,
        -0.08600576967000961,
        -3.3507745265960693
    ],
    "expression": [
        0.48607510328292847,
        0.36556848883628845,
        -0.1854531615972519,
        0.8370927572250366,
        -0.2100938856601715,
        -0.22165925800800323,
        -0.10297223925590515,
        0.5646467804908752,
        -0.15640656650066376,
        -0.01574130915105343
    ]
}