{
    "betas": [
        0.6511739492416382,
        -0.42497795820236206,
        0.7130277156829834,
        -0.5279316902160645,
        0.4060066044330597,
        -0.08888864517211914,
        0.6281810402870178,
        -1.0569517612457275,
        -0.2572276294231415,
        -1.6632535457611084
    ],
    "global_orient": [
        -0.02321835421025753,
        0.15574347972869873,
        -0.13165616989135742
    ],
    "body_pose": [
        -0.2995375096797943,
        0.5114465951919556,
        0.022316444665193558,
        -0.00847852136939764,
        0.4392308294773102,
        -0.09475713968276978,
        0.08532709628343582,
        0.01221400499343872,
        -0.04865027219057083,
        0.48148688673973083,
        -0.6906704306602478,
        0.04494377598166466,
        0.19176889955997467,
        -0.15276001393795013,
        0.07227719575166702,
        0.1250845342874527,
        0.014078110456466675,
        -0.06015041843056679,
        -0.12979166209697723,
        -0.07820650190114975,
        5.034554305893835e-06,
        0.10253030061721802,
        -0.5413519144058228,
        -3.7578524825221393e-06,
        -0.08512815088033676,
        -0.09687359631061554,
        0.04584517702460289,
        9.5536715889466e-06,
        4.737167728308123e-06,
        5.801489805890014e-06,
        9.492468393546005e-07,
        1.6146381085491157e-06,
        1.201445456899819e-06,
        -0.12805648148059845,
        0.031882334500551224,
        0.13644975423812866,
        -0.13242268562316895,
        0.15053096413612366,
        0.14825798571109772,
        -0.26533353328704834,
        -0.16218781471252441,
        0.08204621076583862,
        0.20118451118469238,
        -0.0749821811914444,
        -0.10919664800167084,
        0.14177007973194122,
        -0.39378684759140015,
        0.009320428594946861,
        -0.6433953642845154,
        -0.10991702973842621,
        0.1917889267206192,
        -0.22030773758888245,
        -1.452401041984558,
        0.9793543815612793,
        -0.5377090573310852,
        -0.007265893742442131,
        -0.14600883424282074,
        0.2040695995092392,
        -0.3867619037628174,
        0.12804649770259857,
        -0.5755236148834229,
        -0.2171371877193451,
        -0.15574556589126587
    ],
    "transl": [
        0.19836457073688507,
        1.5863326787948608,
        -0.1343519538640976
    ],
    "left_hand_pose": [
        -3.6412360668182373,
        0.8100069761276245,
        -0.4650801718235016,
        -2.3885345458984375,
        -0.571368932723999,
        1.875331997871399,
        0.4394250512123108,
        -0.5474013686180115,
        0.5242605805397034,
        0.5099453330039978,
        2.8213932514190674,
        -1.695298671722412
    ],
    "right_hand_pose": [
        -3.100834369659424,
        1.8119720220565796,
        -0.9184876084327698,
        -2.545706033706665,
        0.14382268488407135,
        3.009690046310425,
        0.3111625015735626,
        -1.6577064990997314,
        -0.6245646476745605,
        -1.1411195993423462,
        1.8105391263961792,
        -3.7252907752990723
    ],
    "jaw_pose": [
        0.05538623034954071,
        -0.00047949457075446844,
        0.04583032429218292
    ],
    "leye_pose": [
        0.0032822450157254934,
        0.6524870991706848,
        0.31307610869407654
    ],
    "reye_pose": [
        -0.7272335886955261,
        0.261930912733078,
        -0.3206925392150879
    ],
    "expression": [
        -0.8945959806442261,
        0.6794575452804565,
        0.3229135274887085,
        0.12977786362171173,
        -0.1953316479921341,
        0.21075642108917236,
        -0.1045994982123375,
        0.7997021079063416,
        0.08084941655397415,
        -0.24888761341571808
    ]
}