{
    "betas": [
        0.5542729496955872,
        -0.2616376578807831,
        -0.0020161105785518885,
        -0.3441314697265625,
        0.11962826550006866,
        -0.042358893901109695,
        0.8652285933494568,
        -1.1297030448913574,
        -0.08389809727668762,
        -2.218574047088623
    ],
    "global_orient": [
        -0.02842440828680992,
        0.9296145439147949,
        -0.0829966589808464
    ],
    "body_pose": [
        -0.10077621042728424,
        0.028219612315297127,
        0.008655968122184277,
        0.2126382291316986,
        0.46687060594558716,
        -0.020954176783561707,
        -0.029002642259001732,
        0.24711792171001434,
        0.07011532783508301,
        0.14295876026153564,
        -0.7718198299407959,
        0.0437314547598362,
        0.19899816811084747,
        0.07037251442670822,
        0.08133088797330856,
        0.11607788503170013,
        0.13829652965068817,
        -0.04459110274910927,
        0.046608079224824905,
        -0.26536598801612854,
        -2.3998718461371027e-06,
        0.3935365676879883,
        -0.34047195315361023,
        -3.4914389743789798e-06,
        -0.10944470763206482,
        -0.14243413507938385,
        0.022489212453365326,
        6.2601020545116626e-06,
        3.5260329696029657e-06,
        1.2953814803040586e-06,
        1.169323013527901e-06,
        2.601622782094637e-06,
        -1.138819456514284e-07,
        0.083963543176651,
        -0.4604146182537079,
        0.14489009976387024,
        -0.24720372259616852,
        0.08553978055715561,
        0.07248318940401077,
        -0.3554408848285675,
        0.06227158382534981,
        -0.11376071721315384,
        0.15269067883491516,
        -0.4548892676830292,
        -0.02634383551776409,
        -0.16618165373802185,
        -0.10171777009963989,
        -0.19626250863075256,
        -0.40223345160484314,
        0.2919919490814209,
        -0.05187447369098663,
        -0.14313997328281403,
        -0.043382178992033005,
        -0.052798349410295486,
        -0.4157481789588928,
        -0.08905170112848282,
        0.02238227054476738,
        0.048641569912433624,
        0.041449811309576035,
        -0.12147583067417145,
        -0.12753108143806458,
        -0.11127076297998428,
        0.10690484941005707
    ],
    "transl": [
        0.20513300597667694,
        1.616580843925476,
        -0.09254439175128937
    ],
    "left_hand_pose": [
        -2.0998315811157227,
        1.4228224754333496,
        -0.558500349521637,
        -2.1812734603881836,
        0.7347793579101562,
        2.6270711421966553,
        0.39026927947998047,
        -1.5061043500900269,
        -0.9932815432548523,
        -0.45743852853775024,
        0.11017202585935593,
        -0.582728385925293
    ],
    "right_hand_pose": [
        -2.70017671585083,
        0.7371742725372314,
        -1.2874213457107544,
        -1.202427864074707,
        2.2338924407958984,
        -0.2785866856575012,
        0.41367220878601074,
        2.4288699626922607,
        -1.1800460815429688,
        -1.1075913906097412,
        2.919599771499634,
        -1.4668372869491577
    ],
    "jaw_pose": [
        0.1635182797908783,
        -0.0065433308482170105,
        0.04898123815655708
    ],
    "leye_pose": [
        0.40306833386421204,
        0.7514574527740479,
        0.2676542103290558
    ],
    "reye_pose": [
        -0.13123615086078644,
        -1.1412992477416992,
        -3.494547128677368
    ],
    "expression": [
        0.42232927680015564,
        -0.4435940384864807,
        0.027974074706435204,
        -0.14166438579559326,
        -0.5144000053405762,
        -0.21253685653209686,
        0.0033835633657872677,
        0.9327009916305542,
        -0.19100645184516907,
        0.11438855528831482
    ]
}