{
    "betas": [
        0.6319907307624817,
        -0.6696938872337341,
        0.7906574010848999,
        -0.4628719985485077,
        0.1625860631465912,
        0.018660983070731163,
        0.6755802631378174,
        -0.9196428656578064,
        -0.09331707656383514,
        -1.752193570137024
    ],
    "global_orient": [
        0.00041462358785793185,
        -0.0033055173698812723,
        -0.16068831086158752
    ],
    "body_pose": [
        -0.30742383003234863,
        0.3631669282913208,
        0.008688465692102909,
        -0.05278145149350166,
        0.4886607527732849,
        -0.1831030696630478,
        0.09565166383981705,
        0.10187535732984543,
        -0.004352910909801722,
        0.5600195527076721,
        -0.46309712529182434,
        0.20431005954742432,
        0.2627333104610443,
        0.009280475787818432,
        -0.00845174677670002,
        0.09298823773860931,
        -0.03956987336277962,
        0.07394711673259735,
        -0.2534404695034027,
        0.03279772028326988,
        5.2081695685046725e-06,
        0.42541834712028503,
        -0.18545812368392944,
        -3.3836749935289845e-06,
        -0.04498577117919922,
        -0.21175210177898407,
        0.10547234117984772,
        6.313583526207367e-06,
        3.2681675747880945e-06,
        4.262857146386523e-06,
        2.7777089144365164e-06,
        2.882045535557154e-08,
        8.177321433322504e-07,
        -0.07397490739822388,
        0.0032995662186294794,
        0.05608600750565529,
        0.07112962007522583,
        0.18184098601341248,
        -0.010015822947025299,
        -0.20023390650749207,
        -0.18410973250865936,
        0.07377441227436066,
        0.23298649489879608,
        -0.017835933715105057,
        -0.024847183376550674,
        0.35771724581718445,
        -0.40479233860969543,
        -0.43043142557144165,
        -0.08728788048028946,
        0.24096634984016418,
        0.1360296607017517,
        -0.0758514404296875,
        -1.8915088176727295,
        0.8947954177856445,
        0.03253474831581116,
        0.3016055226325989,
        0.07742874324321747,
        0.40432965755462646,
        -0.3654455542564392,
        -0.014867623336613178,
        0.068624347448349,
        -0.19369390606880188,
        0.09494377672672272
    ],
    "transl": [
        0.15933364629745483,
        1.5791876316070557,
        -0.09849057346582413
    ],
    "left_hand_pose": [
        0.04929310083389282,
        0.5290244817733765,
        -0.1890614926815033,
        -0.17529994249343872,
        0.5077416300773621,
        1.053012728691101,
        -0.369964063167572,
        -0.8106130361557007,
        0.22254137694835663,
        0.11700993776321411,
        1.0090183019638062,
        1.1294364929199219
    ],
    "right_hand_pose": [
        0.2679904103279114,
        0.18560823798179626,
        0.3419770896434784,
        -1.3693283796310425,
        1.4878238439559937,
        0.48230379819869995,
        1.1197056770324707,
        -1.0307399034500122,
        -0.08850511163473129,
        -1.2715721130371094,
        0.39812207221984863,
        -1.1884286403656006
    ],
    "jaw_pose": [
        -0.014543252997100353,
        0.0059167915023863316,
        0.016668245196342468
    ],
    "leye_pose": [
        0.754048228263855,
        0.9101380109786987,
        -0.5093772411346436
    ],
    "reye_pose": [
        -0.3587307035923004,
        0.3814612329006195,
        -0.5064646601676941
    ],
    "expression": [
        -0.5962584018707275,
        0.828780472278595,
        0.20182070136070251,
        1.4169235229492188,
        -0.3996579051017761,
        0.12784872949123383,
        -0.2633938193321228,
        0.5120035409927368,
        0.20884597301483154,
        0.20749559998512268
    ]
}