{
    "betas": [
        0.820815920829773,
        -0.19063183665275574,
        0.9256748557090759,
        0.04831448569893837,
        0.5574904680252075,
        -0.26283422112464905,
        0.43518584966659546,
        -0.9020891189575195,
        -0.9670108556747437,
        -1.9071159362792969
    ],
    "global_orient": [
        -0.16611148416996002,
        -0.09650235623121262,
        -0.052598364651203156
    ],
    "body_pose": [
        -0.21463382244110107,
        0.5789973139762878,
        -0.04369509965181351,
        -0.28935712575912476,
        -0.4351743757724762,
        -0.028386849910020828,
        0.061643682420253754,
        -0.09488239884376526,
        -0.017556244507431984,
        0.6792974472045898,
        -0.6419697403907776,
        0.16539035737514496,
        0.6666425466537476,
        0.3587532639503479,
        -0.17747297883033752,
        0.29285740852355957,
        0.03492957726120949,
        -0.06928765773773193,
        -0.22120432555675507,
        0.1960243284702301,
        4.179116785962833e-06,
        -0.011113825254142284,
        -0.1553516387939453,
        -2.093936473102076e-06,
        -0.12897516787052155,
        -0.01645244099199772,
        -0.006232243496924639,
        5.184132533031516e-06,
        4.4013982005708385e-06,
        7.0047590270405635e-06,
        -2.5645610435276467e-07,
        1.6897247405722737e-06,
        -4.151259815898811e-07,
        -0.04558928683400154,
        0.1201784536242485,
        0.1157495304942131,
        -0.27458667755126953,
        0.12218521535396576,
        0.3258906304836273,
        -0.23691700398921967,
        0.04046447575092316,
        -0.15421876311302185,
        0.24516528844833374,
        -0.06073376536369324,
        -0.06302393227815628,
        -0.10205446183681488,
        -0.411201536655426,
        0.15586470067501068,
        -0.2865038514137268,
        0.3892737627029419,
        -0.15900936722755432,
        -0.3695550858974457,
        -1.099479079246521,
        1.2770099639892578,
        -0.35828158259391785,
        0.5789268016815186,
        -0.2488429844379425,
        -0.30767741799354553,
        -0.28594061732292175,
        0.1978466808795929,
        -0.6026173830032349,
        0.009148667566478252,
        -0.18972869217395782
    ],
    "transl": [
        0.14202021062374115,
        1.5538885593414307,
        -0.1290755718946457
    ],
    "left_hand_pose": [
        -3.946549654006958,
        0.416160523891449,
        -0.7650108933448792,
        -0.7979530096054077,
        -2.8644185066223145,
        2.694607734680176,
        0.8634431958198547,
        0.16971580684185028,
        3.3318212032318115,
        1.5691789388656616,
        5.410036087036133,
        -3.1252660751342773
    ],
    "right_hand_pose": [
        -3.2958836555480957,
        1.4889025688171387,
        -0.428863525390625,
        -2.2167930603027344,
        -0.3651728630065918,
        2.041983127593994,
        0.4089263081550598,
        -1.1207232475280762,
        -0.4621275067329407,
        -0.6499148607254028,
        2.5716960430145264,
        -2.7569525241851807
    ],
    "jaw_pose": [
        0.01796322874724865,
        0.026737062260508537,
        0.03199198469519615
    ],
    "leye_pose": [
        0.0045545282773673534,
        0.7536065578460693,
        0.28335314989089966
    ],
    "reye_pose": [
        -0.6937519311904907,
        0.2936982214450836,
        -0.6761740446090698
    ],
    "expression": [
        -1.00577712059021,
        0.8054121136665344,
        0.21643884479999542,
        1.0727790594100952,
        -0.05213380604982376,
        0.5389469265937805,
        -0.5181370973587036,
        0.7874396443367004,
        0.0791568011045456,
        -0.2867720127105713
    ]
}