{
    "betas": [
        0.7727711200714111,
        -0.6305937170982361,
        0.7864874601364136,
        -0.6059530377388,
        0.39880722761154175,
        -0.08809357136487961,
        0.8916574120521545,
        -0.7685396671295166,
        -0.19037072360515594,
        -2.214667797088623
    ],
    "global_orient": [
        -0.13625876605510712,
        0.4309188723564148,
        -0.06817377358675003
    ],
    "body_pose": [
        0.011749476194381714,
        0.2781086564064026,
        -0.05608190596103668,
        -0.440714031457901,
        -0.11510097235441208,
        0.02017192356288433,
        0.15842436254024506,
        -0.1770583838224411,
        0.08881863951683044,
        0.25158217549324036,
        -0.7358106374740601,
        0.12920276820659637,
        0.7884234189987183,
        0.23673062026500702,
        -0.31868016719818115,
        0.07696714252233505,
        -0.13595998287200928,
        -0.07149359583854675,
        -0.007539160083979368,
        0.001504687126725912,
        1.746804059621354e-06,
        0.4863135814666748,
        -0.12477896362543106,
        -2.0809211491723545e-06,
        -0.01961737871170044,
        -0.12563712894916534,
        0.058846425265073776,
        4.509779500949662e-06,
        2.801564733090345e-06,
        4.824355073651532e-06,
        1.4308861295830866e-07,
        2.5921908672899008e-06,
        -2.204430842311922e-07,
        0.051411498337984085,
        -0.006164221558719873,
        0.14972315728664398,
        -0.07190484553575516,
        0.24852323532104492,
        0.07262551784515381,
        -0.13773256540298462,
        -0.07891872525215149,
        0.06558626145124435,
        0.19377422332763672,
        -0.04458264634013176,
        -0.039569322019815445,
        0.12330979853868484,
        -0.2796868681907654,
        -0.19221599400043488,
        -0.03619806095957756,
        0.42611658573150635,
        0.1791236400604248,
        -0.07322004437446594,
        -0.9383081793785095,
        0.059774044901132584,
        0.05352422967553139,
        0.7175512909889221,
        0.0160997174680233,
        0.4931424558162689,
        -0.20847415924072266,
        -0.04146352782845497,
        0.022216305136680603,
        -0.1056421771645546,
        0.07945723086595535
    ],
    "transl": [
        0.21024766564369202,
        1.6074403524398804,
        -0.09407389163970947
    ],
    "left_hand_pose": [
        0.19854936003684998,
        0.2947371304035187,
        0.49593305587768555,
        -0.4621780216693878,
        1.038125991821289,
        0.6153775453567505,
        0.1986202597618103,
        -1.3295353651046753,
        0.25719889998435974,
        -0.764576256275177,
        0.5120463967323303,
        -0.4091649055480957
    ],
    "right_hand_pose": [
        0.09709678590297699,
        -0.06667808443307877,
        0.3373485803604126,
        -1.3177889585494995,
        1.386278748512268,
        0.41258329153060913,
        0.37816888093948364,
        -0.6751025319099426,
        0.09855671226978302,
        -0.8470858335494995,
        0.4920801520347595,
        -1.4575531482696533
    ],
    "jaw_pose": [
        -0.014661275781691074,
        0.004500113893300295,
        0.029268156737089157
    ],
    "leye_pose": [
        0.9371192455291748,
        1.1041637659072876,
        -0.34971392154693604
    ],
    "reye_pose": [
        -0.3630926012992859,
        0.22664470970630646,
        -0.3202599585056305
    ],
    "expression": [
        -0.6039382219314575,
        0.47196635603904724,
        0.12229914218187332,
        0.9240997433662415,
        -0.4014425575733185,
        -0.229234978556633,
        -0.14687791466712952,
        0.6424399018287659,
        0.20017579197883606,
        0.1645708531141281
    ]
}