{
    "betas": [
        0.7761901021003723,
        -0.6015717387199402,
        0.7656548619270325,
        -0.4881095588207245,
        0.14265719056129456,
        -0.1403849720954895,
        0.9433284997940063,
        -0.7013721466064453,
        0.03695598989725113,
        -1.8029639720916748
    ],
    "global_orient": [
        -0.17538510262966156,
        0.2063877433538437,
        -0.03544391319155693
    ],
    "body_pose": [
        0.0643274113535881,
        0.18224677443504333,
        -0.04848920926451683,
        -0.5860788226127625,
        -0.7677457332611084,
        0.023081758990883827,
        0.2045019567012787,
        0.041895169764757156,
        0.10818859934806824,
        0.19112026691436768,
        -0.38693955540657043,
        -0.01919865608215332,
        0.8939965963363647,
        0.2739481031894684,
        0.02011614665389061,
        0.10282285511493683,
        0.012992930598556995,
        -0.016420410946011543,
        0.04818187281489372,
        0.10279518365859985,
        3.7522436286963057e-06,
        0.47997671365737915,
        -0.17673423886299133,
        -6.3026468524185475e-06,
        -0.03835918381810188,
        -0.0336662232875824,
        0.085507333278656,
        7.876146810303908e-06,
        2.490941142241354e-06,
        3.862435278279008e-06,
        1.0527061249376857e-06,
        1.947914370248327e-06,
        -1.027657958729833e-06,
        -0.09715844690799713,
        -0.08211012184619904,
        0.06579470634460449,
        -0.20706355571746826,
        0.0771346464753151,
        0.03836200013756752,
        -0.24207665026187897,
        0.2665623128414154,
        -0.04223915562033653,
        0.17878864705562592,
        -0.1674361675977707,
        -0.024831388145685196,
        -0.0838201567530632,
        -0.14397013187408447,
        -0.30822819471359253,
        -0.10386259108781815,
        0.994478702545166,
        0.08592227846384048,
        -0.1823509782552719,
        -0.19352230429649353,
        -0.09236215054988861,
        0.11900538206100464,
        1.4271897077560425,
        0.06139078363776207,
        0.3670673966407776,
        -0.0004971592570655048,
        0.03374883905053139,
        -0.18136847019195557,
        0.18985450267791748,
        0.23171097040176392
    ],
    "transl": [
        0.20455290377140045,
        1.60464608669281,
        -0.1377631574869156
    ],
    "left_hand_pose": [
        0.008840080350637436,
        0.12653334438800812,
        -0.060941074043512344,
        -0.3207648992538452,
        0.8938845992088318,
        0.9106186628341675,
        -0.19382600486278534,
        -1.29151451587677,
        0.04672154784202576,
        -0.5162526369094849,
        0.6271044611930847,
        -0.1248600110411644
    ],
    "right_hand_pose": [
        0.32027170062065125,
        0.8989072442054749,
        -0.042393412441015244,
        -1.7363137006759644,
        1.2466732263565063,
        -0.24427296221256256,
        0.16770897805690765,
        -0.5595167279243469,
        -1.149528980255127,
        -2.0970919132232666,
        -0.4213223457336426,
        -5.244732856750488
    ],
    "jaw_pose": [
        -7.107009150786325e-05,
        0.0036623843479901552,
        0.029971404001116753
    ],
    "leye_pose": [
        0.8807992339134216,
        0.6654286980628967,
        -0.46339064836502075
    ],
    "reye_pose": [
        -0.1875477433204651,
        0.21144837141036987,
        -0.1746877282857895
    ],
    "expression": [
        -0.6988845467567444,
        -0.03378334268927574,
        0.07631662487983704,
        0.8306403160095215,
        -0.5677461624145508,
        -0.1512305587530136,
        -0.24999608099460602,
        0.802222728729248,
        0.13102340698242188,
        0.1479972004890442
    ]
}