{
    "betas": [
        0.7460293769836426,
        -0.5745686888694763,
        0.6935657858848572,
        -0.3149760067462921,
        0.20150317251682281,
        -0.11539950221776962,
        0.8666033148765564,
        -0.6978021264076233,
        -0.03156612440943718,
        -1.752427101135254
    ],
    "global_orient": [
        -0.13578112423419952,
        0.38486772775650024,
        -0.0734533742070198
    ],
    "body_pose": [
        0.07271535694599152,
        0.14257103204727173,
        0.010793554596602917,
        -0.5659326910972595,
        -0.38380172848701477,
        0.1515054851770401,
        0.174235537648201,
        -0.1851847618818283,
        0.05643291771411896,
        0.11882806569337845,
        -0.49534156918525696,
        -0.020105130970478058,
        0.8477272987365723,
        0.3989788591861725,
        -0.08469785749912262,
        0.10801952332258224,
        -0.10617376863956451,
        -0.020787006244063377,
        0.11821568012237549,
        0.016541490331292152,
        1.461204647057457e-06,
        0.3577958643436432,
        0.0033307475969195366,
        -1.048475155585038e-06,
        -0.06411563605070114,
        -0.069807268679142,
        0.0454731248319149,
        6.575024144694908e-06,
        2.7931710064876825e-06,
        3.473040806056815e-06,
        1.1864144653372932e-06,
        1.7815590354075539e-06,
        2.6772204009262168e-08,
        0.04474296793341637,
        -0.004117479547858238,
        0.1617094725370407,
        -0.15100623667240143,
        0.13634692132472992,
        0.08507640659809113,
        -0.20121228694915771,
        -0.02988349460065365,
        -0.04506948962807655,
        0.2357366383075714,
        -0.053008560091257095,
        -0.09213419258594513,
        0.04893701151013374,
        -0.16894830763339996,
        -0.14292913675308228,
        -0.001780980033800006,
        0.7388433814048767,
        0.1998061090707779,
        -0.0408112108707428,
        -0.3695176839828491,
        -0.07083171606063843,
        0.0972852036356926,
        1.0589215755462646,
        0.06062280759215355,
        0.45333150029182434,
        -0.07162102311849594,
        -0.05585828423500061,
        0.012680662795901299,
        -0.065093033015728,
        0.09513863176107407
    ],
    "transl": [
        0.221954807639122,
        1.615368366241455,
        -0.11071755737066269
    ],
    "left_hand_pose": [
        0.15068694949150085,
        0.18815487623214722,
        0.3170301020145416,
        -0.5945294499397278,
        0.9435756802558899,
        0.5631017088890076,
        0.06811564415693283,
        -1.173692226409912,
        -0.15843260288238525,
        -0.8861352205276489,
        0.15024927258491516,
        -0.6722558736801147
    ],
    "right_hand_pose": [
        0.21262018382549286,
        0.11987745761871338,
        0.2617674469947815,
        -1.3821665048599243,
        1.48092520236969,
        0.5309391021728516,
        0.3863206207752228,
        -0.561359167098999,
        0.6027749180793762,
        -0.6598647236824036,
        0.5787100791931152,
        -0.9092808961868286
    ],
    "jaw_pose": [
        -0.011785592883825302,
        0.010049145668745041,
        0.015461472794413567
    ],
    "leye_pose": [
        0.3352903723716736,
        0.715542197227478,
        -0.5743957161903381
    ],
    "reye_pose": [
        -0.38756030797958374,
        0.05538612976670265,
        -0.10378500074148178
    ],
    "expression": [
        -0.9819061160087585,
        0.3838554918766022,
        0.5651925206184387,
        1.0497645139694214,
        -0.4606134295463562,
        -0.2580853998661041,
        -0.090162493288517,
        0.44993314146995544,
        0.20908048748970032,
        0.27976539731025696
    ]
}