{
    "betas": [
        0.7006449103355408,
        -0.4571903645992279,
        0.5973236560821533,
        -0.542818546295166,
        0.2709609568119049,
        -0.18530796468257904,
        1.007025957107544,
        -0.6289265155792236,
        -0.10861597210168839,
        -1.6254717111587524
    ],
    "global_orient": [
        -0.2304699867963791,
        0.36663714051246643,
        0.00725029781460762
    ],
    "body_pose": [
        0.1999523937702179,
        -0.06476292759180069,
        -0.10106147080659866,
        -0.5099092721939087,
        -0.5088836550712585,
        0.21040083467960358,
        0.18175916373729706,
        -0.0305711030960083,
        0.04949945956468582,
        0.07011774182319641,
        -0.4084835946559906,
        -0.010733973234891891,
        0.7574015855789185,
        0.3133431375026703,
        -0.22959142923355103,
        0.15309077501296997,
        -0.0026428275741636753,
        0.007920047268271446,
        0.08652918040752411,
        0.190141960978508,
        4.533672381512588e-06,
        0.29304826259613037,
        -0.2529703378677368,
        -6.412285983969923e-06,
        -0.08674325793981552,
        -0.05737946182489395,
        0.05836033448576927,
        7.622800239914795e-06,
        3.701158675539773e-06,
        5.381037681218004e-06,
        3.536919166435837e-07,
        2.022054331973777e-06,
        -2.078850911857444e-06,
        -0.04551912471652031,
        -0.075554259121418,
        0.12459047138690948,
        -0.10890328884124756,
        0.1814781129360199,
        0.09444134682416916,
        -0.19795936346054077,
        0.04349519684910774,
        -0.13432762026786804,
        0.12381373345851898,
        -0.13458475470542908,
        -0.08551303297281265,
        0.03953711688518524,
        0.023489151149988174,
        -0.18001298606395721,
        -0.029693523421883583,
        0.8308771848678589,
        0.028581803664565086,
        -0.027719812467694283,
        0.047016728669404984,
        -0.16582943499088287,
        0.023254090920090675,
        1.110877275466919,
        -0.09846005588769913,
        0.32203996181488037,
        0.08969853073358536,
        -0.13960973918437958,
        -0.0019446001388132572,
        -0.06561394780874252,
        0.14978870749473572
    ],
    "transl": [
        0.21095746755599976,
        1.6107892990112305,
        -0.13731053471565247
    ],
    "left_hand_pose": [
        0.24076783657073975,
        0.24547351896762848,
        0.1180708035826683,
        -0.7984204888343811,
        1.1447410583496094,
        0.7354964017868042,
        0.5111740231513977,
        -1.5452947616577148,
        -0.5522862672805786,
        -0.8966942429542542,
        1.5626791715621948,
        -0.39352232217788696
    ],
    "right_hand_pose": [
        0.08345133811235428,
        0.05156456306576729,
        0.35456767678260803,
        -1.2391875982284546,
        1.884073257446289,
        1.2627086639404297,
        0.0834173783659935,
        -1.302885890007019,
        0.9509381651878357,
        -0.9641398191452026,
        0.0771479606628418,
        -0.7575405836105347
    ],
    "jaw_pose": [
        0.004021035972982645,
        0.01942020282149315,
        0.032879214733839035
    ],
    "leye_pose": [
        0.6533502340316772,
        0.5891368985176086,
        -0.3059600293636322
    ],
    "reye_pose": [
        -0.14495043456554413,
        0.4095180928707123,
        -0.381944477558136
    ],
    "expression": [
        -0.5169143080711365,
        -0.045105911791324615,
        0.031994812190532684,
        0.574889600276947,
        -0.5483044981956482,
        -0.1596551090478897,
        -0.15089744329452515,
        0.722245991230011,
        0.09161289781332016,
        0.14820224046707153
    ]
}