{
    "betas": [
        0.7042244672775269,
        -0.6551153659820557,
        0.9564241766929626,
        -0.6060683131217957,
        -0.008661957457661629,
        7.651510532014072e-05,
        0.7808749079704285,
        -0.7213292121887207,
        -0.12112542241811752,
        -1.6857123374938965
    ],
    "global_orient": [
        -0.09380993992090225,
        0.02777334861457348,
        -0.15743529796600342
    ],
    "body_pose": [
        -0.029835423454642296,
        0.10399043560028076,
        0.04941331595182419,
        -0.4486880302429199,
        -0.44874879717826843,
        -0.10803540050983429,
        0.16338104009628296,
        0.01696794107556343,
        0.0623299814760685,
        0.27456822991371155,
        -0.3757046163082123,
        0.03153342381119728,
        0.6865413188934326,
        0.15239104628562927,
        -0.17672833800315857,
        0.12184835225343704,
        -0.09076713770627975,
        0.04149039462208748,
        -0.05551857501268387,
        0.25126051902770996,
        2.5272688617405947e-06,
        0.513134241104126,
        -0.031018981710076332,
        -3.787746891248389e-06,
        -0.04659967124462128,
        -0.20194178819656372,
        0.09479294717311859,
        7.308464319066843e-06,
        3.4486693039070815e-06,
        5.399876954470528e-06,
        2.2635344976151828e-06,
        1.6779310954007087e-06,
        1.1533996939760982e-06,
        -0.05380406975746155,
        0.04707074537873268,
        0.08279824256896973,
        0.011780677363276482,
        0.3208311200141907,
        0.03643697500228882,
        -0.1555541455745697,
        -0.04809150844812393,
        0.022051656618714333,
        0.3133794367313385,
        0.002555153099820018,
        -0.04703855514526367,
        0.3039431869983673,
        -0.4072803854942322,
        -0.47950130701065063,
        -0.04659382998943329,
        0.6706706881523132,
        0.20341986417770386,
        -0.09891889244318008,
        -1.7137751579284668,
        0.7351340055465698,
        0.1299939602613449,
        0.7117383480072021,
        0.05674978718161583,
        0.3729521334171295,
        -0.30071181058883667,
        -0.056723617017269135,
        -0.012179679237306118,
        -0.07821501046419144,
        0.08082497119903564
    ],
    "transl": [
        0.18279199302196503,
        1.6123623847961426,
        -0.10545802861452103
    ],
    "left_hand_pose": [
        -0.10497206449508667,
        0.46526843309402466,
        -0.10614170134067535,
        0.05046463757753372,
        0.2492688000202179,
        1.1853621006011963,
        -0.1400786191225052,
        -1.143216848373413,
        0.5589934587478638,
        -0.1107563003897667,
        0.8812391757965088,
        0.5796909332275391
    ],
    "right_hand_pose": [
        0.32784533500671387,
        0.10515410453081131,
        0.2862870991230011,
        -1.5884922742843628,
        1.7075632810592651,
        0.6525247097015381,
        1.262184739112854,
        -1.0819894075393677,
        -0.5255225896835327,
        -1.1902186870574951,
        0.9617075324058533,
        -0.7707340717315674
    ],
    "jaw_pose": [
        -0.016759898513555527,
        0.0041623227298259735,
        0.009103442542254925
    ],
    "leye_pose": [
        0.7525902390480042,
        0.6466407179832458,
        -0.7539018392562866
    ],
    "reye_pose": [
        -0.34392061829566956,
        0.27654385566711426,
        -0.4176155626773834
    ],
    "expression": [
        -0.8879957795143127,
        0.7775884866714478,
        0.0036571170203387737,
        1.1739943027496338,
        -0.6059718132019043,
        0.04078647494316101,
        -0.21382080018520355,
        0.4864702820777893,
        0.10565866529941559,
        0.24323077499866486
    ]
}