{
    "betas": [
        1.109235405921936,
        -0.42231693863868713,
        0.8351178169250488,
        -0.5609177350997925,
        0.21862705051898956,
        -0.16605336964130402,
        0.24208319187164307,
        -0.9306220412254333,
        -0.6638257503509521,
        -2.166489601135254
    ],
    "global_orient": [
        -0.11981886625289917,
        -0.1523836851119995,
        -0.03891091048717499
    ],
    "body_pose": [
        -0.12522143125534058,
        0.20442984998226166,
        -0.01285579800605774,
        -0.2516533434391022,
        -0.3362526297569275,
        -0.01984081231057644,
        0.0500846691429615,
        0.03930800408124924,
        0.04155594855546951,
        0.5571133494377136,
        -0.25495922565460205,
        0.046682171523571014,
        0.5884766578674316,
        0.23452912271022797,
        -0.1703786849975586,
        0.1944797933101654,
        0.06779161095619202,
        -0.09614970535039902,
        -0.17171640694141388,
        0.2164877951145172,
        3.782520934692002e-06,
        -0.027844786643981934,
        -0.06744376569986343,
        -2.1862651919946074e-06,
        -0.05190879851579666,
        -0.05437970533967018,
        0.017418939620256424,
        3.919559276255313e-06,
        3.187725951647735e-06,
        6.19751608610386e-06,
        2.735121427122067e-07,
        9.841924111242406e-07,
        -1.1607246506173396e-06,
        0.19026724994182587,
        0.07744886726140976,
        0.20240959525108337,
        -0.260344922542572,
        -0.05636749789118767,
        0.23826710879802704,
        -0.2730640769004822,
        4.9866717745317146e-05,
        -0.13910244405269623,
        0.3876263201236725,
        -0.017667528241872787,
        -0.17657385766506195,
        -0.13166628777980804,
        -0.4111868143081665,
        -0.01805362105369568,
        -0.2895480990409851,
        0.5524805784225464,
        -0.1986621916294098,
        -0.3685857951641083,
        -0.785727322101593,
        0.860039234161377,
        -0.36498090624809265,
        0.9771198034286499,
        -1.004472255706787,
        -0.13315197825431824,
        0.018187373876571655,
        0.23211121559143066,
        -0.7566126585006714,
        0.012988600879907608,
        -0.35162314772605896
    ],
    "transl": [
        0.11991020292043686,
        1.5581016540527344,
        -0.0997152328491211
    ],
    "left_hand_pose": [
        -3.9661662578582764,
        0.5070623755455017,
        -1.488059639930725,
        -0.7579531669616699,
        -2.995387315750122,
        3.2663919925689697,
        -0.4500815272331238,
        0.19083009660243988,
        2.656769037246704,
        1.6181467771530151,
        5.1690850257873535,
        -4.406076431274414
    ],
    "right_hand_pose": [
        -3.4833168983459473,
        1.0574843883514404,
        0.6142142415046692,
        -1.1532976627349854,
        -1.6195850372314453,
        1.6337676048278809,
        1.103277564048767,
        -1.0174295902252197,
        -0.6988803148269653,
        0.6660316586494446,
        4.872720718383789,
        -0.388145387172699
    ],
    "jaw_pose": [
        -0.01998947374522686,
        -0.0008553144289180636,
        0.02133926935493946
    ],
    "leye_pose": [
        -0.013945665210485458,
        0.26616084575653076,
        0.5576823353767395
    ],
    "reye_pose": [
        -0.6216051578521729,
        0.059060677886009216,
        -0.7379132509231567
    ],
    "expression": [
        0.47340014576911926,
        0.610439121723175,
        -0.055351994931697845,
        0.9306022524833679,
        -0.038924697786569595,
        -0.025885725393891335,
        -0.13246165215969086,
        0.3811716139316559,
        -0.10889159888029099,
        0.1832629144191742
    ]
}