{
    "betas": [
        0.874764084815979,
        -0.9225988388061523,
        0.785851240158081,
        -0.6440250277519226,
        0.10902716219425201,
        -0.11087333410978317,
        0.6024808883666992,
        -0.7145114541053772,
        0.06861390918493271,
        -1.7063826322555542
    ],
    "global_orient": [
        -0.0716971606016159,
        0.16762058436870575,
        -0.05089697986841202
    ],
    "body_pose": [
        -0.21641264855861664,
        0.5376385450363159,
        0.011830810457468033,
        -0.13394695520401,
        -0.001984946196898818,
        -0.0030121151357889175,
        -0.036417406052351,
        0.26609718799591064,
        -0.029382815584540367,
        0.464409738779068,
        -0.6698530912399292,
        0.17276278138160706,
        0.47022315859794617,
        -0.13859526813030243,
        -0.017025485634803772,
        0.26665741205215454,
        0.1201329231262207,
        -0.0143527090549469,
        -0.12132881581783295,
        -0.08981098234653473,
        -4.978672336619638e-07,
        -0.04868545010685921,
        -0.35852736234664917,
        -1.4899499092280166e-06,
        -0.17164777219295502,
        -0.2219563126564026,
        -0.037390388548374176,
        1.9414878806855995e-06,
        2.2635456389252795e-06,
        3.9654714782955125e-06,
        -5.7748433590631976e-08,
        8.693695008332725e-07,
        -8.667485076330195e-07,
        -0.05666642263531685,
        -0.11443351954221725,
        0.1511535495519638,
        -0.01676086336374283,
        0.09460850805044174,
        -0.09627963602542877,
        -0.36151131987571716,
        0.0674380511045456,
        -0.16821499168872833,
        0.10679557174444199,
        -0.32548391819000244,
        -0.09724969416856766,
        -0.1103043481707573,
        0.006147021893411875,
        -0.8664577007293701,
        -0.32999491691589355,
        0.5332280993461609,
        -0.3785107433795929,
        -0.36447960138320923,
        -0.2037898153066635,
        -0.19994357228279114,
        -0.37279197573661804,
        0.8425778746604919,
        -1.5134369134902954,
        0.08428480476140976,
        0.18691055476665497,
        -0.12368325144052505,
        -0.7259683609008789,
        0.061702001839876175,
        -0.4455146789550781
    ],
    "transl": [
        0.10894567519426346,
        1.5840744972229004,
        -0.09252943843603134
    ],
    "left_hand_pose": [
        -2.0981359481811523,
        1.5870071649551392,
        -1.2360427379608154,
        -2.4740021228790283,
        -0.7740976214408875,
        3.0816404819488525,
        0.8555869460105896,
        -2.1227266788482666,
        -0.9836714863777161,
        -0.7892922163009644,
        -0.1256663203239441,
        -3.0478200912475586
    ],
    "right_hand_pose": [
        -3.465818166732788,
        0.2525942027568817,
        -1.328212022781372,
        0.7344602346420288,
        -1.8827557563781738,
        1.807529330253601,
        1.6882004737854004,
        1.8694909811019897,
        1.4271602630615234,
        1.3204816579818726,
        6.1656694412231445,
        -1.4983668327331543
    ],
    "jaw_pose": [
        0.10380636900663376,
        0.009311521425843239,
        0.025860995054244995
    ],
    "leye_pose": [
        -0.021662145853042603,
        0.6238964200019836,
        0.5620359182357788
    ],
    "reye_pose": [
        0.13898198306560516,
        -1.2656962871551514,
        -2.8661611080169678
    ],
    "expression": [
        0.7467129230499268,
        0.3652758002281189,
        0.05365448817610741,
        -0.22740061581134796,
        -0.3287407159805298,
        -0.05382152646780014,
        -0.10035260021686554,
        0.6971305012702942,
        -0.18451468646526337,
        -0.1847282499074936
    ]
}