{
    "betas": [
        0.7241532802581787,
        -0.6182690262794495,
        0.7939424514770508,
        -0.5042000412940979,
        0.21883627772331238,
        -0.016316713765263557,
        0.7474685311317444,
        -0.9031497836112976,
        -0.0388929545879364,
        -1.9788925647735596
    ],
    "global_orient": [
        -0.023204123601317406,
        0.13823255896568298,
        -0.13603615760803223
    ],
    "body_pose": [
        -0.2529604434967041,
        0.38358765840530396,
        -0.012091330252587795,
        -0.14281430840492249,
        0.3526688516139984,
        -0.16158464550971985,
        0.09734035283327103,
        0.0616660937666893,
        -0.0038686804473400116,
        0.4894566535949707,
        -0.542811930179596,
        0.20888720452785492,
        0.5017701387405396,
        -0.0037806613836437464,
        -0.016645152121782303,
        0.18291941285133362,
        -0.07810463756322861,
        0.017453711479902267,
        -0.18892373144626617,
        -0.04571188986301422,
        3.7760776194772916e-06,
        0.5014603137969971,
        -0.23882122337818146,
        -4.534555500868009e-06,
        -0.08916746824979782,
        -0.23089219629764557,
        0.13739237189292908,
        4.6009154175408185e-06,
        2.813577111737686e-06,
        3.78767799702473e-06,
        9.231455919689324e-07,
        1.127477730733517e-06,
        1.389993453670968e-08,
        -0.055372536182403564,
        0.005992755759507418,
        0.08585388213396072,
        0.04725106805562973,
        0.21487808227539062,
        0.02278267592191696,
        -0.19745007157325745,
        -0.18086202442646027,
        0.0980515331029892,
        0.20034892857074738,
        -0.008972645737230778,
        -0.02039830945432186,
        0.3276783227920532,
        -0.37395575642585754,
        -0.4244614541530609,
        -0.10312464833259583,
        0.14788523316383362,
        0.12579815089702606,
        -0.0639299750328064,
        -1.7375493049621582,
        0.7543361186981201,
        0.03339141607284546,
        0.2191481590270996,
        0.09372052550315857,
        0.42911380529403687,
        -0.324690580368042,
        0.013055950403213501,
        0.09498002380132675,
        -0.19523945450782776,
        0.11943565309047699
    ],
    "transl": [
        0.16475903987884521,
        1.5831389427185059,
        -0.09296074509620667
    ],
    "left_hand_pose": [
        -0.008773164823651314,
        0.590869128704071,
        -0.03250502422451973,
        -0.2382940798997879,
        0.11357492208480835,
        0.9534334540367126,
        -0.08480269461870193,
        -1.1010061502456665,
        1.1090127229690552,
        -0.23971012234687805,
        0.6140756607055664,
        -0.8740987181663513
    ],
    "right_hand_pose": [
        0.18299798667430878,
        0.096164271235466,
        0.27008190751075745,
        -1.4067041873931885,
        1.529428482055664,
        0.6266690492630005,
        0.9190331697463989,
        -1.0123552083969116,
        -0.3710480332374573,
        -1.1649101972579956,
        0.36397042870521545,
        -0.8064273595809937
    ],
    "jaw_pose": [
        -0.020714880898594856,
        0.003647386096417904,
        0.02570040337741375
    ],
    "leye_pose": [
        0.7797762751579285,
        0.9351370930671692,
        -0.5143437385559082
    ],
    "reye_pose": [
        -0.3843536972999573,
        0.31223419308662415,
        -0.4480522572994232
    ],
    "expression": [
        -0.47055110335350037,
        0.9123016595840454,
        0.32789984345436096,
        1.483601689338684,
        -0.36465370655059814,
        0.047925062477588654,
        -0.20871277153491974,
        0.5233421921730042,
        0.3156089186668396,
        0.25989481806755066
    ]
}