{
    "betas": [
        0.8169878125190735,
        -0.592039942741394,
        0.8282305002212524,
        -0.4736519157886505,
        0.21041342616081238,
        -0.0772167444229126,
        0.9850760698318481,
        -0.789142906665802,
        -0.09830739349126816,
        -2.264436960220337
    ],
    "global_orient": [
        -0.08766025304794312,
        0.37698373198509216,
        -0.09390411525964737
    ],
    "body_pose": [
        -0.07817372679710388,
        0.2737431526184082,
        -0.07425983995199203,
        -0.38523852825164795,
        0.021302727982401848,
        -0.07401210069656372,
        0.12495778501033783,
        -0.16594155132770538,
        0.10643254965543747,
        0.32375073432922363,
        -0.7086406946182251,
        0.18124134838581085,
        0.8195735812187195,
        0.27860552072525024,
        -0.19372282922267914,
        0.1227770447731018,
        -0.11069174855947495,
        -0.10070502012968063,
        -0.025545068085193634,
        0.01580580323934555,
        1.9346118733665207e-06,
        0.68072909116745,
        -0.04761847108602524,
        1.5616046766808722e-06,
        -0.0552791953086853,
        -0.1588323563337326,
        0.08357487618923187,
        3.970020770793781e-06,
        3.404517428862164e-06,
        4.737956714961911e-06,
        -2.1363986490996467e-07,
        2.2554952465725364e-06,
        9.614743134989112e-08,
        0.017474642023444176,
        0.008972064591944218,
        0.1130308136343956,
        -0.0374903567135334,
        0.2734511196613312,
        0.05216454714536667,
        -0.10890505462884903,
        -0.1388196498155594,
        0.09019088000059128,
        0.2180069237947464,
        -0.014896135777235031,
        -0.027300028130412102,
        0.25637876987457275,
        -0.3253728747367859,
        -0.2337959110736847,
        -0.0393868125975132,
        0.33323097229003906,
        0.13960066437721252,
        -0.12482450157403946,
        -1.2206844091415405,
        0.2701573073863983,
        0.0358504094183445,
        0.4668721854686737,
        0.046725545078516006,
        0.5040261149406433,
        -0.29106295108795166,
        -0.02270772121846676,
        0.049974892288446426,
        -0.11375083774328232,
        0.07135376334190369
    ],
    "transl": [
        0.2005750685930252,
        1.600484848022461,
        -0.09315551072359085
    ],
    "left_hand_pose": [
        0.16952911019325256,
        0.3528013825416565,
        0.5020552277565002,
        -0.5969589948654175,
        1.1402944326400757,
        0.8499038815498352,
        0.6348034739494324,
        -1.7868980169296265,
        -0.8196316957473755,
        -1.460646152496338,
        0.2860203683376312,
        -0.7074097394943237
    ],
    "right_hand_pose": [
        0.08118835836648941,
        -0.09496572613716125,
        0.23327481746673584,
        -1.4073106050491333,
        1.3622716665267944,
        0.46277013421058655,
        0.6942449808120728,
        -0.7805750966072083,
        -0.21859630942344666,
        -0.7992954850196838,
        0.977999746799469,
        -0.9146519899368286
    ],
    "jaw_pose": [
        -0.016122091561555862,
        0.011347701773047447,
        0.0179448164999485
    ],
    "leye_pose": [
        0.5838136672973633,
        0.7443901300430298,
        -0.37262487411499023
    ],
    "reye_pose": [
        -0.405969500541687,
        0.07249116152524948,
        -0.16414491832256317
    ],
    "expression": [
        -0.3354393243789673,
        0.5524246096611023,
        0.2032090276479721,
        1.1288570165634155,
        -0.40534910559654236,
        -0.13143575191497803,
        -0.13685184717178345,
        0.5486563444137573,
        0.17417274415493011,
        0.19561319053173065
    ]
}