{
    "betas": [
        0.7850524187088013,
        -0.43638309836387634,
        0.5743083953857422,
        -0.3206852376461029,
        0.1933942437171936,
        -0.19765108823776245,
        0.21799810230731964,
        -1.1342213153839111,
        -0.7454066276550293,
        -1.8501713275909424
    ],
    "global_orient": [
        -0.08557100594043732,
        0.04443421959877014,
        -0.11470817774534225
    ],
    "body_pose": [
        -0.24669243395328522,
        0.5037360787391663,
        0.08915361762046814,
        -0.16324537992477417,
        -0.11778412014245987,
        0.02243998274207115,
        -0.01670169085264206,
        -0.0251591969281435,
        0.009174267761409283,
        0.5204611420631409,
        -0.564598560333252,
        0.09699481725692749,
        0.45854753255844116,
        0.04035951942205429,
        0.0007300340803340077,
        0.1158575788140297,
        -0.03543640300631523,
        -0.02167111448943615,
        -0.12424550205469131,
        -0.017005274072289467,
        2.0446266262297286e-06,
        -0.033990368247032166,
        -0.29588690400123596,
        -2.221040631411597e-06,
        -0.02945476956665516,
        -0.07759848237037659,
        0.07815519720315933,
        4.510965027293423e-06,
        2.7597334337770008e-06,
        5.116348802403081e-06,
        -9.7689485301089e-07,
        1.0471222822161508e-06,
        -7.315820766962133e-07,
        0.10297761857509613,
        0.12698747217655182,
        0.06269971281290054,
        -0.2704680263996124,
        0.01044461876153946,
        0.21345782279968262,
        -0.26685214042663574,
        0.0013683732831850648,
        -0.00877333339303732,
        0.1906813234090805,
        -0.017071790993213654,
        -0.1133238673210144,
        -0.23917938768863678,
        -0.3427927494049072,
        0.19337014853954315,
        -0.2535748779773712,
        0.28210848569869995,
        -0.09287543594837189,
        -0.5529279112815857,
        -0.49300679564476013,
        0.44982463121414185,
        -0.3219197392463684,
        0.7351831793785095,
        -1.2238725423812866,
        -0.003069060854613781,
        -0.0580725260078907,
        0.1927102655172348,
        -0.8184311985969543,
        -0.08896157890558243,
        -0.26366928219795227
    ],
    "transl": [
        0.1262415647506714,
        1.582384705543518,
        -0.1158631220459938
    ],
    "left_hand_pose": [
        -3.977444648742676,
        0.4532867968082428,
        -1.9703426361083984,
        -1.0664368867874146,
        -2.4433982372283936,
        3.199840545654297,
        -1.1037278175354004,
        0.3223823010921478,
        2.9994382858276367,
        0.801567018032074,
        3.868596315383911,
        -6.190393447875977
    ],
    "right_hand_pose": [
        -3.541832208633423,
        0.9352197647094727,
        0.4443421959877014,
        -1.2548130750656128,
        -1.5123217105865479,
        1.8932409286499023,
        1.2365292310714722,
        -1.0765225887298584,
        -0.5858665108680725,
        0.46071916818618774,
        4.538421630859375,
        -1.1436738967895508
    ],
    "jaw_pose": [
        0.029721325263381004,
        0.005352709908038378,
        0.02562883496284485
    ],
    "leye_pose": [
        -0.07719504088163376,
        0.424604207277298,
        0.6405701041221619
    ],
    "reye_pose": [
        -0.46344196796417236,
        0.1042415201663971,
        -0.47145190834999084
    ],
    "expression": [
        -1.2931437492370605,
        0.3660532534122467,
        0.2856452465057373,
        0.23571206629276276,
        -0.1006045714020729,
        -0.033048391342163086,
        -0.004093822557479143,
        0.34197840094566345,
        0.13035237789154053,
        0.0916023775935173
    ]
}