{
    "betas": [
        0.7766615748405457,
        -0.6453546285629272,
        0.8996848464012146,
        -0.4845051169395447,
        0.10822080820798874,
        -0.18451569974422455,
        1.0415699481964111,
        -0.7194522023200989,
        -0.06184761971235275,
        -1.9835361242294312
    ],
    "global_orient": [
        -0.18834653496742249,
        0.2930248975753784,
        -0.035129569470882416
    ],
    "body_pose": [
        0.06949120759963989,
        0.23133765161037445,
        -0.017294196411967278,
        -0.5594376921653748,
        -0.5576173663139343,
        0.10336437076330185,
        0.2198067456483841,
        -0.14091156423091888,
        0.027373330667614937,
        0.20517998933792114,
        -0.45806393027305603,
        -0.0697886198759079,
        0.6926953792572021,
        0.3907102048397064,
        0.22237859666347504,
        0.07073773443698883,
        -0.04377324506640434,
        -0.05680982768535614,
        0.057962942868471146,
        0.00028259464306756854,
        7.041194862722477e-07,
        0.6365828514099121,
        0.03169646114110947,
        -3.193960765202064e-06,
        -0.04154568538069725,
        -0.030354944989085197,
        0.07807321101427078,
        6.27632653049659e-06,
        2.5625429316278314e-06,
        3.169133606206742e-06,
        2.493422471161466e-06,
        2.9685099889320554e-06,
        -1.4659412954642903e-06,
        -0.012913924641907215,
        -0.06517293304204941,
        0.1481085568666458,
        -0.1660042107105255,
        0.0746905505657196,
        0.05972282588481903,
        -0.17656755447387695,
        0.24213899672031403,
        0.1349206119775772,
        0.1380530297756195,
        -0.1279677301645279,
        -0.03803282603621483,
        -0.09538937360048294,
        -0.20034150779247284,
        -0.13567432761192322,
        -0.03937061131000519,
        0.9440900683403015,
        0.04307846352458,
        -0.18435578048229218,
        -0.377901554107666,
        -0.0441242977976799,
        0.04724573343992233,
        1.675384521484375,
        0.1277630627155304,
        0.3001175820827484,
        0.012136055156588554,
        -0.11945707350969315,
        -0.21288670599460602,
        0.20070306956768036,
        0.26440638303756714
    ],
    "transl": [
        0.23226159811019897,
        1.6039988994598389,
        -0.13992232084274292
    ],
    "left_hand_pose": [
        0.0895431786775589,
        0.2435237616300583,
        0.2802925109863281,
        0.3097875416278839,
        0.9628212451934814,
        1.011993169784546,
        -0.16083766520023346,
        -1.8217756748199463,
        -0.19800172746181488,
        -0.8561594486236572,
        1.0526474714279175,
        -0.41904976963996887
    ],
    "right_hand_pose": [
        0.3199479877948761,
        0.5384061336517334,
        0.07618903368711472,
        -1.565251111984253,
        1.1156262159347534,
        0.03995161131024361,
        0.6094245314598083,
        -0.7490013241767883,
        -0.4220997393131256,
        -1.9250292778015137,
        -0.46787944436073303,
        -4.596242904663086
    ],
    "jaw_pose": [
        -0.0135973384603858,
        0.014106265269219875,
        0.02930680476129055
    ],
    "leye_pose": [
        0.9363522529602051,
        0.7665960192680359,
        -0.5062999725341797
    ],
    "reye_pose": [
        -0.38399308919906616,
        0.41606348752975464,
        -0.7271531820297241
    ],
    "expression": [
        -0.6279587745666504,
        0.5808532238006592,
        0.422629177570343,
        1.2792202234268188,
        -0.5498253703117371,
        -0.14451205730438232,
        -0.2870855927467346,
        0.8189570307731628,
        0.2608662247657776,
        0.1684081256389618
    ]
}