{
    "betas": [
        0.6133710145950317,
        -0.6182175278663635,
        0.8787651062011719,
        -0.31335723400115967,
        0.16909460723400116,
        -0.009701649658381939,
        0.6983949542045593,
        -0.8591216206550598,
        -0.3320182263851166,
        -1.8843398094177246
    ],
    "global_orient": [
        -0.07753930240869522,
        0.1546979397535324,
        -0.16328370571136475
    ],
    "body_pose": [
        -0.2289825826883316,
        0.20659250020980835,
        0.01893678307533264,
        -0.06042153388261795,
        0.35420331358909607,
        -0.18589583039283752,
        0.12923845648765564,
        0.0923900380730629,
        -0.049036987125873566,
        0.5183584094047546,
        -0.4796506464481354,
        0.08176518231630325,
        0.41955041885375977,
        0.07648257166147232,
        0.02079952135682106,
        0.11964642256498337,
        -0.03457942232489586,
        0.07702545821666718,
        -0.18006300926208496,
        0.050390418618917465,
        3.73812576981436e-06,
        0.4963683784008026,
        -0.13685044646263123,
        2.8080279435016564e-07,
        -0.047976069152355194,
        -0.16981616616249084,
        0.09912649542093277,
        8.1879898061743e-06,
        4.1352168409503065e-06,
        5.366149707697332e-06,
        1.1488169775475399e-06,
        6.824309934927442e-07,
        1.849087311711628e-06,
        -0.059429194778203964,
        -0.038851238787174225,
        0.092197485268116,
        -0.05102325975894928,
        0.18640056252479553,
        0.06480173021554947,
        -0.15428243577480316,
        -0.10175963491201401,
        0.04699619859457016,
        0.24500291049480438,
        -0.0718935877084732,
        -0.056754179298877716,
        0.34793326258659363,
        -0.5297767519950867,
        -0.29850319027900696,
        -0.06611964851617813,
        0.41023844480514526,
        0.14536438882350922,
        -0.10513116419315338,
        -1.7616405487060547,
        0.8099766373634338,
        0.03960682824254036,
        0.37515294551849365,
        0.07908034324645996,
        0.31923365592956543,
        -0.3095259964466095,
        -0.08784768730401993,
        0.07457110285758972,
        -0.25812917947769165,
        0.1363031417131424
    ],
    "transl": [
        0.19480660557746887,
        1.5878151655197144,
        -0.131443053483963
    ],
    "left_hand_pose": [
        0.028611615300178528,
        0.46849218010902405,
        -0.1849679946899414,
        0.028823981061577797,
        0.44774654507637024,
        0.9803413152694702,
        -0.4413975179195404,
        -0.9649298191070557,
        0.25220808386802673,
        -0.04431934282183647,
        0.9611084461212158,
        0.14689093828201294
    ],
    "right_hand_pose": [
        0.34407442808151245,
        0.07191045582294464,
        0.33615660667419434,
        -1.416469693183899,
        1.4356447458267212,
        0.4187062084674835,
        1.2000486850738525,
        -0.8418217301368713,
        -0.7293179035186768,
        -1.3724421262741089,
        -0.0010311099467799067,
        -1.0913649797439575
    ],
    "jaw_pose": [
        0.004164549056440592,
        0.019514836370944977,
        0.02520020678639412
    ],
    "leye_pose": [
        0.6932957172393799,
        1.002312183380127,
        -0.25691938400268555
    ],
    "reye_pose": [
        -0.549633264541626,
        0.35663849115371704,
        -0.6373141407966614
    ],
    "expression": [
        -0.026445111259818077,
        0.6082816123962402,
        0.6812542676925659,
        0.8517050743103027,
        -0.35084375739097595,
        0.03147255629301071,
        -0.19516392052173615,
        0.7240583300590515,
        0.13968026638031006,
        -0.09992137551307678
    ]
}