{
    "betas": [
        0.8880075216293335,
        -0.7523529529571533,
        0.9681317806243896,
        -0.7866764664649963,
        -0.030879739671945572,
        -0.04529893398284912,
        0.8267762660980225,
        -0.6564584374427795,
        -0.058715395629405975,
        -1.7190557718276978
    ],
    "global_orient": [
        -0.12299930304288864,
        0.13373629748821259,
        -0.09269701689481735
    ],
    "body_pose": [
        0.03955536335706711,
        0.11956564337015152,
        -0.005175432655960321,
        -0.6345572471618652,
        -0.6514435410499573,
        0.10665421187877655,
        0.21493194997310638,
        -0.08626223355531693,
        0.12053121626377106,
        0.17424216866493225,
        -0.38827186822891235,
        -0.0066071320325136185,
        0.8938497304916382,
        0.24385856091976166,
        0.0009928932413458824,
        0.04531858116388321,
        -0.06838265061378479,
        -0.05278577283024788,
        0.07527468353509903,
        0.16361498832702637,
        1.2096001000827528e-06,
        0.5465583801269531,
        -0.050005875527858734,
        -3.2873463169380557e-06,
        -0.053517140448093414,
        -0.08381998538970947,
        0.052529241889715195,
        6.335547823255183e-06,
        1.6704075278539676e-06,
        2.875803829738288e-06,
        3.873262812703615e-07,
        1.81937593879411e-06,
        6.607074283238035e-07,
        0.054306674748659134,
        0.005441481713205576,
        0.12687887251377106,
        -0.06706573814153671,
        0.2840690612792969,
        0.08967424929141998,
        -0.22334548830986023,
        0.0547640435397625,
        -0.06149504706263542,
        0.24961510300636292,
        -0.03103139065206051,
        -0.04502684995532036,
        0.14862500131130219,
        -0.21348072588443756,
        -0.3959202170372009,
        -0.025174157693982124,
        0.9502297639846802,
        0.33450156450271606,
        -0.19347333908081055,
        -1.090421199798584,
        0.2237415313720703,
        0.14728893339633942,
        1.2084439992904663,
        0.09418214112520218,
        0.23344363272190094,
        -0.1852344572544098,
        -0.02363433502614498,
        -0.059332795441150665,
        0.0019529219716787338,
        0.09587015211582184
    ],
    "transl": [
        0.2019849717617035,
        1.6103134155273438,
        -0.11352922767400742
    ],
    "left_hand_pose": [
        -0.028173428028821945,
        0.27265146374702454,
        0.36584657430648804,
        0.008945753797888756,
        0.37705641984939575,
        0.6655707955360413,
        0.33542531728744507,
        -1.6431398391723633,
        0.47779014706611633,
        -0.8192614316940308,
        0.8092628717422485,
        -0.9171416759490967
    ],
    "right_hand_pose": [
        0.35403764247894287,
        0.263100802898407,
        0.16479207575321198,
        -1.2477245330810547,
        1.44568932056427,
        0.49127280712127686,
        0.8477452993392944,
        -0.5634749531745911,
        -0.5771358609199524,
        -0.8364009857177734,
        0.8506658673286438,
        -0.433991014957428
    ],
    "jaw_pose": [
        -0.00891500897705555,
        0.002962743863463402,
        0.015147138386964798
    ],
    "leye_pose": [
        0.7427220940589905,
        0.8560677170753479,
        -0.722755491733551
    ],
    "reye_pose": [
        -0.3047398328781128,
        0.3227638602256775,
        -0.480796754360199
    ],
    "expression": [
        -1.0017520189285278,
        0.794865071773529,
        0.34796515107154846,
        1.2102020978927612,
        -0.34459489583969116,
        -0.1004548966884613,
        -0.12499538064002991,
        0.5108205676078796,
        0.2977614402770996,
        0.2884366512298584
    ]
}