{
    "betas": [
        0.766890287399292,
        -0.5156077146530151,
        0.8506028056144714,
        -0.5119048357009888,
        0.1824479103088379,
        -0.23095953464508057,
        1.1244343519210815,
        -1.0370901823043823,
        0.0001105844130506739,
        -1.8294824361801147
    ],
    "global_orient": [
        -0.20388078689575195,
        0.20492252707481384,
        0.11051666736602783
    ],
    "body_pose": [
        0.1140652596950531,
        0.06391073763370514,
        -0.2295134961605072,
        -0.49073413014411926,
        -0.9631946086883545,
        0.18759386241436005,
        0.16166184842586517,
        0.12077240645885468,
        -0.008814390748739243,
        0.2509932219982147,
        -0.306263267993927,
        -0.02684127539396286,
        0.6440068483352661,
        0.3797307312488556,
        -0.10630534589290619,
        0.1820642203092575,
        0.034512437880039215,
        0.0038825494702905416,
        -0.06442353129386902,
        0.17876383662223816,
        6.9731490839330945e-06,
        0.5185125470161438,
        0.008941411040723324,
        -4.1532419459144876e-07,
        -0.0559755302965641,
        -0.04694213345646858,
        0.06512894481420517,
        5.768113624071702e-06,
        3.661096116047702e-06,
        5.793834134237841e-06,
        1.6166094383152085e-06,
        2.7031715035263915e-06,
        -6.578304692084203e-07,
        -0.11279638111591339,
        -0.09037957340478897,
        0.09998521208763123,
        -0.13773222267627716,
        0.2152874916791916,
        0.06682053208351135,
        -0.2408975511789322,
        0.36234670877456665,
        -0.05735066533088684,
        0.1386679708957672,
        -0.17310696840286255,
        -0.07149876654148102,
        -0.09621138125658035,
        0.009937507100403309,
        -0.2594853341579437,
        -0.0968019962310791,
        1.1622663736343384,
        0.11159741133451462,
        -0.09547968953847885,
        0.12327384203672409,
        -0.14335016906261444,
        0.008978142403066158,
        1.6964129209518433,
        -0.006825756747275591,
        0.15334497392177582,
        0.0962025374174118,
        0.0031329586636275053,
        -0.15859094262123108,
        0.14871956408023834,
        0.28597381711006165
    ],
    "transl": [
        0.21444694697856903,
        1.583470106124878,
        -0.1206384152173996
    ],
    "left_hand_pose": [
        0.05155515670776367,
        0.4118066132068634,
        -0.024858523160219193,
        -0.13257917761802673,
        0.24711236357688904,
        0.5238682627677917,
        0.02739856392145157,
        -0.889620304107666,
        0.46504324674606323,
        -0.2911083400249481,
        0.5776152014732361,
        -0.12303043901920319
    ],
    "right_hand_pose": [
        0.22211752831935883,
        0.7224147915840149,
        0.3274267017841339,
        -1.5317915678024292,
        1.4964343309402466,
        -0.14565886557102203,
        0.7726091146469116,
        -0.8619519472122192,
        -0.23862837255001068,
        -1.7837276458740234,
        0.56807541847229,
        -3.511867046356201
    ],
    "jaw_pose": [
        0.002478716429322958,
        0.005987353157252073,
        0.04747840762138367
    ],
    "leye_pose": [
        0.9013882279396057,
        0.6812210083007812,
        -0.3917100727558136
    ],
    "reye_pose": [
        -0.1289767324924469,
        0.41519495844841003,
        -0.41145598888397217
    ],
    "expression": [
        -0.8621444702148438,
        -0.24503976106643677,
        -0.23921701312065125,
        0.5413684844970703,
        -0.6419506669044495,
        -0.15923960506916046,
        -0.18050110340118408,
        0.8647121787071228,
        0.21464863419532776,
        0.21651537716388702
    ]
}