{
    "betas": [
        1.1599581241607666,
        -0.8632562160491943,
        0.7238548994064331,
        -0.41989535093307495,
        0.07231447100639343,
        -0.00011866795102832839,
        0.5622099041938782,
        -0.9674778580665588,
        0.09195532649755478,
        -1.9934200048446655
    ],
    "global_orient": [
        -0.1399882584810257,
        0.021548070013523102,
        -0.09892475605010986
    ],
    "body_pose": [
        -0.24617886543273926,
        0.5817768573760986,
        0.04213663190603256,
        -0.2192888855934143,
        -0.1789422482252121,
        0.03276501223444939,
        0.008036484941840172,
        0.024437982589006424,
        -0.019224638119339943,
        0.6193262934684753,
        -0.5545189380645752,
        0.3278489410877228,
        0.6855145692825317,
        -0.031740617007017136,
        -0.06586577743291855,
        0.21864041686058044,
        0.030720924958586693,
        0.027380699291825294,
        -0.2718483805656433,
        -0.14639663696289062,
        2.5822865268310125e-07,
        -0.10712398588657379,
        -0.18544529378414154,
        6.278445994212234e-07,
        -0.05984630063176155,
        -0.08802229166030884,
        -2.215658787463326e-05,
        1.494536121526835e-07,
        1.2147793313488364e-06,
        2.850788177966024e-06,
        -2.307702970938408e-06,
        1.1761893574657734e-06,
        8.946250886765483e-07,
        -0.03388519212603569,
        0.10661479085683823,
        0.08115913718938828,
        -0.16456127166748047,
        -0.1197776198387146,
        -0.023882117122411728,
        -0.3379974961280823,
        -0.04141451045870781,
        0.06162474304437637,
        0.16924749314785004,
        -0.24048107862472534,
        -0.09895658493041992,
        -0.08759468048810959,
        -0.5056373476982117,
        -0.5218779444694519,
        -0.2561612129211426,
        0.5892422795295715,
        -0.2736789882183075,
        -0.2404874712228775,
        -0.6022245287895203,
        -0.13394643366336823,
        -0.3561209738254547,
        1.1708184480667114,
        -1.967909812927246,
        0.13099291920661926,
        -0.018690479919314384,
        -0.14866863191127777,
        -0.9545111656188965,
        0.021558474749326706,
        -0.3123128414154053
    ],
    "transl": [
        0.09371958673000336,
        1.5466216802597046,
        -0.09898284077644348
    ],
    "left_hand_pose": [
        -2.0366711616516113,
        1.3324705362319946,
        -1.2861496210098267,
        -1.746823787689209,
        0.1075807735323906,
        3.0206568241119385,
        0.3381578326225281,
        -1.7133673429489136,
        -0.91557377576828,
        -0.5556672811508179,
        0.6281497478485107,
        -1.4872583150863647
    ],
    "right_hand_pose": [
        -3.3702504634857178,
        0.35482537746429443,
        -0.9531540274620056,
        0.2325701117515564,
        -1.9475884437561035,
        2.580613613128662,
        1.0284678936004639,
        0.27370917797088623,
        1.288111925125122,
        1.5731744766235352,
        5.16024112701416,
        -0.5422857403755188
    ],
    "jaw_pose": [
        0.07020096480846405,
        -0.000869056791998446,
        0.023374442011117935
    ],
    "leye_pose": [
        -0.07651675492525101,
        0.676768958568573,
        0.4395463168621063
    ],
    "reye_pose": [
        0.1643981635570526,
        -1.2200772762298584,
        -2.9210033416748047
    ],
    "expression": [
        0.4450843036174774,
        0.5479654669761658,
        0.21890704333782196,
        0.12264825403690338,
        -0.39263686537742615,
        -0.17579922080039978,
        0.021334219723939896,
        0.6312122941017151,
        -0.053904686123132706,
        -0.04271579906344414
    ]
}