{
    "betas": [
        0.9769195914268494,
        -0.3421858251094818,
        1.1154159307479858,
        -0.16594156622886658,
        0.36988377571105957,
        -0.30298686027526855,
        0.581203043460846,
        -0.8261057734489441,
        -1.0085580348968506,
        -1.831668496131897
    ],
    "global_orient": [
        -0.170746847987175,
        -0.13345015048980713,
        -0.04166578873991966
    ],
    "body_pose": [
        -0.22976990044116974,
        0.5851342678070068,
        -0.051332417875528336,
        -0.35993170738220215,
        -0.5672734379768372,
        -0.05466683954000473,
        0.06942731142044067,
        -0.0440731942653656,
        0.005271526053547859,
        0.7348408699035645,
        -0.5867364406585693,
        0.1410766988992691,
        0.7196264266967773,
        0.397276908159256,
        -0.26110583543777466,
        0.2376796305179596,
        0.025258077308535576,
        -0.035581883043050766,
        -0.24094660580158234,
        0.2078632116317749,
        2.1366035980463494e-06,
        0.018076036125421524,
        0.01506291888654232,
        2.177336909880978e-06,
        -0.07715950906276703,
        -0.018500402569770813,
        -0.003113897517323494,
        4.924157110508531e-06,
        3.2816365092003252e-06,
        5.969861831545131e-06,
        -7.633478844581987e-07,
        1.5557963024548371e-06,
        7.90948206486064e-07,
        -0.025243500247597694,
        0.1260649859905243,
        0.13495732843875885,
        -0.2703002095222473,
        0.08054972440004349,
        0.2497192621231079,
        -0.24261179566383362,
        0.005133670289069414,
        -0.225485160946846,
        0.21317173540592194,
        -0.05634689703583717,
        -0.09396210312843323,
        -0.14838604629039764,
        -0.31056901812553406,
        0.11013919115066528,
        -0.2255963534116745,
        0.5006574988365173,
        -0.29084891080856323,
        -0.374940425157547,
        -0.9179216027259827,
        1.0912890434265137,
        -0.2888651192188263,
        0.8447643518447876,
        -0.5126681327819824,
        -0.28506606817245483,
        -0.20383742451667786,
        0.25900086760520935,
        -0.658933162689209,
        0.04157475382089615,
        -0.2453785091638565
    ],
    "transl": [
        0.15235230326652527,
        1.540631651878357,
        -0.1264633983373642
    ],
    "left_hand_pose": [
        -3.721773624420166,
        0.46750062704086304,
        -1.1686091423034668,
        -1.4360284805297852,
        -2.02314829826355,
        2.6901588439941406,
        -0.18572156131267548,
        -0.10472743958234787,
        1.7319374084472656,
        1.1825913190841675,
        4.158995151519775,
        -3.435011625289917
    ],
    "right_hand_pose": [
        -3.6652865409851074,
        1.0972543954849243,
        -0.5896874666213989,
        -1.3760331869125366,
        -1.3986048698425293,
        2.580429792404175,
        0.3081044852733612,
        -0.6640647053718567,
        1.033779501914978,
        0.33414265513420105,
        3.5776424407958984,
        -3.1314094066619873
    ],
    "jaw_pose": [
        0.018128007650375366,
        0.019883597269654274,
        0.02270251139998436
    ],
    "leye_pose": [
        0.2464887946844101,
        0.6375442743301392,
        0.04606181010603905
    ],
    "reye_pose": [
        -0.8906322121620178,
        0.37345266342163086,
        -0.47308242321014404
    ],
    "expression": [
        -1.1185747385025024,
        0.6529171466827393,
        0.2365054339170456,
        0.9952880144119263,
        0.03794129937887192,
        0.25983545184135437,
        -0.366475909948349,
        0.6359165906906128,
        0.03735603019595146,
        -0.29119566082954407
    ]
}