{
    "betas": [
        0.7249539494514465,
        -0.6511778235435486,
        0.7411199808120728,
        -0.2892475128173828,
        0.16202688217163086,
        -0.08039958775043488,
        0.7950434684753418,
        -0.7328222990036011,
        -0.14035560190677643,
        -2.0506045818328857
    ],
    "global_orient": [
        -0.16906847059726715,
        0.440977543592453,
        -0.0372326485812664
    ],
    "body_pose": [
        0.10308387875556946,
        0.2497008740901947,
        -0.04263452813029289,
        -0.49236318469047546,
        -0.184797003865242,
        0.09762752801179886,
        0.1718955934047699,
        -0.22010065615177155,
        0.0693761557340622,
        0.16468331217765808,
        -0.7232420444488525,
        0.05842231586575508,
        0.739438533782959,
        0.26902562379837036,
        -0.24790185689926147,
        0.07954283058643341,
        -0.10967110842466354,
        -0.07120005041360855,
        0.029662732034921646,
        0.04155365750193596,
        2.0451898308238015e-06,
        0.419312447309494,
        -0.11388902366161346,
        -3.958668457926251e-06,
        -0.014948505908250809,
        -0.06840570271015167,
        0.05858682468533516,
        5.028692157793557e-06,
        3.157865194225451e-06,
        4.4971293391427025e-06,
        1.2882343298770138e-06,
        2.9000987069593975e-06,
        -1.441473273189331e-06,
        0.030100317671895027,
        -0.016859613358974457,
        0.17149420082569122,
        -0.10683829337358475,
        0.2059108167886734,
        0.08807384967803955,
        -0.12777327001094818,
        -0.08478638529777527,
        0.023841556161642075,
        0.21323262155056,
        -0.07776834070682526,
        -0.067082978785038,
        0.06765013933181763,
        -0.2257453352212906,
        -0.17161598801612854,
        -0.03252444788813591,
        0.6343833208084106,
        0.230075404047966,
        -0.08313547074794769,
        -0.6481826901435852,
        -0.004213484935462475,
        0.042521294206380844,
        0.9877512454986572,
        -0.009549573995172977,
        0.4674166440963745,
        -0.13645640015602112,
        -0.08040660619735718,
        0.018047252669930458,
        -0.08335629850625992,
        0.11174452304840088
    ],
    "transl": [
        0.21699678897857666,
        1.6100406646728516,
        -0.09268667548894882
    ],
    "left_hand_pose": [
        0.16837947070598602,
        0.11810917407274246,
        0.34770819544792175,
        -0.4105834662914276,
        1.1796823740005493,
        0.723231315612793,
        -0.3820892870426178,
        -1.1655462980270386,
        -0.062316931784152985,
        -0.6504192352294922,
        0.477802038192749,
        -0.2588672339916229
    ],
    "right_hand_pose": [
        0.11364690959453583,
        0.05675969272851944,
        0.27467647194862366,
        -1.3277103900909424,
        1.3638068437576294,
        0.45562800765037537,
        0.4442439079284668,
        -0.5239884257316589,
        0.07420969754457474,
        -0.8118341565132141,
        0.2852543890476227,
        -1.1535111665725708
    ],
    "jaw_pose": [
        -0.019031623378396034,
        0.009261542931199074,
        0.03371702507138252
    ],
    "leye_pose": [
        0.7437073588371277,
        0.9123948216438293,
        -0.3958377540111542
    ],
    "reye_pose": [
        -0.3496716320514679,
        0.2590268850326538,
        -0.35139569640159607
    ],
    "expression": [
        -0.42417657375335693,
        0.47392696142196655,
        0.1146431639790535,
        1.1903659105300903,
        -0.5029210448265076,
        -0.07842935621738434,
        -0.27985915541648865,
        0.7489200830459595,
        0.209406316280365,
        0.24657048285007477
    ]
}