{
    "betas": [
        0.5292631983757019,
        -0.28644245862960815,
        0.6647616028785706,
        -0.2745007276535034,
        0.3345215618610382,
        -0.358840674161911,
        0.5061697363853455,
        -0.9483162760734558,
        -0.8581462502479553,
        -1.8642058372497559
    ],
    "global_orient": [
        -0.061066824942827225,
        -0.012643298134207726,
        -0.09361378103494644
    ],
    "body_pose": [
        -0.21282820403575897,
        0.5159278512001038,
        0.0588795468211174,
        -0.23073546588420868,
        -0.28043845295906067,
        -0.05677954852581024,
        0.014255637302994728,
        -0.04481213167309761,
        0.032704003155231476,
        0.46598324179649353,
        -0.5511782765388489,
        -0.023604556918144226,
        0.4528292715549469,
        0.27762165665626526,
        -0.017309824004769325,
        0.2981509864330292,
        0.07091847062110901,
        -0.025498123839497566,
        -0.14248493313789368,
        0.02785489521920681,
        4.57375335827237e-06,
        0.05411713570356369,
        -0.27056884765625,
        -3.8365119507943746e-06,
        -0.24537207186222076,
        -0.10294930636882782,
        0.08469700068235397,
        7.83026644057827e-06,
        5.270580004435033e-06,
        7.507141162932385e-06,
        1.1922471685466007e-06,
        1.5876138377279858e-06,
        -7.556070613645716e-07,
        0.0003369400219526142,
        0.14073817431926727,
        0.053086210042238235,
        -0.31592679023742676,
        0.013799574226140976,
        0.253763347864151,
        -0.24996238946914673,
        -0.1160697191953659,
        -0.09878383576869965,
        0.17699867486953735,
        -0.04113535210490227,
        -0.11937744170427322,
        -0.3678828775882721,
        -0.23146000504493713,
        0.1036655604839325,
        -0.3017696738243103,
        0.3547241985797882,
        -0.24813240766525269,
        -0.8110949993133545,
        -0.1500585973262787,
        0.14233487844467163,
        -0.361046701669693,
        0.9543284773826599,
        -1.1032435894012451,
        0.3618794083595276,
        -0.09181158989667892,
        0.09525637328624725,
        -0.7863152027130127,
        -0.12333802878856659,
        -0.19473649561405182
    ],
    "transl": [
        0.1779109537601471,
        1.592421293258667,
        -0.12473095953464508
    ],
    "left_hand_pose": [
        -3.0997414588928223,
        1.095219612121582,
        -1.2896088361740112,
        -2.6374001502990723,
        0.48271068930625916,
        2.4739010334014893,
        -0.15342189371585846,
        -1.0173649787902832,
        -0.5437474846839905,
        -1.2873553037643433,
        1.6681363582611084,
        -4.290533542633057
    ],
    "right_hand_pose": [
        -3.8524694442749023,
        0.8314317464828491,
        -0.25091204047203064,
        -0.1657198816537857,
        -2.5569448471069336,
        2.988631010055542,
        0.7628278732299805,
        -0.46025577187538147,
        3.6692211627960205,
        1.4103426933288574,
        5.888760089874268,
        -2.8803107738494873
    ],
    "jaw_pose": [
        0.04543333873152733,
        0.012027907185256481,
        0.026231128722429276
    ],
    "leye_pose": [
        -0.07020500302314758,
        0.5633417367935181,
        0.3893185257911682
    ],
    "reye_pose": [
        -0.615280270576477,
        0.20746152102947235,
        -0.30447277426719666
    ],
    "expression": [
        -1.0510588884353638,
        0.5971357822418213,
        0.3928159177303314,
        0.08721868693828583,
        0.027237897738814354,
        0.33847278356552124,
        -0.09673784673213959,
        0.43562743067741394,
        0.07993242144584656,
        -0.21432450413703918
    ]
}