{
    "betas": [
        0.8721043467521667,
        -0.9051386117935181,
        0.22269555926322937,
        -1.668279767036438,
        -0.01790151372551918,
        0.020682435482740402,
        0.8221575021743774,
        -0.22808042168617249,
        0.24776619672775269,
        -2.2980246543884277
    ],
    "global_orient": [
        -0.037677764892578125,
        0.539055347442627,
        -0.037328146398067474
    ],
    "body_pose": [
        0.2279299795627594,
        -0.08594915270805359,
        -0.03824881836771965,
        -0.4960820972919464,
        -0.18918432295322418,
        0.12411756068468094,
        0.056552983820438385,
        -0.05719592049717903,
        0.038831379264593124,
        0.03397250175476074,
        -0.38303473591804504,
        0.01141295488923788,
        0.6770106554031372,
        -0.041075631976127625,
        -0.21005365252494812,
        0.19780176877975464,
        -0.025704318657517433,
        0.025586456060409546,
        0.034464024007320404,
        -0.11298863589763641,
        3.28995326981385e-07,
        0.19516503810882568,
        -0.11571262776851654,
        -4.699732471635798e-06,
        0.07995560765266418,
        0.021908553317189217,
        0.05224311724305153,
        5.5428859013773035e-06,
        1.6875472965693916e-06,
        3.945830030716024e-06,
        1.5887050039964379e-06,
        2.2912015538167907e-06,
        -5.689092859029188e-07,
        0.228596493601799,
        -0.027680281549692154,
        -0.0608506053686142,
        -0.060961779206991196,
        0.1737220734357834,
        -0.2657984793186188,
        0.019580235704779625,
        -0.10602173209190369,
        0.3816046714782715,
        0.19267234206199646,
        -0.0854329839348793,
        0.01728091388940811,
        -0.08790623396635056,
        -0.11633967608213425,
        -1.182719349861145,
        0.0006930093513801694,
        -0.09717383980751038,
        1.0461848974227905,
        -0.09381500631570816,
        -0.19909173250198364,
        -0.057717710733413696,
        0.16931000351905823,
        0.12206893414258957,
        0.06933695822954178,
        0.31762710213661194,
        0.09616781026124954,
        -0.25050222873687744,
        0.08316556364297867,
        -0.2683107554912567,
        0.023306826129555702
    ],
    "transl": [
        0.2912651300430298,
        1.6020350456237793,
        0.047204792499542236
    ],
    "left_hand_pose": [
        -1.3589212894439697,
        -0.043659280985593796,
        -0.3294558823108673,
        -1.8187538385391235,
        1.3913929462432861,
        1.4598935842514038,
        0.08317458629608154,
        -1.1173683404922485,
        -0.18299858272075653,
        -0.6385064721107483,
        1.0129950046539307,
        -1.1911816596984863
    ],
    "right_hand_pose": [
        -2.130687952041626,
        1.4291369915008545,
        -1.0550953149795532,
        -3.218445062637329,
        2.213233709335327,
        1.3044209480285645,
        -0.7458149194717407,
        -0.6822724938392639,
        -0.22316674888134003,
        -1.3888435363769531,
        1.624781608581543,
        -3.142235517501831
    ],
    "jaw_pose": [
        0.009584284387528896,
        -0.018194530159235,
        0.04451869800686836
    ],
    "leye_pose": [
        1.0700721740722656,
        0.6786624193191528,
        -0.3578931391239166
    ],
    "reye_pose": [
        -0.7348098158836365,
        -0.6057412624359131,
        -3.6435654163360596
    ],
    "expression": [
        -0.026146844029426575,
        -0.5000755190849304,
        -0.47752460837364197,
        0.8200514912605286,
        -0.707196831703186,
        -0.2869059443473816,
        -0.2888543903827667,
        1.024042010307312,
        0.037529606372117996,
        0.35033831000328064
    ]
}