{
    "betas": [
        1.1050277948379517,
        -0.2883562743663788,
        0.8160411715507507,
        -0.341849684715271,
        0.2773735821247101,
        -0.19853925704956055,
        0.30381274223327637,
        -0.9409021139144897,
        -0.7285757064819336,
        -2.255244493484497
    ],
    "global_orient": [
        -0.1372157335281372,
        -0.14676468074321747,
        -0.038484539836645126
    ],
    "body_pose": [
        -0.1771099865436554,
        0.30667737126350403,
        -0.020489156246185303,
        -0.2831258773803711,
        -0.3637678623199463,
        0.003096268279477954,
        0.07495826482772827,
        -0.056211844086647034,
        0.03446066007018089,
        0.6608331203460693,
        -0.3088911473751068,
        0.1016528308391571,
        0.6592377424240112,
        0.261343777179718,
        -0.2265428900718689,
        0.21259605884552002,
        0.04714495688676834,
        -0.11739329248666763,
        -0.2166825234889984,
        0.17092610895633698,
        4.256477495800937e-06,
        -0.05667616426944733,
        -0.0740278959274292,
        -1.5878302974670078e-06,
        -0.056303881108760834,
        -0.033223699778318405,
        0.010732869617640972,
        3.501666014926741e-06,
        3.3862850159493973e-06,
        6.565032890648581e-06,
        9.53088914457112e-08,
        1.144359885074664e-06,
        -9.80591948973597e-07,
        0.24295170605182648,
        0.07216542214155197,
        0.12434922903776169,
        -0.270900160074234,
        -0.004477009177207947,
        0.24314439296722412,
        -0.24392497539520264,
        0.08207371085882187,
        -0.1755552887916565,
        0.4208819270133972,
        -0.030512068420648575,
        -0.12108407914638519,
        -0.11352349817752838,
        -0.4576106369495392,
        0.06474202126264572,
        -0.24589978158473969,
        0.5225257277488708,
        -0.24493485689163208,
        -0.29757970571517944,
        -0.9814055562019348,
        1.1095104217529297,
        -0.42584288120269775,
        0.7630724310874939,
        -0.5230212211608887,
        -0.10710950195789337,
        -0.05271884799003601,
        0.22737161815166473,
        -0.6764505505561829,
        -0.004568517208099365,
        -0.26524031162261963
    ],
    "transl": [
        0.11964727938175201,
        1.544438362121582,
        -0.1039668545126915
    ],
    "left_hand_pose": [
        -4.057549476623535,
        0.41614338755607605,
        -1.2700213193893433,
        -0.6457803845405579,
        -2.9917962551116943,
        3.105170249938965,
        -0.34384116530418396,
        0.36848026514053345,
        3.655296802520752,
        1.8473929166793823,
        5.552348613739014,
        -4.244896411895752
    ],
    "right_hand_pose": [
        -3.3020060062408447,
        1.1784822940826416,
        -0.14629611372947693,
        -1.7527546882629395,
        -1.047705054283142,
        1.890309453010559,
        0.7743781208992004,
        -0.9739627242088318,
        -0.7489765286445618,
        0.13110627233982086,
        3.467998504638672,
        -1.587188720703125
    ],
    "jaw_pose": [
        -0.025295253843069077,
        0.003209670539945364,
        0.03666328638792038
    ],
    "leye_pose": [
        0.5232661366462708,
        0.6962884068489075,
        -0.043176230043172836
    ],
    "reye_pose": [
        -0.9588944911956787,
        0.28234243392944336,
        -0.915724515914917
    ],
    "expression": [
        0.44799789786338806,
        1.0709824562072754,
        0.26664483547210693,
        1.6189188957214355,
        -0.036139942705631256,
        0.34276631474494934,
        -0.3389897346496582,
        0.6610317826271057,
        0.10454612225294113,
        0.07357341796159744
    ]
}