{
    "betas": [
        0.6672969460487366,
        -0.5052616000175476,
        0.043804366141557693,
        -0.5442492961883545,
        0.09178753942251205,
        0.02503781206905842,
        0.6205623149871826,
        -0.7391664981842041,
        0.1010718047618866,
        -2.233440399169922
    ],
    "global_orient": [
        -0.04046160355210304,
        0.7321519255638123,
        -0.022048242390155792
    ],
    "body_pose": [
        0.022221622988581657,
        -0.0901835560798645,
        -0.02357526496052742,
        0.10890037566423416,
        0.2895658314228058,
        -0.11122855544090271,
        -0.0484185628592968,
        0.13470429182052612,
        0.07101420313119888,
        0.10806271433830261,
        -0.4767078757286072,
        -0.020036516711115837,
        0.41873133182525635,
        0.09450116008520126,
        0.03215217962861061,
        0.22329752147197723,
        0.06868165731430054,
        -0.01632201112806797,
        0.04937602952122688,
        -0.17616640031337738,
        2.4960732147860654e-08,
        0.40009260177612305,
        -0.19841095805168152,
        -2.7488390514918137e-06,
        -0.051207564771175385,
        -0.01486137043684721,
        0.010712827555835247,
        8.486745173286181e-06,
        2.566979674156755e-06,
        9.009256132230803e-07,
        1.8794996776705375e-06,
        2.0968157059542136e-06,
        9.555611768519157e-07,
        0.2072121649980545,
        -0.30576589703559875,
        0.051243044435977936,
        -0.10270775109529495,
        0.17509587109088898,
        -0.04962846636772156,
        -0.2929648756980896,
        0.1708076447248459,
        -0.013324948959052563,
        0.21001282334327698,
        -0.2276323288679123,
        0.004178425297141075,
        -0.11951687186956406,
        0.035722553730010986,
        -0.566737174987793,
        -0.3174383342266083,
        0.371969610452652,
        0.15766143798828125,
        -0.21464847028255463,
        -0.2332610934972763,
        -0.0006219773204065859,
        -0.3664468228816986,
        0.06321278214454651,
        -0.03922053053975105,
        -0.04394075274467468,
        -0.04329373314976692,
        0.0727882981300354,
        -0.295359343290329,
        -0.13018594682216644,
        0.03571493923664093
    ],
    "transl": [
        0.22835558652877808,
        1.6085935831069946,
        -0.06931328773498535
    ],
    "left_hand_pose": [
        -2.2569525241851807,
        1.4756940603256226,
        -0.779223620891571,
        -1.9855694770812988,
        0.37938183546066284,
        2.910062551498413,
        0.4871588945388794,
        -1.570658564567566,
        -0.4469929337501526,
        0.11261110007762909,
        0.985538125038147,
        -0.022457486018538475
    ],
    "right_hand_pose": [
        -2.7374329566955566,
        0.9317403435707092,
        -1.2223761081695557,
        -0.9077322483062744,
        1.4561673402786255,
        0.5437966585159302,
        0.440360963344574,
        1.5132224559783936,
        -0.318769246339798,
        -0.5606545805931091,
        3.1417176723480225,
        -1.3889418840408325
    ],
    "jaw_pose": [
        0.06712590903043747,
        -0.019621029496192932,
        0.05359181389212608
    ],
    "leye_pose": [
        0.9369544982910156,
        0.7937973737716675,
        -0.26677170395851135
    ],
    "reye_pose": [
        -0.2786642909049988,
        -0.9794090986251831,
        -3.6377949714660645
    ],
    "expression": [
        0.44413894414901733,
        -1.0282723903656006,
        -0.41993433237075806,
        0.30277562141418457,
        -0.6008754968643188,
        0.021997634321451187,
        -0.21710659563541412,
        0.9780957698822021,
        -0.15756897628307343,
        0.23077112436294556
    ]
}