{
    "betas": [
        0.6688337326049805,
        -0.6012604236602783,
        0.7943710088729858,
        -0.2960609495639801,
        0.22687672078609467,
        -0.1804669201374054,
        1.1014732122421265,
        -0.9544523358345032,
        -0.07513275742530823,
        -1.8370928764343262
    ],
    "global_orient": [
        -0.18723423779010773,
        0.20107237994670868,
        0.11733521521091461
    ],
    "body_pose": [
        0.09606989473104477,
        0.3842534124851227,
        -0.22161619365215302,
        -0.41687703132629395,
        -0.34270501136779785,
        0.239606112241745,
        0.1612340360879898,
        -0.15639683604240417,
        -0.056944433599710464,
        0.3047124445438385,
        -0.5556363463401794,
        -0.010569791309535503,
        0.4494321346282959,
        0.26592957973480225,
        0.011839515529572964,
        0.15100087225437164,
        0.017732219770550728,
        -0.105599045753479,
        -0.1323947161436081,
        0.03608185052871704,
        4.353705662651919e-06,
        0.4788839817047119,
        -0.38365405797958374,
        -5.951732418907341e-06,
        -0.13129539787769318,
        0.04629337415099144,
        0.05853678286075592,
        5.967825472907862e-06,
        2.8372296583256684e-06,
        5.662305738951545e-06,
        2.220474698333419e-06,
        1.8205595324616297e-06,
        -5.3397284318634775e-06,
        0.013608638197183609,
        -0.052772559225559235,
        0.14156123995780945,
        -0.21133460104465485,
        0.039517149329185486,
        0.10940143465995789,
        -0.20034070312976837,
        0.26981234550476074,
        0.06765124946832657,
        0.13134320080280304,
        -0.12991631031036377,
        -0.09426207840442657,
        -0.0947834849357605,
        -0.19057714939117432,
        -0.10232717543840408,
        -0.049356382340192795,
        1.0344070196151733,
        0.08524877578020096,
        -0.11147592216730118,
        0.02033831737935543,
        -0.1420612335205078,
        0.029973236843943596,
        1.837983250617981,
        0.14051440358161926,
        0.26576313376426697,
        0.08886431902647018,
        -0.14019910991191864,
        -0.13433769345283508,
        0.15015047788619995,
        0.27251797914505005
    ],
    "transl": [
        0.24980343878269196,
        1.5786727666854858,
        -0.12138278037309647
    ],
    "left_hand_pose": [
        0.24829524755477905,
        0.45197880268096924,
        0.17994649708271027,
        0.3127084970474243,
        0.8873472213745117,
        0.8205742835998535,
        -0.21948669850826263,
        -1.3647342920303345,
        0.013169118203222752,
        -0.11826081573963165,
        1.7844185829162598,
        1.0287506580352783
    ],
    "right_hand_pose": [
        0.20075452327728271,
        0.39982885122299194,
        0.2043004184961319,
        -1.3991996049880981,
        1.3837181329727173,
        -0.13292135298252106,
        0.2717130184173584,
        -0.53090500831604,
        0.41145482659339905,
        -1.3000805377960205,
        0.44148194789886475,
        -3.6492879390716553
    ],
    "jaw_pose": [
        -0.013162648305296898,
        0.0067252530716359615,
        0.04133796691894531
    ],
    "leye_pose": [
        0.815590500831604,
        0.6955167055130005,
        -0.45323696732521057
    ],
    "reye_pose": [
        -0.3338888883590698,
        0.3240633010864258,
        -0.5873036980628967
    ],
    "expression": [
        -0.4530417323112488,
        0.3755095601081848,
        0.2241201400756836,
        1.1835699081420898,
        -0.6092615723609924,
        -0.09566643089056015,
        -0.30432939529418945,
        0.8627434968948364,
        0.2634388506412506,
        0.19514106214046478
    ]
}