{
    "betas": [
        0.5697287917137146,
        -0.34107470512390137,
        0.07384809851646423,
        -0.6297668218612671,
        0.2263496071100235,
        -0.00533829303458333,
        0.7741119861602783,
        -0.8804608583450317,
        0.05497804656624794,
        -2.2243640422821045
    ],
    "global_orient": [
        -0.014786074869334698,
        0.7864496111869812,
        -0.0591592900454998
    ],
    "body_pose": [
        -0.056667644530534744,
        -0.04278600588440895,
        0.0024957689456641674,
        0.16835631430149078,
        0.4729595482349396,
        -0.07489103823900223,
        -0.03915198892354965,
        0.23760037124156952,
        0.07695591449737549,
        0.12819457054138184,
        -0.577394962310791,
        -0.0002736726019065827,
        0.2656624913215637,
        0.03213266655802727,
        0.07595346868038177,
        0.1715238392353058,
        0.10108303278684616,
        -0.04358093440532684,
        0.04061654210090637,
        -0.2053394615650177,
        -1.2157962601122563e-06,
        0.3017854690551758,
        -0.30461519956588745,
        -3.80293181478919e-06,
        -0.0964682549238205,
        -0.09318260848522186,
        0.026239236816763878,
        8.244564014603384e-06,
        3.050318809982855e-06,
        7.393739451799775e-07,
        2.2018346044205828e-06,
        2.2464760149887297e-06,
        1.4920671276286157e-07,
        0.15197943150997162,
        -0.3744371235370636,
        0.11702463775873184,
        -0.15583963692188263,
        0.15228061378002167,
        0.02962488867342472,
        -0.3828743100166321,
        0.11406523734331131,
        -0.06263738125562668,
        0.18213707208633423,
        -0.30963417887687683,
        -0.028584163635969162,
        -0.13645927608013153,
        -0.002348382491618395,
        -0.4097577929496765,
        -0.3924010992050171,
        0.338714599609375,
        0.06842866539955139,
        -0.21079643070697784,
        -0.19407638907432556,
        -0.012640072964131832,
        -0.40383607149124146,
        -0.0011725834337994456,
        -0.015216470696032047,
        -0.03685386851429939,
        -0.03979867696762085,
        0.04180726036429405,
        -0.1995820552110672,
        -0.09222481399774551,
        0.07212439179420471
    ],
    "transl": [
        0.21397846937179565,
        1.6134591102600098,
        -0.07901917397975922
    ],
    "left_hand_pose": [
        -2.1831910610198975,
        1.4902422428131104,
        -0.6879478693008423,
        -2.093146562576294,
        0.486666738986969,
        2.7609400749206543,
        0.39500001072883606,
        -1.5468578338623047,
        -0.3675311803817749,
        0.21336409449577332,
        1.0103527307510376,
        0.2623065412044525
    ],
    "right_hand_pose": [
        -2.756558895111084,
        0.7647791504859924,
        -1.188254714012146,
        -0.9984198212623596,
        1.9514436721801758,
        -0.119076669216156,
        0.3598594665527344,
        2.2208259105682373,
        -0.8474058508872986,
        -1.0256562232971191,
        3.0357396602630615,
        -1.8713734149932861
    ],
    "jaw_pose": [
        0.10687915980815887,
        -0.01682642474770546,
        0.05236920714378357
    ],
    "leye_pose": [
        0.786257803440094,
        0.7687500715255737,
        -0.11447254568338394
    ],
    "reye_pose": [
        -0.3213207721710205,
        -0.8091258406639099,
        -3.798780918121338
    ],
    "expression": [
        0.6120983362197876,
        -1.0344737768173218,
        -0.27507051825523376,
        0.00932973064482212,
        -0.4049271047115326,
        0.03170991316437721,
        -0.14673618972301483,
        0.8973029851913452,
        -0.17136892676353455,
        0.2387668341398239
    ]
}