{
    "betas": [
        0.9369669556617737,
        -0.9316310882568359,
        0.37029603123664856,
        -1.2405611276626587,
        0.02047187089920044,
        0.024427784606814384,
        0.962439239025116,
        -0.4514688551425934,
        0.3096572458744049,
        -2.3352081775665283
    ],
    "global_orient": [
        -0.0860242247581482,
        0.56686931848526,
        -0.011011599563062191
    ],
    "body_pose": [
        0.23896560072898865,
        -0.06827105581760406,
        -0.035502880811691284,
        -0.405912309885025,
        -0.17790815234184265,
        0.06735269725322723,
        0.06698822975158691,
        -0.20456145703792572,
        0.02404908463358879,
        0.047174133360385895,
        -0.37051862478256226,
        -0.0021085175685584545,
        0.8443542718887329,
        -0.03265509754419327,
        -0.2667109966278076,
        0.2155141979455948,
        0.02652205154299736,
        -0.024367721751332283,
        0.04830792546272278,
        -0.15640123188495636,
        -1.0134249350812752e-06,
        0.20870837569236755,
        -0.15024936199188232,
        -3.959023615607293e-06,
        0.06955838948488235,
        0.10756194591522217,
        0.014738989062607288,
        3.5677974210557295e-06,
        1.7695017504593125e-06,
        3.1922670586936874e-06,
        -3.1706591130387096e-08,
        2.199910568378982e-06,
        1.535053257839536e-07,
        0.26248738169670105,
        -0.03569338098168373,
        -0.027906769886612892,
        -0.02952670119702816,
        0.2836841344833374,
        -0.3005889654159546,
        -0.04244089499115944,
        0.06303262710571289,
        0.3951639235019684,
        0.21885946393013,
        -0.08222318440675735,
        0.029981674626469612,
        -0.011181245557963848,
        -0.06403639912605286,
        -0.9793859124183655,
        -0.053780313581228256,
        0.1527463048696518,
        0.9820468425750732,
        -0.16785527765750885,
        -0.39789196848869324,
        -0.368242084980011,
        0.08292440325021744,
        0.1468382328748703,
        0.01327245682477951,
        0.19379548728466034,
        0.0626382902264595,
        -0.1896146684885025,
        0.023980045691132545,
        -0.16128358244895935,
        -0.017678601667284966
    ],
    "transl": [
        0.277238667011261,
        1.5988930463790894,
        0.015784645453095436
    ],
    "left_hand_pose": [
        -1.4017964601516724,
        -0.07432642579078674,
        -0.2361081838607788,
        -1.4740947484970093,
        0.8425204157829285,
        0.5847424268722534,
        0.6478502750396729,
        -1.036579966545105,
        -1.1882072687149048,
        -0.90712970495224,
        1.595823884010315,
        -1.7574121952056885
    ],
    "right_hand_pose": [
        -2.1430182456970215,
        1.4301170110702515,
        -1.0572847127914429,
        -2.87967586517334,
        1.7219170331954956,
        1.135270118713379,
        -0.42398905754089355,
        -0.6999917030334473,
        -0.40348637104034424,
        -1.002078652381897,
        1.7247283458709717,
        -2.8466107845306396
    ],
    "jaw_pose": [
        0.011610104702413082,
        -0.02072295732796192,
        0.04722215607762337
    ],
    "leye_pose": [
        1.1560319662094116,
        0.7754496932029724,
        -0.420409619808197
    ],
    "reye_pose": [
        -0.9681292176246643,
        -0.25679540634155273,
        -4.008749008178711
    ],
    "expression": [
        -0.04411716014146805,
        -0.5757172107696533,
        -0.44208434224128723,
        0.9810215830802917,
        -0.7395204305648804,
        -0.3185270130634308,
        -0.3409099578857422,
        1.1085234880447388,
        0.07242175936698914,
        0.42865249514579773
    ]
}