{
    "betas": [
        1.417284369468689,
        -0.8188930749893188,
        1.0140647888183594,
        -0.1372719407081604,
        0.06994455307722092,
        -0.07321005314588547,
        0.4351133406162262,
        -1.028136968612671,
        -0.1903204619884491,
        -2.0199685096740723
    ],
    "global_orient": [
        -0.19119901955127716,
        -0.08724439889192581,
        -0.13099102675914764
    ],
    "body_pose": [
        -0.28559499979019165,
        0.642374575138092,
        0.06655377149581909,
        -0.29294973611831665,
        -0.3503572642803192,
        0.10701131820678711,
        0.07723946124315262,
        -0.0861489549279213,
        0.03416543826460838,
        0.7597127556800842,
        -0.47915419936180115,
        0.4419182240962982,
        0.8362540602684021,
        0.09117962419986725,
        -0.23443926870822906,
        0.22699640691280365,
        -0.013069643639028072,
        -0.04413061589002609,
        -0.3318173587322235,
        -0.15231065452098846,
        5.391088393480459e-07,
        -0.10766185820102692,
        -0.09007491916418076,
        1.0198007203143789e-06,
        0.015136852860450745,
        -0.03670646622776985,
        0.039426423609256744,
        -8.938479254538834e-07,
        1.0538365131651517e-06,
        2.8698862024612026e-06,
        -3.3451381113991374e-06,
        7.377550446108216e-07,
        1.358162649012229e-06,
        0.019378017634153366,
        0.11925972253084183,
        -0.0314653106033802,
        -0.3024905025959015,
        -0.17304980754852295,
        0.2889237701892853,
        -0.20564131438732147,
        -0.048218272626399994,
        0.1010376363992691,
        0.16898708045482635,
        -0.07648926973342896,
        -0.10461682826280594,
        -0.17104209959506989,
        -0.5786213278770447,
        0.08853046596050262,
        -0.1461578756570816,
        0.33508262038230896,
        0.13874289393424988,
        -0.3577782213687897,
        -0.6573007702827454,
        0.40250441431999207,
        -0.23563537001609802,
        1.5754436254501343,
        -1.6767176389694214,
        0.010088047944009304,
        -0.06861473619937897,
        -0.07683392614126205,
        -0.8377388119697571,
        0.21224504709243774,
        -0.04750477522611618
    ],
    "transl": [
        0.09016630053520203,
        1.5056655406951904,
        -0.10742921382188797
    ],
    "left_hand_pose": [
        -2.735624313354492,
        0.9732446074485779,
        -1.9662599563598633,
        -0.6280423402786255,
        -1.6410651206970215,
        3.638671636581421,
        -0.7893867492675781,
        -1.1706055402755737,
        0.673527181148529,
        0.5552034974098206,
        1.8179463148117065,
        -2.9879422187805176
    ],
    "right_hand_pose": [
        -3.24318528175354,
        0.9669564366340637,
        0.171387180685997,
        -1.4818917512893677,
        -1.3968182802200317,
        1.4549766778945923,
        1.548035979270935,
        -1.1056591272354126,
        -2.362100839614868,
        -0.2070508450269699,
        2.7931928634643555,
        -1.2335171699523926
    ],
    "jaw_pose": [
        0.003959967754781246,
        0.0021167630329728127,
        0.017316805198788643
    ],
    "leye_pose": [
        -0.2534114420413971,
        0.6044185757637024,
        0.5871658325195312
    ],
    "reye_pose": [
        0.16337870061397552,
        -0.8770716190338135,
        -3.2112491130828857
    ],
    "expression": [
        0.2334282100200653,
        0.7180703282356262,
        0.4205750823020935,
        0.5674235820770264,
        -0.17105916142463684,
        -0.0679241493344307,
        0.009298824705183506,
        0.47625085711479187,
        -0.023715512827038765,
        -0.01350468024611473
    ]
}