{
    "betas": [
        0.6106270551681519,
        -0.6417639851570129,
        0.8109329342842102,
        -0.5452139973640442,
        -0.026600724086165428,
        0.03369886428117752,
        0.8125759363174438,
        -0.746442973613739,
        -0.16330833733081818,
        -1.7102546691894531
    ],
    "global_orient": [
        -0.05747642368078232,
        0.014696118421852589,
        -0.15021094679832458
    ],
    "body_pose": [
        -0.17151165008544922,
        0.20628146827220917,
        0.02856416068971157,
        -0.139630988240242,
        0.12534277141094208,
        -0.21520143747329712,
        0.16225692629814148,
        0.06066419929265976,
        -0.006047268398106098,
        0.45880603790283203,
        -0.36295926570892334,
        0.10787393152713776,
        0.3673759698867798,
        0.15628552436828613,
        -0.012690945528447628,
        0.08537700027227402,
        -0.08079355210065842,
        0.09889258444309235,
        -0.1391703188419342,
        0.10663799941539764,
        3.847065727313748e-06,
        0.5346784591674805,
        0.02613759972155094,
        -2.7365210826246766e-06,
        -0.05771086737513542,
        -0.2153189331293106,
        0.10132372379302979,
        8.186546438082587e-06,
        3.282190846221056e-06,
        4.684440682467539e-06,
        1.8583458540888387e-06,
        3.776018218104582e-07,
        1.773457938725187e-06,
        -0.0567910335958004,
        0.03456690162420273,
        0.04286789894104004,
        0.08738403767347336,
        0.25428134202957153,
        -0.021984171122312546,
        -0.18825523555278778,
        -0.11814480274915695,
        0.03653832897543907,
        0.28142574429512024,
        -0.015612388029694557,
        -0.025338107720017433,
        0.3308454751968384,
        -0.44995176792144775,
        -0.4392794370651245,
        -0.04302274435758591,
        0.44047337770462036,
        0.18368709087371826,
        -0.06734354048967361,
        -1.8760358095169067,
        0.8812040686607361,
        0.07659435272216797,
        0.5260952115058899,
        0.07350059598684311,
        0.3954160213470459,
        -0.3349717855453491,
        -0.04730869084596634,
        0.07063262164592743,
        -0.1711551696062088,
        0.07457154244184494
    ],
    "transl": [
        0.16963012516498566,
        1.5977764129638672,
        -0.10189160704612732
    ],
    "left_hand_pose": [
        -0.05852637067437172,
        0.4580313265323639,
        -0.2651062309741974,
        -0.04676513746380806,
        0.3848091959953308,
        1.2197706699371338,
        -0.4204002916812897,
        -0.8806732296943665,
        0.6336712837219238,
        0.302568256855011,
        1.1918317079544067,
        1.18153715133667
    ],
    "right_hand_pose": [
        0.3007742166519165,
        0.1291564404964447,
        0.33092689514160156,
        -1.3504276275634766,
        1.1960334777832031,
        0.32781246304512024,
        1.1874496936798096,
        -0.8008331656455994,
        -0.29832586646080017,
        -1.2331653833389282,
        0.03080686368048191,
        -1.2497813701629639
    ],
    "jaw_pose": [
        -0.015613557770848274,
        0.010940934531390667,
        0.007440529298037291
    ],
    "leye_pose": [
        0.7361658811569214,
        0.5059337019920349,
        -0.8937163949012756
    ],
    "reye_pose": [
        -0.25592419505119324,
        0.3144940435886383,
        -0.47225332260131836
    ],
    "expression": [
        -0.8895769715309143,
        0.7539982199668884,
        0.01646631956100464,
        1.0963636636734009,
        -0.5440097451210022,
        0.07731650024652481,
        -0.2732183337211609,
        0.5445334911346436,
        0.05440506339073181,
        0.13161222636699677
    ]
}