{
    "betas": [
        1.166783094406128,
        -0.20524071156978607,
        0.7754533290863037,
        -0.1211826354265213,
        0.47181859612464905,
        -0.24194400012493134,
        0.4122365415096283,
        -0.8653139472007751,
        -0.7546312808990479,
        -2.0786166191101074
    ],
    "global_orient": [
        -0.21847952902317047,
        -0.08137448877096176,
        -0.05423538759350777
    ],
    "body_pose": [
        -0.13723565638065338,
        0.47637808322906494,
        0.0033496017567813396,
        -0.15875858068466187,
        -0.1407247632741928,
        0.0447608157992363,
        0.07223296910524368,
        -0.06871114671230316,
        -0.004640658851712942,
        0.7176432609558105,
        -0.4531190097332001,
        0.22711589932441711,
        0.7188456654548645,
        0.11861177533864975,
        -0.16687047481536865,
        0.33349454402923584,
        -0.015934176743030548,
        -0.04984213411808014,
        -0.2650003731250763,
        0.08633717149496078,
        1.3682150665772497e-06,
        -0.10020936280488968,
        -0.3091370165348053,
        -2.3888751456979662e-06,
        -0.09374479204416275,
        -0.017198534682393074,
        -0.04698985069990158,
        3.730056050699204e-06,
        3.660065658550593e-06,
        5.944446456851438e-06,
        -7.205135261756368e-07,
        1.5934012935758801e-06,
        -5.74131149733148e-07,
        0.19370026886463165,
        0.09249433130025864,
        -0.02158239483833313,
        -0.3145114779472351,
        -0.06869018822908401,
        0.3385782539844513,
        -0.18643321096897125,
        0.06091437488794327,
        -0.10708703100681305,
        0.3656061291694641,
        -0.06371616572141647,
        -0.10176508873701096,
        -0.1664961874485016,
        -0.5438615083694458,
        0.15836656093597412,
        -0.24651362001895905,
        0.3573548197746277,
        -0.07767640799283981,
        -0.3048325777053833,
        -0.913513720035553,
        0.9803794622421265,
        -0.43117594718933105,
        0.6733132600784302,
        -0.39863860607147217,
        -0.07538224011659622,
        -0.1148075982928276,
        0.3278201222419739,
        -0.643151581287384,
        -0.05472773686051369,
        -0.2577333152294159
    ],
    "transl": [
        0.10682974755764008,
        1.5280460119247437,
        -0.09331488609313965
    ],
    "left_hand_pose": [
        -4.017164707183838,
        0.4731982946395874,
        -1.2287707328796387,
        -1.0836353302001953,
        -2.6120645999908447,
        2.6226449012756348,
        -0.14885276556015015,
        0.254211962223053,
        2.835482120513916,
        1.2178462743759155,
        4.732280731201172,
        -4.584578990936279
    ],
    "right_hand_pose": [
        -3.226747751235962,
        1.4195626974105835,
        -0.4078075885772705,
        -2.165900707244873,
        -0.5145142674446106,
        1.7177273035049438,
        0.7657802104949951,
        -1.025329351425171,
        -1.3610773086547852,
        -0.7137631177902222,
        2.6823408603668213,
        -2.50455379486084
    ],
    "jaw_pose": [
        -0.023947298526763916,
        -0.002255937783047557,
        0.02702052891254425
    ],
    "leye_pose": [
        -0.2580799460411072,
        0.22031229734420776,
        0.8807966709136963
    ],
    "reye_pose": [
        -0.3438263237476349,
        -0.5854905843734741,
        -2.1690211296081543
    ],
    "expression": [
        0.25186195969581604,
        0.9186383485794067,
        -0.036081522703170776,
        0.792728066444397,
        -0.21236403286457062,
        0.05257140100002289,
        -0.2707328200340271,
        0.7236269116401672,
        -0.021711725741624832,
        0.09148149937391281
    ]
}