{
    "betas": [
        0.6942315101623535,
        -0.7019089460372925,
        0.9536254405975342,
        -0.8675469160079956,
        0.0767417624592781,
        -0.13149519264698029,
        0.795757532119751,
        -0.6786813139915466,
        -0.09254985302686691,
        -1.8142244815826416
    ],
    "global_orient": [
        -0.16767184436321259,
        0.2833096385002136,
        -0.07698481529951096
    ],
    "body_pose": [
        0.0551903173327446,
        0.30022314190864563,
        0.015597803518176079,
        -0.5758890509605408,
        -0.6001839637756348,
        0.045701444149017334,
        0.18397480249404907,
        -0.10675844550132751,
        0.01817108318209648,
        0.1466638594865799,
        -0.5517831444740295,
        -0.03402185067534447,
        0.7846630215644836,
        0.27618837356567383,
        0.07614085078239441,
        0.13508084416389465,
        -0.05416395887732506,
        -0.025314318016171455,
        0.07505685091018677,
        -0.05205356329679489,
        9.69740426626231e-07,
        0.49250128865242004,
        -0.22627893090248108,
        -2.5622798602853436e-06,
        -0.060614168643951416,
        -0.08652213960886002,
        0.07888004183769226,
        7.166680461523356e-06,
        2.4981350179587025e-06,
        3.0732753657503054e-06,
        1.4333123772303225e-06,
        2.3886664166639093e-06,
        -6.371199674504169e-07,
        -0.053044531494379044,
        -0.0383785143494606,
        0.16008184850215912,
        -0.14303146302700043,
        0.18124935030937195,
        0.07080012559890747,
        -0.21228282153606415,
        0.008517040871083736,
        -0.0601612851023674,
        0.14763234555721283,
        -0.10155952721834183,
        -0.06402271240949631,
        -0.030541611835360527,
        -0.2944987416267395,
        -0.21778656542301178,
        -0.03287799656391144,
        0.9378300309181213,
        0.33866989612579346,
        -0.2390567660331726,
        -0.7106534242630005,
        0.13709479570388794,
        0.12036474794149399,
        1.4463648796081543,
        0.09375996887683868,
        0.26425087451934814,
        -0.05303865298628807,
        -0.05801892280578613,
        -0.07137563079595566,
        -0.009231746196746826,
        0.17741292715072632
    ],
    "transl": [
        0.2300376147031784,
        1.614461898803711,
        -0.1438997983932495
    ],
    "left_hand_pose": [
        0.04041171446442604,
        0.2449149638414383,
        0.20128360390663147,
        0.42295801639556885,
        0.8516559600830078,
        1.0533947944641113,
        -0.24228370189666748,
        -1.6551083326339722,
        0.23940083384513855,
        -0.6838332414627075,
        1.1748480796813965,
        0.03580266237258911
    ],
    "right_hand_pose": [
        0.37250038981437683,
        0.20555739104747772,
        -0.13927152752876282,
        -1.637009620666504,
        1.870686650276184,
        1.1400830745697021,
        0.15974485874176025,
        -1.041732907295227,
        -0.7359386682510376,
        -1.0973939895629883,
        0.6532473564147949,
        -1.541623830795288
    ],
    "jaw_pose": [
        -0.0026862432714551687,
        0.014302765019237995,
        0.03901993855834007
    ],
    "leye_pose": [
        0.8011487722396851,
        0.7874972224235535,
        -0.37304437160491943
    ],
    "reye_pose": [
        -0.4485507905483246,
        0.334651917219162,
        -0.6529570817947388
    ],
    "expression": [
        -0.5447171926498413,
        0.5610622763633728,
        0.5416243076324463,
        1.1066406965255737,
        -0.4238114058971405,
        -0.10741673409938812,
        -0.24983814358711243,
        0.7472895383834839,
        0.22267669439315796,
        -8.203531615436077e-05
    ]
}