{
    "betas": [
        0.574294924736023,
        -0.3317752778530121,
        -0.030091041699051857,
        -0.2263791859149933,
        0.1457955688238144,
        -0.021776705980300903,
        0.9591182470321655,
        -1.0632060766220093,
        -0.08398466557264328,
        -2.067840337753296
    ],
    "global_orient": [
        -0.052473284304142,
        0.9856910705566406,
        -0.0734129473567009
    ],
    "body_pose": [
        -0.14243340492248535,
        0.17804932594299316,
        -0.028737269341945648,
        0.2119894027709961,
        0.5716335773468018,
        0.011888726614415646,
        -0.01596171036362648,
        0.18483881652355194,
        0.06695999205112457,
        0.19753281772136688,
        -0.8897282481193542,
        0.07172086089849472,
        0.2641238868236542,
        0.027048055082559586,
        0.08473120629787445,
        0.048948243260383606,
        0.10007042437791824,
        -0.06665228307247162,
        0.0022549619898200035,
        -0.35931631922721863,
        -9.296886673837435e-07,
        0.23033837974071503,
        -0.4384597837924957,
        -1.2543672482934198e-06,
        -0.08783791214227676,
        -0.03635650500655174,
        -0.013213608413934708,
        4.618143066181801e-06,
        3.4944177969009615e-06,
        2.054787046290585e-06,
        -3.569862769836618e-07,
        2.4639987259433838e-06,
        -1.2257713706276263e-06,
        0.06830290704965591,
        -0.4710228145122528,
        0.12871071696281433,
        -0.22405202686786652,
        0.09529618173837662,
        0.07615187764167786,
        -0.3393855094909668,
        0.0835823193192482,
        -0.07739783078432083,
        0.12556111812591553,
        -0.4878142774105072,
        -0.018912844359874725,
        -0.1571461707353592,
        -0.09340696781873703,
        -0.14130298793315887,
        -0.34659814834594727,
        0.1859835982322693,
        0.032709673047065735,
        -0.14939649403095245,
        0.0034348098561167717,
        -0.12184735387563705,
        -0.36134329438209534,
        -0.13022853434085846,
        0.06279533356428146,
        0.07212334871292114,
        0.05974183604121208,
        -0.1120283305644989,
        -0.0838962197303772,
        -0.17308013141155243,
        0.11586686968803406
    ],
    "transl": [
        0.20087645947933197,
        1.610451102256775,
        -0.1222396194934845
    ],
    "left_hand_pose": [
        -2.165133237838745,
        1.3776144981384277,
        -0.8039882779121399,
        -2.285820722579956,
        0.8410887122154236,
        3.0150156021118164,
        0.3378574252128601,
        -1.7287918329238892,
        -1.403010606765747,
        -0.7511792182922363,
        0.013125862926244736,
        -1.2168384790420532
    ],
    "right_hand_pose": [
        -2.776103973388672,
        0.5761608481407166,
        -1.3048762083053589,
        -1.0122252702713013,
        2.1207423210144043,
        -0.38553035259246826,
        0.407394677400589,
        2.720244884490967,
        -0.6537209153175354,
        -1.0530169010162354,
        2.961724281311035,
        -1.7358402013778687
    ],
    "jaw_pose": [
        0.17155086994171143,
        -0.013490002602338791,
        0.04072904959321022
    ],
    "leye_pose": [
        0.2750038802623749,
        0.29741957783699036,
        0.05521128699183464
    ],
    "reye_pose": [
        0.08455817401409149,
        -1.0658320188522339,
        -3.558760166168213
    ],
    "expression": [
        0.26269400119781494,
        -0.47888368368148804,
        0.29099175333976746,
        -0.17170417308807373,
        -0.45261719822883606,
        -0.4195192754268646,
        0.0019678198732435703,
        0.8440098762512207,
        -0.27025607228279114,
        0.035680755972862244
    ]
}