{
    "betas": [
        0.5832865834236145,
        -0.4189467132091522,
        -0.0064722271636128426,
        -0.1588677167892456,
        0.24784812331199646,
        -0.03685114160180092,
        1.0751712322235107,
        -1.143819808959961,
        -0.1775955855846405,
        -2.053523540496826
    ],
    "global_orient": [
        -0.04697660356760025,
        1.0042976140975952,
        -0.08031976968050003
    ],
    "body_pose": [
        -0.16981667280197144,
        0.15037916600704193,
        -0.027174584567546844,
        0.2062024027109146,
        0.5662805438041687,
        0.017587417736649513,
        -0.026093456894159317,
        0.22827163338661194,
        0.07951932400465012,
        0.22738328576087952,
        -0.8427655100822449,
        0.07702256739139557,
        0.272424578666687,
        0.021816691383719444,
        0.07493575662374496,
        0.02563749998807907,
        0.15431173145771027,
        -0.09255550801753998,
        -0.038306109607219696,
        -0.3992490768432617,
        -1.6477026747452328e-06,
        0.2168523222208023,
        -0.3919788599014282,
        -1.0573849067441188e-06,
        -0.07983534038066864,
        -0.14282862842082977,
        -0.03723229467868805,
        4.137745690968586e-06,
        3.055255319850403e-06,
        2.0882553144474514e-06,
        2.4704359447014212e-08,
        2.0844536265940405e-06,
        -9.775284297575126e-07,
        0.1139257550239563,
        -0.4644121825695038,
        0.13744033873081207,
        -0.23293818533420563,
        0.08617676049470901,
        0.08158251643180847,
        -0.2650817632675171,
        0.04563059285283089,
        -0.07465574145317078,
        0.11977256834506989,
        -0.5021265745162964,
        -0.014254835434257984,
        -0.14722037315368652,
        -0.11212041229009628,
        -0.11319510638713837,
        -0.3837848901748657,
        0.23395571112632751,
        0.004996030125766993,
        -0.16729362308979034,
        0.012251760810613632,
        -0.1117335632443428,
        -0.36039501428604126,
        -0.15115787088871002,
        0.054971516132354736,
        0.10831502079963684,
        0.03847199305891991,
        -0.1206660121679306,
        -0.09473472833633423,
        -0.17218779027462006,
        0.07356879860162735
    ],
    "transl": [
        0.19887138903141022,
        1.6065974235534668,
        -0.12170145660638809
    ],
    "left_hand_pose": [
        -2.118121862411499,
        1.4624547958374023,
        -0.831523597240448,
        -2.33294415473938,
        0.843925952911377,
        2.853276252746582,
        0.43581345677375793,
        -1.646096110343933,
        -1.4742680788040161,
        -0.8018848896026611,
        0.05796066299080849,
        -1.2418047189712524
    ],
    "right_hand_pose": [
        -2.848562240600586,
        0.5839863419532776,
        -1.5226773023605347,
        -0.972228467464447,
        1.802592396736145,
        -0.055396709591150284,
        0.10694931447505951,
        2.5624351501464844,
        -0.13616031408309937,
        -0.9604679346084595,
        3.032508134841919,
        -2.435758113861084
    ],
    "jaw_pose": [
        0.16617296636104584,
        -0.005402704700827599,
        0.031545042991638184
    ],
    "leye_pose": [
        0.2289157509803772,
        0.3769758343696594,
        0.11226286739110947
    ],
    "reye_pose": [
        0.006575829815119505,
        -1.2671929597854614,
        -3.35331392288208
    ],
    "expression": [
        0.23604167997837067,
        -0.5117441415786743,
        0.34595251083374023,
        -0.12831878662109375,
        -0.4796200394630432,
        -0.46060341596603394,
        0.055730633437633514,
        0.7955769300460815,
        -0.24002128839492798,
        -0.02822238765656948
    ]
}