{
    "betas": [
        0.6961088180541992,
        -0.6654298901557922,
        0.8710668683052063,
        -0.4690645933151245,
        0.03663061186671257,
        -0.03150228410959244,
        0.7212122082710266,
        -0.7154929041862488,
        -0.17640383541584015,
        -1.6809000968933105
    ],
    "global_orient": [
        -0.10680712759494781,
        -0.013414287008345127,
        -0.16225048899650574
    ],
    "body_pose": [
        -0.04143086448311806,
        0.14639389514923096,
        0.06449464708566666,
        -0.3445899188518524,
        -0.2898757755756378,
        -0.20114046335220337,
        0.16038738191127777,
        0.007746265269815922,
        0.05323902517557144,
        0.2522159218788147,
        -0.3202407658100128,
        0.00024256814504042268,
        0.6543989777565002,
        0.11657871305942535,
        -0.06394223868846893,
        0.09610479325056076,
        -0.03754271939396858,
        -0.00391016760841012,
        -0.01766837015748024,
        0.1907232105731964,
        2.8224490051798057e-06,
        0.590326726436615,
        -0.12247543781995773,
        -2.97024621431774e-06,
        -0.03638781979680061,
        -0.1694769561290741,
        0.14400890469551086,
        6.376011697284412e-06,
        2.9969132810947485e-06,
        5.2335271902848035e-06,
        -1.4443079621173638e-08,
        2.294601245012018e-06,
        7.934232257866825e-07,
        -0.04440635070204735,
        0.030494965612888336,
        0.10244587808847427,
        -0.07969114184379578,
        0.17550134658813477,
        0.17678964138031006,
        -0.159257709980011,
        0.017080461606383324,
        -0.01724037528038025,
        0.2401673048734665,
        -0.0034058643504977226,
        -0.07949694991111755,
        0.21819303929805756,
        -0.4724067449569702,
        -0.433550089597702,
        -0.06390660256147385,
        0.6747767329216003,
        0.11586563289165497,
        -0.21800631284713745,
        -1.3036891222000122,
        0.4296112358570099,
        0.12787528336048126,
        0.6798343658447266,
        0.06993807107210159,
        0.2944934070110321,
        -0.2220572978258133,
        0.02779162861406803,
        0.038066159933805466,
        -0.09124576300382614,
        0.0910971388220787
    ],
    "transl": [
        0.1951923370361328,
        1.6152009963989258,
        -0.1356167048215866
    ],
    "left_hand_pose": [
        -0.049704696983098984,
        0.30643877387046814,
        -0.22375915944576263,
        -0.058806344866752625,
        0.31754136085510254,
        0.7287123203277588,
        -0.30652785301208496,
        -0.7394284009933472,
        0.265398234128952,
        -0.22028884291648865,
        0.2966618835926056,
        -0.020515112206339836
    ],
    "right_hand_pose": [
        0.403094083070755,
        0.27303701639175415,
        0.30603834986686707,
        -1.6084531545639038,
        1.4112184047698975,
        0.40955352783203125,
        1.3144222497940063,
        -0.985064685344696,
        -0.9107109904289246,
        -1.2024829387664795,
        0.40185776352882385,
        -0.7344517111778259
    ],
    "jaw_pose": [
        -0.016594214364886284,
        0.016994263976812363,
        0.017950110137462616
    ],
    "leye_pose": [
        0.5964034795761108,
        0.5031017661094666,
        -0.8412488698959351
    ],
    "reye_pose": [
        -0.26463282108306885,
        0.2760777175426483,
        -0.18410195410251617
    ],
    "expression": [
        -0.24237336218357086,
        0.6445474028587341,
        0.16109848022460938,
        0.9162338972091675,
        -0.45947837829589844,
        0.04353136196732521,
        -0.1871613711118698,
        0.4835202097892761,
        0.11230900138616562,
        0.1448790431022644
    ]
}