{
    "betas": [
        0.7371994853019714,
        -0.6296922564506531,
        0.7291898131370544,
        -0.26262766122817993,
        0.22027744352817535,
        -0.2057027816772461,
        0.895566463470459,
        -1.004615306854248,
        -0.16411510109901428,
        -1.7816493511199951
    ],
    "global_orient": [
        -0.17641237378120422,
        0.21466492116451263,
        0.0908280536532402
    ],
    "body_pose": [
        0.0940469279885292,
        0.4585683047771454,
        -0.16986575722694397,
        -0.45783531665802,
        -0.4021981358528137,
        0.28078657388687134,
        0.15193705260753632,
        -0.1102890744805336,
        -0.047759708017110825,
        0.2597118318080902,
        -0.5512080192565918,
        0.007084788754582405,
        0.4844833314418793,
        0.15272358059883118,
        -0.0399395152926445,
        0.13626325130462646,
        -0.00377913611009717,
        -0.08589156717061996,
        -0.0704251378774643,
        -0.017626333981752396,
        4.082171471964102e-06,
        0.47829142212867737,
        -0.42974820733070374,
        -8.553645784559194e-06,
        -0.12266036123037338,
        -0.021679872646927834,
        0.038378480821847916,
        6.366344223351916e-06,
        3.130676759610651e-06,
        4.461696789803682e-06,
        -8.066711743026644e-09,
        -4.009448559827433e-07,
        -7.063564680720447e-06,
        0.02959965541958809,
        -0.03220611810684204,
        0.16742904484272003,
        -0.19171826541423798,
        0.02743963897228241,
        0.14218445122241974,
        -0.26105639338493347,
        0.01309206709265709,
        -0.13112516701221466,
        0.15787017345428467,
        -0.08793993294239044,
        -0.14170321822166443,
        -0.06711709499359131,
        -0.224192813038826,
        -0.07312159985303879,
        -0.009196354076266289,
        1.0297629833221436,
        0.37903186678886414,
        -0.08564634621143341,
        0.059818804264068604,
        -0.166338711977005,
        0.07361158728599548,
        1.7155450582504272,
        0.03176954761147499,
        0.315240740776062,
        0.0614728145301342,
        -0.14722469449043274,
        -0.015803394839167595,
        -0.03545039892196655,
        0.17870114743709564
    ],
    "transl": [
        0.24538616836071014,
        1.5868775844573975,
        -0.12412266433238983
    ],
    "left_hand_pose": [
        0.27949258685112,
        0.503271222114563,
        0.4740879237651825,
        0.10671351850032806,
        0.8381508588790894,
        0.6736151576042175,
        0.35413646697998047,
        -1.4232754707336426,
        -0.28818172216415405,
        -0.7105840444564819,
        0.944121241569519,
        0.40216782689094543
    ],
    "right_hand_pose": [
        0.17198903858661652,
        0.06977978348731995,
        0.15452390909194946,
        -1.2238596677780151,
        1.436801791191101,
        0.715836226940155,
        0.030633045360445976,
        -0.580345869064331,
        0.246420219540596,
        -0.7841169238090515,
        -0.1095220223069191,
        -0.9518429636955261
    ],
    "jaw_pose": [
        0.004303010646253824,
        0.010189822874963284,
        0.02726151794195175
    ],
    "leye_pose": [
        0.6575189232826233,
        0.6337512135505676,
        -0.29100024700164795
    ],
    "reye_pose": [
        -0.3317110538482666,
        0.14811763167381287,
        -0.4123553931713104
    ],
    "expression": [
        -0.46128469705581665,
        0.35415035486221313,
        0.39603152871131897,
        0.7444273233413696,
        -0.47480136156082153,
        -0.24793589115142822,
        -0.14003406465053558,
        0.5967974066734314,
        0.13983066380023956,
        0.06670994311571121
    ]
}