{
    "betas": [
        0.7545549273490906,
        -0.7894761562347412,
        0.9225975871086121,
        -0.7375373840332031,
        -0.08292152732610703,
        -0.0017641315935179591,
        0.5397363305091858,
        -0.7033624649047852,
        -0.14438149333000183,
        -1.8164855241775513
    ],
    "global_orient": [
        -0.15530888736248016,
        0.11917935311794281,
        -0.1451016515493393
    ],
    "body_pose": [
        0.03425348550081253,
        0.16151227056980133,
        0.06278354674577713,
        -0.4826236367225647,
        -0.5089770555496216,
        -0.07180031388998032,
        0.17478154599666595,
        -0.022549355402588844,
        0.017044685781002045,
        0.1926877796649933,
        -0.4523089826107025,
        -0.013056246563792229,
        0.7363470792770386,
        0.08993995934724808,
        -0.15765312314033508,
        0.13901813328266144,
        -0.04863681644201279,
        -0.00888587161898613,
        0.027882017195224762,
        0.17539800703525543,
        1.3677831702807453e-06,
        0.43089595437049866,
        -0.2131074070930481,
        -5.084767963126069e-06,
        -0.032744720578193665,
        -0.09901480376720428,
        0.1208856850862503,
        6.908585419296287e-06,
        2.675068571988959e-06,
        3.6951682886865456e-06,
        1.1997225328741479e-06,
        1.6464887266920414e-06,
        -1.2567542171382229e-06,
        -0.003858269890770316,
        0.005344705656170845,
        0.11511135846376419,
        -0.07453598082065582,
        0.29022249579429626,
        0.05254893749952316,
        -0.1626560091972351,
        -0.009033296257257462,
        -0.0279901884496212,
        0.24321526288986206,
        -0.06265560537576675,
        -0.04805409908294678,
        0.2173113077878952,
        -0.3258095383644104,
        -0.49172288179397583,
        -0.009293555282056332,
        0.7844252586364746,
        0.23523953557014465,
        -0.16012923419475555,
        -1.3518271446228027,
        0.5073534250259399,
        0.12397655099630356,
        0.9699578881263733,
        0.1170773133635521,
        0.31623998284339905,
        -0.26577872037887573,
        -0.026550687849521637,
        -0.025970611721277237,
        -0.09688715636730194,
        0.12295059114694595
    ],
    "transl": [
        0.20298054814338684,
        1.6168919801712036,
        -0.12618383765220642
    ],
    "left_hand_pose": [
        -0.0003677442145999521,
        0.2911682426929474,
        0.041618190705776215,
        0.2326730489730835,
        0.7004974484443665,
        1.095639705657959,
        -0.4851505756378174,
        -1.3880466222763062,
        0.0807080864906311,
        -0.3490816354751587,
        1.1931126117706299,
        0.18132953345775604
    ],
    "right_hand_pose": [
        0.3657146394252777,
        0.13471905887126923,
        0.40870800614356995,
        -1.3818461894989014,
        1.277109980583191,
        0.2085491418838501,
        1.0797686576843262,
        -0.6669427156448364,
        -0.13200174272060394,
        -1.1530429124832153,
        -0.04314834997057915,
        -1.5480514764785767
    ],
    "jaw_pose": [
        -0.014663094654679298,
        0.0042412169277668,
        0.030652061104774475
    ],
    "leye_pose": [
        0.6250903606414795,
        0.8042986989021301,
        -0.5293590426445007
    ],
    "reye_pose": [
        -0.2819116711616516,
        0.19099369645118713,
        -0.5660937428474426
    ],
    "expression": [
        -0.25064724683761597,
        0.6237346529960632,
        0.3855787217617035,
        1.0216004848480225,
        -0.39034944772720337,
        -0.0029315990395843983,
        -0.09271271526813507,
        0.6411414742469788,
        0.254595547914505,
        0.1975303739309311
    ]
}