{
    "betas": [
        0.5293458700180054,
        -0.22328516840934753,
        0.023743154481053352,
        -0.14050687849521637,
        0.1739065796136856,
        -0.038476426154375076,
        0.8916305899620056,
        -1.1894159317016602,
        -0.1439380794763565,
        -2.0937929153442383
    ],
    "global_orient": [
        -0.030767833814024925,
        0.9577735066413879,
        -0.08450628072023392
    ],
    "body_pose": [
        -0.12964318692684174,
        0.05043608695268631,
        -0.00026216008700430393,
        0.2204124480485916,
        0.5435066819190979,
        0.002937551587820053,
        -0.03952763229608536,
        0.18116925656795502,
        0.06019531562924385,
        0.17934563755989075,
        -0.8185888528823853,
        0.04237653687596321,
        0.20278601348400116,
        0.029035169631242752,
        0.08294162899255753,
        0.12567304074764252,
        0.10660123080015182,
        -0.038261376321315765,
        0.023938560858368874,
        -0.2603403925895691,
        -1.7868251234176569e-06,
        0.31252750754356384,
        -0.39344438910484314,
        -3.097044100286439e-06,
        -0.12484298646450043,
        -0.04166542738676071,
        0.011279957368969917,
        6.449904503824655e-06,
        4.1559083001629915e-06,
        1.8363917888564174e-06,
        6.661027782683959e-07,
        2.7434073217591504e-06,
        -1.5649581541765656e-07,
        0.07322957366704941,
        -0.4721314311027527,
        0.1472114771604538,
        -0.2652375400066376,
        0.06844773888587952,
        0.09048358350992203,
        -0.4547734558582306,
        0.10655514895915985,
        -0.14860372245311737,
        0.15489117801189423,
        -0.4663631021976471,
        -0.023621533066034317,
        -0.15801097452640533,
        -0.10316967964172363,
        -0.17507806420326233,
        -0.36901921033859253,
        0.20075646042823792,
        -0.016413632780313492,
        -0.1657533049583435,
        -0.04450395330786705,
        -0.05726763606071472,
        -0.36540594696998596,
        -0.07825066149234772,
        0.02719290368258953,
        0.044471025466918945,
        0.05456249415874481,
        -0.1102866679430008,
        -0.0979628935456276,
        -0.1587378978729248,
        0.10713222622871399
    ],
    "transl": [
        0.2028345912694931,
        1.6134194135665894,
        -0.10006963461637497
    ],
    "left_hand_pose": [
        -2.1284401416778564,
        1.3472055196762085,
        -0.6245808601379395,
        -2.1989638805389404,
        0.7957562208175659,
        2.7731614112854004,
        0.24894729256629944,
        -1.6846520900726318,
        -1.4065043926239014,
        -0.7322371602058411,
        -0.03698429837822914,
        -1.107006549835205
    ],
    "right_hand_pose": [
        -2.6888041496276855,
        0.7767069935798645,
        -1.2108519077301025,
        -1.2114291191101074,
        2.467758893966675,
        -0.30708277225494385,
        0.4123297333717346,
        2.3773906230926514,
        -1.3271244764328003,
        -1.1948171854019165,
        2.928406238555908,
        -1.3007959127426147
    ],
    "jaw_pose": [
        0.16557058691978455,
        -0.0047922637313604355,
        0.044461440294981
    ],
    "leye_pose": [
        0.3694954812526703,
        0.7290995717048645,
        0.29683738946914673
    ],
    "reye_pose": [
        -0.16128025949001312,
        -1.1811771392822266,
        -3.480219841003418
    ],
    "expression": [
        0.2757662832736969,
        -0.3588256239891052,
        0.11296582221984863,
        -0.05531536415219307,
        -0.47008320689201355,
        -0.32708919048309326,
        0.004707145504653454,
        0.8806920647621155,
        -0.20965637266635895,
        0.03698066249489784
    ]
}