{
    "betas": [
        0.8805457949638367,
        -0.5645820498466492,
        0.9165543913841248,
        -0.5230542421340942,
        0.36145448684692383,
        -0.2535496652126312,
        1.196221947669983,
        -1.0904085636138916,
        -0.00039585819467902184,
        -1.804539680480957
    ],
    "global_orient": [
        -0.2101573944091797,
        0.12710000574588776,
        0.1374465972185135
    ],
    "body_pose": [
        0.1344742476940155,
        0.14272864162921906,
        -0.26039502024650574,
        -0.43979376554489136,
        -0.7630944848060608,
        0.23883166909217834,
        0.19850370287895203,
        0.14671407639980316,
        -0.029106615111231804,
        0.20678836107254028,
        -0.290662556886673,
        0.007048753555864096,
        0.5083977580070496,
        0.20001132786273956,
        -0.09466160088777542,
        0.12658526003360748,
        0.08074057102203369,
        -0.004489378537982702,
        -0.05173283442854881,
        0.13958561420440674,
        6.406696229532827e-06,
        0.48906195163726807,
        -0.496501624584198,
        -5.3019498409412336e-06,
        -0.07243409752845764,
        -0.007057701237499714,
        0.0395997017621994,
        4.668002929975046e-06,
        4.671679562306963e-06,
        6.211742856976343e-06,
        -6.263366572056839e-07,
        -1.5666912531742128e-06,
        -4.175667072559008e-06,
        -0.05074632912874222,
        -0.1251080483198166,
        0.09434505552053452,
        -0.10108045488595963,
        0.18594251573085785,
        0.04963730648159981,
        -0.2294275164604187,
        0.267469197511673,
        -0.038085490465164185,
        0.1201622262597084,
        -0.16798031330108643,
        -0.04367643967270851,
        -0.05340885743498802,
        0.06428098678588867,
        -0.12459536641836166,
        -0.06409457325935364,
        1.0601856708526611,
        -0.07019074261188507,
        -0.03908956050872803,
        0.11693734675645828,
        -0.17069068551063538,
        0.008111920207738876,
        1.5775922536849976,
        -0.05145744979381561,
        0.06765715777873993,
        0.09624381363391876,
        -0.06009664759039879,
        -0.12226083874702454,
        0.13603447377681732,
        0.27600330114364624
    ],
    "transl": [
        0.214567631483078,
        1.5860214233398438,
        -0.12371828407049179
    ],
    "left_hand_pose": [
        0.08477387577295303,
        0.25256574153900146,
        0.07321996986865997,
        -0.2764572203159332,
        0.5781397223472595,
        0.5702902674674988,
        -0.06526046246290207,
        -1.0452537536621094,
        0.08682098239660263,
        -0.559563934803009,
        0.5070685744285583,
        -0.3528319001197815
    ],
    "right_hand_pose": [
        0.182392418384552,
        0.5668250322341919,
        0.5561302304267883,
        -1.356305480003357,
        1.3505730628967285,
        -0.1098862737417221,
        1.50095796585083,
        -1.0615508556365967,
        0.5308966636657715,
        -1.609510898590088,
        0.9752410054206848,
        -2.3489770889282227
    ],
    "jaw_pose": [
        0.0042365845292806625,
        0.010492688976228237,
        0.04631446301937103
    ],
    "leye_pose": [
        0.8270188570022583,
        0.5893421769142151,
        -0.49104899168014526
    ],
    "reye_pose": [
        -0.1912948340177536,
        0.48947709798812866,
        -0.5041940808296204
    ],
    "expression": [
        -0.7738099098205566,
        -0.31307005882263184,
        -0.041886113584041595,
        0.6167769432067871,
        -0.6577610373497009,
        -0.15751959383487701,
        -0.2517106235027313,
        0.8866018652915955,
        0.2419874370098114,
        0.15881142020225525
    ]
}