{
    "betas": [
        1.001917839050293,
        -0.34799614548683167,
        0.6071873307228088,
        -0.193747416138649,
        0.2356819361448288,
        -0.15781112015247345,
        0.19415050745010376,
        -0.8453194499015808,
        -0.7418999671936035,
        -2.1760263442993164
    ],
    "global_orient": [
        -0.13552641868591309,
        -0.05522632226347923,
        -0.09233345836400986
    ],
    "body_pose": [
        -0.15959833562374115,
        0.340268611907959,
        0.03715640679001808,
        -0.16587115824222565,
        -0.17695637047290802,
        0.041950926184654236,
        0.02596411667764187,
        0.04692574590444565,
        0.03400947153568268,
        0.5922638177871704,
        -0.3926839828491211,
        0.1528346985578537,
        0.5699018836021423,
        0.09795509278774261,
        -0.0961887314915657,
        0.25553444027900696,
        0.04957430809736252,
        -0.03830970078706741,
        -0.20310379564762115,
        0.10564715415239334,
        3.853182988677872e-06,
        -0.07048559188842773,
        -0.21696963906288147,
        -2.5770420961634954e-06,
        -0.007874728180468082,
        -0.08774913102388382,
        0.07393541932106018,
        4.270402769179782e-06,
        3.2255688893201295e-06,
        5.58902229386149e-06,
        -1.4946441240226704e-07,
        8.734693324186082e-07,
        -9.859066096851166e-08,
        0.16233313083648682,
        0.07995520532131195,
        0.10043232887983322,
        -0.27144256234169006,
        -0.1088695079088211,
        0.25847288966178894,
        -0.25000232458114624,
        -0.09266170114278793,
        -0.12727810442447662,
        0.3472159802913666,
        -0.0585770420730114,
        -0.0848466083407402,
        -0.19286830723285675,
        -0.39473235607147217,
        0.060596928000450134,
        -0.30309829115867615,
        0.4840470254421234,
        -0.15641237795352936,
        -0.3919055163860321,
        -0.5587647557258606,
        0.4800965189933777,
        -0.3051653504371643,
        1.093591332435608,
        -1.3286001682281494,
        0.007060560863465071,
        0.022736098617315292,
        -0.15630534291267395,
        -0.7467721104621887,
        -0.040934816002845764,
        -0.3003215193748474
    ],
    "transl": [
        0.11097825318574905,
        1.5588006973266602,
        -0.09415042400360107
    ],
    "left_hand_pose": [
        -3.491060733795166,
        0.24609051644802094,
        -2.1785356998443604,
        -1.3871169090270996,
        -1.7861049175262451,
        3.5795979499816895,
        -1.4580399990081787,
        0.019156554713845253,
        3.015742540359497,
        0.7858988046646118,
        3.2688305377960205,
        -5.764263153076172
    ],
    "right_hand_pose": [
        -3.5049450397491455,
        1.048905372619629,
        0.6170274019241333,
        -1.3043651580810547,
        -1.5327383279800415,
        1.5357661247253418,
        1.0101696252822876,
        -1.0442231893539429,
        -0.8645514845848083,
        0.6621662974357605,
        4.962157726287842,
        -0.4703410565853119
    ],
    "jaw_pose": [
        -0.0101712541654706,
        -0.00025067353271879256,
        0.00810167659074068
    ],
    "leye_pose": [
        -0.06756505370140076,
        0.43325117230415344,
        1.0452299118041992
    ],
    "reye_pose": [
        0.0982375219464302,
        0.09847497195005417,
        -2.1170146465301514
    ],
    "expression": [
        -0.018753940239548683,
        0.3619477450847626,
        0.4070326089859009,
        0.823606550693512,
        -0.17947420477867126,
        -0.19104142487049103,
        -0.059818085283041,
        0.29298198223114014,
        -0.18068331480026245,
        0.1866590827703476
    ]
}