{
    "betas": [
        0.761479377746582,
        -0.5906732678413391,
        0.8947843313217163,
        -0.30260270833969116,
        0.20238131284713745,
        -0.10384558141231537,
        1.0025713443756104,
        -0.8153715133666992,
        -0.49189263582229614,
        -2.0676207542419434
    ],
    "global_orient": [
        -0.12571635842323303,
        0.39305081963539124,
        -0.12823589146137238
    ],
    "body_pose": [
        -0.05187780782580376,
        0.2026604562997818,
        0.007892679423093796,
        -0.4620470702648163,
        -0.06930398941040039,
        -0.010789887979626656,
        0.14476296305656433,
        -0.1739502251148224,
        0.0959097295999527,
        0.2414904534816742,
        -0.6494792103767395,
        0.03663262724876404,
        0.8590726852416992,
        0.2741577625274658,
        -0.2190338522195816,
        0.09262112528085709,
        -0.09396704286336899,
        -0.04425662010908127,
        0.08713987469673157,
        -0.030242180451750755,
        -8.887983540262212e-07,
        0.5531279444694519,
        -0.024705883115530014,
        2.408854015811812e-06,
        -0.03916364908218384,
        -0.1131308451294899,
        0.023098492994904518,
        5.154639893589774e-06,
        2.884063405872439e-06,
        3.83756650990108e-06,
        -1.5540572917416284e-07,
        1.9027470443688799e-06,
        1.1388839027404174e-07,
        0.018055707216262817,
        0.017113402485847473,
        0.06419651210308075,
        -0.1284106969833374,
        0.1393464207649231,
        0.0957346111536026,
        -0.11329427361488342,
        -0.06246038153767586,
        0.049948543310165405,
        0.18247054517269135,
        -0.06161297485232353,
        -0.05298064649105072,
        0.1972576379776001,
        -0.409680038690567,
        -0.11715047806501389,
        -0.013632952235639095,
        0.42286548018455505,
        0.13255126774311066,
        -0.13213644921779633,
        -1.0046881437301636,
        0.2157098799943924,
        0.02947203814983368,
        0.6627088189125061,
        0.047058604657649994,
        0.43245065212249756,
        -0.19259335100650787,
        -0.0633755475282669,
        -0.02444492280483246,
        -0.16383589804172516,
        0.15926682949066162
    ],
    "transl": [
        0.22795470058918,
        1.614778757095337,
        -0.13791945576667786
    ],
    "left_hand_pose": [
        0.14162136614322662,
        0.15488536655902863,
        0.2130586802959442,
        -0.397215336561203,
        1.2008967399597168,
        1.084367275238037,
        -0.23558223247528076,
        -1.5124614238739014,
        -0.25334039330482483,
        -0.7942101955413818,
        0.9810472726821899,
        -0.3061197102069855
    ],
    "right_hand_pose": [
        0.09956421703100204,
        -0.09842643141746521,
        0.20207646489143372,
        -1.2521430253982544,
        1.3429697751998901,
        0.6610472202301025,
        0.5097897052764893,
        -0.8441738486289978,
        -0.022108640521764755,
        -1.0538283586502075,
        0.13576756417751312,
        -1.4197371006011963
    ],
    "jaw_pose": [
        0.019230112433433533,
        0.015422174707055092,
        0.031062953174114227
    ],
    "leye_pose": [
        0.6082649230957031,
        0.8677118420600891,
        -0.22168071568012238
    ],
    "reye_pose": [
        -0.5513440370559692,
        0.25897499918937683,
        -0.42201781272888184
    ],
    "expression": [
        -0.4507063627243042,
        0.6192246675491333,
        0.43205490708351135,
        0.754252552986145,
        -0.37507039308547974,
        -0.14584259688854218,
        -0.20633111894130707,
        0.7086507678031921,
        0.16024696826934814,
        -0.014323832467198372
    ]
}