{
    "betas": [
        0.9882218241691589,
        -0.4513912796974182,
        0.6457894444465637,
        -0.5186286568641663,
        0.24971690773963928,
        -0.16492053866386414,
        0.16767188906669617,
        -0.9630117416381836,
        -0.787897527217865,
        -2.139570713043213
    ],
    "global_orient": [
        -0.13000991940498352,
        -0.05961643159389496,
        -0.0946546196937561
    ],
    "body_pose": [
        -0.14276938140392303,
        0.36403706669807434,
        0.06758447736501694,
        -0.13380275666713715,
        0.02106860838830471,
        0.03572326526045799,
        0.01959802210330963,
        0.0795009508728981,
        0.06620896607637405,
        0.544044554233551,
        -0.39506059885025024,
        0.11291856318712234,
        0.5212364196777344,
        0.02019232138991356,
        -0.0014017978683114052,
        0.19427438080310822,
        0.027256783097982407,
        -0.06754361838102341,
        -0.17721958458423615,
        0.0713745653629303,
        3.1136432880884968e-06,
        -0.07398764044046402,
        -0.3420747220516205,
        -2.9134107535355724e-06,
        -0.028804782778024673,
        -0.13134752213954926,
        0.026361269876360893,
        4.552237896859879e-06,
        3.582350245778798e-06,
        5.507291461981367e-06,
        -5.63994717595051e-07,
        1.3110465033605578e-06,
        8.537001860986493e-08,
        0.16357895731925964,
        0.18977034091949463,
        0.04481781646609306,
        -0.2857177257537842,
        -0.03700469806790352,
        0.2634384036064148,
        -0.26721471548080444,
        -0.03774761036038399,
        -0.05264122784137726,
        0.3448958098888397,
        -0.05429023131728172,
        -0.10524065792560577,
        -0.17946462333202362,
        -0.484239399433136,
        0.10551353543996811,
        -0.23817361891269684,
        0.3776983916759491,
        -0.07504516839981079,
        -0.5936664342880249,
        -0.7047882080078125,
        0.5400984883308411,
        -0.33148789405822754,
        0.8597365617752075,
        -1.1539469957351685,
        -0.04501352831721306,
        -0.045197729021310806,
        0.2107892781496048,
        -0.8397510051727295,
        -0.097869373857975,
        -0.35005566477775574
    ],
    "transl": [
        0.11263496428728104,
        1.5661431550979614,
        -0.09772077947854996
    ],
    "left_hand_pose": [
        -3.9873273372650146,
        0.4754233956336975,
        -1.7315651178359985,
        -0.9406883120536804,
        -2.5998432636260986,
        3.0761282444000244,
        -0.6514405608177185,
        0.35667651891708374,
        2.7720062732696533,
        1.0665029287338257,
        4.256953716278076,
        -5.432316780090332
    ],
    "right_hand_pose": [
        -3.5397820472717285,
        0.9953284859657288,
        0.21534611284732819,
        -1.2328115701675415,
        -1.6266051530838013,
        2.0059621334075928,
        1.036194086074829,
        -0.9470301866531372,
        -0.20119644701480865,
        0.5936563014984131,
        4.544070720672607,
        -1.2585285902023315
    ],
    "jaw_pose": [
        -0.014922681264579296,
        -0.00473701162263751,
        0.04725431278347969
    ],
    "leye_pose": [
        -0.3943447768688202,
        0.5902394652366638,
        0.9466015100479126
    ],
    "reye_pose": [
        -0.439513236284256,
        0.21942973136901855,
        -0.8794764876365662
    ],
    "expression": [
        0.17923244833946228,
        0.4023478031158447,
        -0.22600986063480377,
        0.7910377979278564,
        -0.24745593965053558,
        0.10280736535787582,
        -0.30201664566993713,
        0.6469388008117676,
        -0.04655599966645241,
        0.16258670389652252
    ]
}