{
    "betas": [
        0.6720578670501709,
        -0.4122944176197052,
        0.7454167604446411,
        -0.5632947683334351,
        0.33659908175468445,
        -0.05852152407169342,
        0.5881437659263611,
        -0.9830396175384521,
        -0.2073480635881424,
        -1.8280333280563354
    ],
    "global_orient": [
        -0.04613816365599632,
        0.19998697936534882,
        -0.11591609567403793
    ],
    "body_pose": [
        -0.29911309480667114,
        0.4092603921890259,
        -0.013965127058327198,
        0.021848198026418686,
        0.3987876772880554,
        -0.09347392618656158,
        0.12423401325941086,
        0.0425814650952816,
        -0.042204294353723526,
        0.5452954769134521,
        -0.6597934365272522,
        0.037940554320812225,
        0.21827757358551025,
        0.021685883402824402,
        -0.00816213060170412,
        0.11739924550056458,
        -0.003991281148046255,
        -0.07050228863954544,
        -0.14076144993305206,
        -0.04436280205845833,
        6.2853155213815626e-06,
        0.15294969081878662,
        -0.49587783217430115,
        -2.468415232215193e-06,
        -0.04593799263238907,
        -0.11817225068807602,
        0.027897482737898827,
        9.377830792800523e-06,
        4.887356226390693e-06,
        6.478844170487719e-06,
        1.74743547631806e-06,
        2.1791408926219447e-06,
        -2.992077838825935e-07,
        -0.17050063610076904,
        -0.03797667473554611,
        0.1807958483695984,
        -0.04339468851685524,
        0.16157124936580658,
        0.12608635425567627,
        -0.25892260670661926,
        -0.13001833856105804,
        0.13212500512599945,
        0.1856202930212021,
        -0.07512123137712479,
        -0.1303684115409851,
        0.16499312222003937,
        -0.4508163034915924,
        -0.10932277888059616,
        -0.474040687084198,
        -0.04797044396400452,
        0.3035063147544861,
        -0.11345423758029938,
        -1.6849859952926636,
        0.8968402743339539,
        -0.6303150653839111,
        -0.060179196298122406,
        -0.1397048383951187,
        0.2097947746515274,
        -0.3837742209434509,
        -0.11684472858905792,
        -0.553469717502594,
        -0.25698739290237427,
        -0.00757393566891551
    ],
    "transl": [
        0.2067713439464569,
        1.5792638063430786,
        -0.14068065583705902
    ],
    "left_hand_pose": [
        -3.0097765922546387,
        1.4827194213867188,
        -0.7235502600669861,
        -3.0418384075164795,
        1.1283000707626343,
        2.6840832233428955,
        0.8543248772621155,
        -1.6848437786102295,
        0.4623526334762573,
        1.053920030593872,
        2.226607322692871,
        1.9772908687591553
    ],
    "right_hand_pose": [
        -2.3500423431396484,
        2.356822967529297,
        -1.140410304069519,
        -3.0196666717529297,
        1.113471269607544,
        3.037524461746216,
        0.6408648490905762,
        -2.019908905029297,
        -1.4813190698623657,
        -1.272209644317627,
        1.5277405977249146,
        -2.111231565475464
    ],
    "jaw_pose": [
        0.044694412499666214,
        -0.003418320557102561,
        0.04587435722351074
    ],
    "leye_pose": [
        0.289652019739151,
        0.7401835322380066,
        0.030191022902727127
    ],
    "reye_pose": [
        -0.6840007901191711,
        0.3144996464252472,
        -0.3641097843647003
    ],
    "expression": [
        -0.8237084746360779,
        0.9288370013237,
        0.211592435836792,
        0.3270851671695709,
        -0.22540844976902008,
        0.22859270870685577,
        -0.048894669860601425,
        0.7732563614845276,
        0.23546820878982544,
        -0.11425493657588959
    ]
}