{
    "betas": [
        0.7534135580062866,
        -0.6354552507400513,
        0.7994496822357178,
        -0.4365789592266083,
        0.07443103194236755,
        -0.20230378210544586,
        1.0988914966583252,
        -0.8004096150398254,
        -0.061825841665267944,
        -1.955707311630249
    ],
    "global_orient": [
        -0.18581098318099976,
        0.21231316030025482,
        0.04988331347703934
    ],
    "body_pose": [
        0.08552803099155426,
        0.42641279101371765,
        -0.12977732717990875,
        -0.5193929672241211,
        -0.5684821009635925,
        0.20232677459716797,
        0.18166759610176086,
        -0.13584037125110626,
        -0.007775774225592613,
        0.24609461426734924,
        -0.5484621524810791,
        -0.005837162956595421,
        0.6221247315406799,
        0.3819027543067932,
        0.10707034170627594,
        0.12433630973100662,
        0.00647773826494813,
        -0.07227485626935959,
        -0.03942202404141426,
        -0.009120721369981766,
        2.8551207833515946e-06,
        0.6490575075149536,
        -0.11511258035898209,
        -2.4196008325816365e-06,
        -0.10250353068113327,
        0.007694687694311142,
        0.04072016477584839,
        5.510793016583193e-06,
        3.3751512091839686e-06,
        3.8130092434585094e-06,
        2.301381528013735e-06,
        1.303535896113317e-06,
        -1.561729732202366e-06,
        0.02661675214767456,
        -0.06135302037000656,
        0.1564645618200302,
        -0.2248283475637436,
        0.029702860862016678,
        0.08098261058330536,
        -0.194780170917511,
        0.3128264844417572,
        0.11754463613033295,
        0.11592704057693481,
        -0.1348230391740799,
        -0.059425562620162964,
        -0.07503072172403336,
        -0.15686702728271484,
        -0.1088578999042511,
        -0.04142001271247864,
        1.0190168619155884,
        0.135818749666214,
        -0.20348964631557465,
        -0.10543463379144669,
        -0.1304711550474167,
        0.04650649055838585,
        1.8055312633514404,
        0.17454423010349274,
        0.26465198397636414,
        0.0952150821685791,
        -0.1406852751970291,
        -0.12373322993516922,
        0.16961756348609924,
        0.27402088046073914
    ],
    "transl": [
        0.24213798344135284,
        1.5914819240570068,
        -0.13015106320381165
    ],
    "left_hand_pose": [
        0.09941516816616058,
        0.20864306390285492,
        0.1550135314464569,
        0.49632006883621216,
        0.9144128561019897,
        1.0614278316497803,
        -0.669747531414032,
        -1.5551674365997314,
        0.1997789591550827,
        -0.4162750840187073,
        1.0667707920074463,
        0.09574785083532333
    ],
    "right_hand_pose": [
        0.2890286147594452,
        0.5849850177764893,
        0.29857486486434937,
        -1.7917935848236084,
        1.6402828693389893,
        -0.04114387184381485,
        1.010979413986206,
        -1.0767003297805786,
        -0.746125340461731,
        -2.077747106552124,
        0.47450509667396545,
        -4.093286037445068
    ],
    "jaw_pose": [
        -0.011110024526715279,
        0.012677900493144989,
        0.03397919237613678
    ],
    "leye_pose": [
        0.8781752586364746,
        0.7561772465705872,
        -0.44879746437072754
    ],
    "reye_pose": [
        -0.37494030594825745,
        0.4534519612789154,
        -0.722033679485321
    ],
    "expression": [
        -0.6002622246742249,
        0.3777952194213867,
        0.3198208212852478,
        1.154463529586792,
        -0.6052260398864746,
        -0.17401574552059174,
        -0.2884891629219055,
        0.842510461807251,
        0.2595066726207733,
        0.22921402752399445
    ]
}