{
    "betas": [
        0.6017646789550781,
        -0.3205294609069824,
        0.5990145206451416,
        -0.14297303557395935,
        0.580939531326294,
        -0.23074501752853394,
        1.1350915431976318,
        -0.648206353187561,
        0.05021989718079567,
        -1.54571533203125
    ],
    "global_orient": [
        -0.14983314275741577,
        0.17378880083560944,
        -0.031564246863126755
    ],
    "body_pose": [
        0.010357702150940895,
        0.16080626845359802,
        -0.09129197150468826,
        -0.3354590833187103,
        -0.22439716756343842,
        0.05653414502739906,
        0.10654470324516296,
        -0.01683351770043373,
        0.020501166582107544,
        0.2118237465620041,
        -0.6149967312812805,
        0.02711540274322033,
        0.7907183170318604,
        0.14002686738967896,
        -0.15026548504829407,
        0.22070632874965668,
        -0.005572947673499584,
        -0.011523464694619179,
        0.03749377280473709,
        0.32691752910614014,
        5.256748863757821e-06,
        0.26898831129074097,
        -0.4833581745624542,
        -5.70761039853096e-06,
        -0.09744013100862503,
        -0.027067141607403755,
        0.03855511546134949,
        8.227693797380198e-06,
        5.0423573156876955e-06,
        7.623191322636558e-06,
        -6.02106922542589e-07,
        1.8000432646658737e-06,
        -2.4640817173349205e-06,
        -0.07561030983924866,
        0.011848892085254192,
        0.07668899744749069,
        -0.15684805810451508,
        0.14676082134246826,
        0.10107741504907608,
        -0.17231419682502747,
        0.07138731330633163,
        -0.024510901421308517,
        0.12507076561450958,
        -0.09958984702825546,
        -0.060667235404253006,
        0.0129091776907444,
        -0.05349355563521385,
        -0.21426630020141602,
        -0.1944332718849182,
        0.36867228150367737,
        0.087993323802948,
        -0.06080145388841629,
        -0.07152001559734344,
        -0.13180677592754364,
        -0.012878657318651676,
        0.3537755310535431,
        0.0063773407600820065,
        0.44743600487709045,
        0.04071079567074776,
        -0.10081900656223297,
        -0.0006004839087836444,
        -0.14328019320964813,
        0.10503344982862473
    ],
    "transl": [
        0.18947309255599976,
        1.6090283393859863,
        -0.15465094149112701
    ],
    "left_hand_pose": [
        0.26365435123443604,
        0.4921281337738037,
        0.16013839840888977,
        -0.5707752108573914,
        0.8230851888656616,
        0.4457958936691284,
        0.7028346061706543,
        -1.1994720697402954,
        -1.1645947694778442,
        -0.9712949991226196,
        0.8450168967247009,
        0.3888060748577118
    ],
    "right_hand_pose": [
        0.07443360984325409,
        0.32769131660461426,
        0.1228601261973381,
        -0.7121878862380981,
        0.6270352602005005,
        0.43331989645957947,
        0.5026058554649353,
        -0.6237199902534485,
        -0.05725688114762306,
        -0.48038622736930847,
        0.76209956407547,
        -0.5027397871017456
    ],
    "jaw_pose": [
        -0.0004663968284148723,
        0.018446752801537514,
        0.04010225832462311
    ],
    "leye_pose": [
        0.36070048809051514,
        0.4885219633579254,
        -0.003775765420868993
    ],
    "reye_pose": [
        -0.32801711559295654,
        0.27758824825286865,
        -0.23865891993045807
    ],
    "expression": [
        -0.08038675040006638,
        0.290783166885376,
        0.25346294045448303,
        0.6710397005081177,
        -0.5720459818840027,
        0.016843274235725403,
        -0.2313954085111618,
        0.6719905734062195,
        0.09970451891422272,
        0.018641969189047813
    ]
}