{
    "betas": [
        1.1451525688171387,
        -0.4013601243495941,
        0.6825164556503296,
        -0.29723334312438965,
        0.17360059916973114,
        -0.18056324124336243,
        0.15606063604354858,
        -0.9584070444107056,
        -0.6581559777259827,
        -2.2483506202697754
    ],
    "global_orient": [
        -0.14940834045410156,
        0.012588264420628548,
        -0.0982658863067627
    ],
    "body_pose": [
        -0.22174546122550964,
        0.4591379761695862,
        0.032797910273075104,
        -0.19542105495929718,
        -0.2618929147720337,
        0.04837090149521828,
        0.05088198930025101,
        -0.022925445809960365,
        0.031641535460948944,
        0.6597998738288879,
        -0.4854857921600342,
        0.2390056848526001,
        0.6448293328285217,
        0.0951559841632843,
        -0.1309622973203659,
        0.31380438804626465,
        0.022184714674949646,
        -0.06327368319034576,
        -0.22742825746536255,
        -0.011286839842796326,
        2.4969601781776873e-06,
        -0.08708783984184265,
        -0.21469219028949738,
        -5.656408461618412e-07,
        -0.03664879500865936,
        -0.07595337927341461,
        0.021382413804531097,
        3.285420689280727e-06,
        2.6414866169943707e-06,
        6.277631655393634e-06,
        -1.7363670394843211e-06,
        9.145613830696675e-07,
        8.254822319031518e-07,
        0.15618638694286346,
        0.18107819557189941,
        0.09312760084867477,
        -0.2816013991832733,
        -0.055015552788972855,
        0.3096350133419037,
        -0.25693362951278687,
        -0.032368291169404984,
        -0.05534174293279648,
        0.34403371810913086,
        -0.17807158827781677,
        -0.08246399462223053,
        -0.18345066905021667,
        -0.545763373374939,
        0.12489438056945801,
        -0.2607751786708832,
        0.29927492141723633,
        -0.06269130110740662,
        -0.5756283402442932,
        -0.7774996757507324,
        0.5567554831504822,
        -0.30806711316108704,
        0.973728358745575,
        -1.0358623266220093,
        0.13291382789611816,
        -0.10470221191644669,
        0.2549859583377838,
        -0.8015955090522766,
        -0.07144750654697418,
        -0.30691391229629517
    ],
    "transl": [
        0.1107402965426445,
        1.5450280904769897,
        -0.09923441708087921
    ],
    "left_hand_pose": [
        -3.9093210697174072,
        0.46690064668655396,
        -1.758979082107544,
        -1.193014144897461,
        -2.3905441761016846,
        3.0220046043395996,
        -0.8072795867919922,
        0.1526251584291458,
        2.4019365310668945,
        0.9435575008392334,
        3.7758877277374268,
        -5.2481818199157715
    ],
    "right_hand_pose": [
        -3.4365251064300537,
        1.1833745241165161,
        0.08297310769557953,
        -1.5003554821014404,
        -1.317884087562561,
        1.936921238899231,
        1.0077115297317505,
        -0.8985230922698975,
        -0.41117411851882935,
        0.42554983496665955,
        4.18623685836792,
        -1.2482339143753052
    ],
    "jaw_pose": [
        -0.011523894034326077,
        -0.015141037292778492,
        0.04522185027599335
    ],
    "leye_pose": [
        -0.2982137203216553,
        0.7174288630485535,
        0.7740405201911926
    ],
    "reye_pose": [
        -0.0488688200712204,
        0.8275315165519714,
        -1.7880165576934814
    ],
    "expression": [
        -0.1798740178346634,
        0.45405957102775574,
        0.08495252579450607,
        0.7604308128356934,
        -0.1494605541229248,
        0.05302709341049194,
        -0.2614177167415619,
        0.5983506441116333,
        -0.12288491427898407,
        0.04988211393356323
    ]
}