{
    "betas": [
        0.8923410773277283,
        -0.6597127914428711,
        0.9149458408355713,
        -0.6985788345336914,
        0.08371748775243759,
        -0.17662584781646729,
        1.275960922241211,
        -1.073550820350647,
        -0.0028447869699448347,
        -1.9462542533874512
    ],
    "global_orient": [
        -0.14835743606090546,
        0.1307523548603058,
        0.08173863589763641
    ],
    "body_pose": [
        0.07113230973482132,
        0.30814406275749207,
        -0.20595985651016235,
        -0.4703403413295746,
        -0.6051305532455444,
        0.25197142362594604,
        0.21091315150260925,
        -0.012080327607691288,
        0.0012504737824201584,
        0.26398488879203796,
        -0.4258541464805603,
        0.04680579528212547,
        0.5580176711082458,
        0.29811686277389526,
        0.015071723610162735,
        0.08307206630706787,
        0.008416618220508099,
        -0.04899153485894203,
        -0.0662570521235466,
        0.11517147719860077,
        4.837733285967261e-06,
        0.5497932434082031,
        -0.11432105302810669,
        -1.8357030739934999e-06,
        -0.07266296446323395,
        -0.002622137079015374,
        0.04278982803225517,
        3.299541731394129e-06,
        3.786752131418325e-06,
        4.5566525841422845e-06,
        3.462682940380546e-08,
        7.094708962540608e-07,
        -1.4977202908994514e-06,
        0.031408898532390594,
        -0.08478062599897385,
        0.1353137046098709,
        -0.12908753752708435,
        0.169035866856575,
        0.03226784989237785,
        -0.23403824865818024,
        0.2984270751476288,
        0.08227948099374771,
        0.21442604064941406,
        -0.0729573592543602,
        -0.06987166404724121,
        -0.059854064136743546,
        -0.05724458396434784,
        -0.23555278778076172,
        -0.04601523280143738,
        1.0745466947555542,
        0.22479112446308136,
        -0.09944921731948853,
        -0.31497275829315186,
        -0.0718628317117691,
        0.027642251923680305,
        1.6248283386230469,
        0.10332286357879639,
        0.17768080532550812,
        0.03750987350940704,
        -0.049185335636138916,
        -0.12965679168701172,
        0.22376233339309692,
        0.24050825834274292
    ],
    "transl": [
        0.22519345581531525,
        1.5870107412338257,
        -0.09975193440914154
    ],
    "left_hand_pose": [
        0.059151340276002884,
        0.17916499078273773,
        0.055811017751693726,
        -0.05855660140514374,
        0.7096105217933655,
        0.744037389755249,
        -0.3529490530490875,
        -1.1991349458694458,
        0.11868806183338165,
        -0.49295902252197266,
        0.7632411122322083,
        -0.4204193949699402
    ],
    "right_hand_pose": [
        0.30510568618774414,
        0.6145100593566895,
        0.4326927363872528,
        -1.3353604078292847,
        1.1046236753463745,
        -0.08790265768766403,
        1.1864720582962036,
        -0.815570056438446,
        -0.9718203544616699,
        -2.1318275928497314,
        -0.01812121644616127,
        -4.244082450866699
    ],
    "jaw_pose": [
        -0.0030764758121222258,
        -0.002717793919146061,
        0.03580672666430473
    ],
    "leye_pose": [
        0.7799654006958008,
        1.0835932493209839,
        -0.7163907885551453
    ],
    "reye_pose": [
        -0.40273210406303406,
        0.47499608993530273,
        -0.4431421160697937
    ],
    "expression": [
        -1.1478580236434937,
        0.35593512654304504,
        0.22434352338314056,
        1.3345024585723877,
        -0.5285454392433167,
        -0.08393482118844986,
        -0.2106667459011078,
        0.7571797966957092,
        0.3200865387916565,
        0.29643338918685913
    ]
}