{
    "betas": [
        0.8519979119300842,
        -0.5628388524055481,
        0.8385753631591797,
        -0.5750105381011963,
        0.15131202340126038,
        -0.09202972799539566,
        0.9736876487731934,
        -0.8839688301086426,
        -0.043305955827236176,
        -2.146918773651123
    ],
    "global_orient": [
        -0.02770809642970562,
        0.1623510718345642,
        -0.1667361557483673
    ],
    "body_pose": [
        -0.1623208373785019,
        0.21501468122005463,
        0.015359827317297459,
        -0.39700859785079956,
        -0.16060087084770203,
        -0.059431880712509155,
        0.1419508457183838,
        -0.19326052069664001,
        0.11233635246753693,
        0.2949781119823456,
        -0.5824588537216187,
        0.08567532896995544,
        0.8216347098350525,
        0.3741370737552643,
        -0.2834281325340271,
        0.06989297270774841,
        -0.11263316869735718,
        -0.06254470348358154,
        0.025879980996251106,
        0.07584040611982346,
        9.261618174605246e-07,
        0.733896017074585,
        0.09786214679479599,
        3.4422216685925378e-06,
        -0.04944914951920509,
        -0.09410085529088974,
        0.054663244634866714,
        5.415542091213865e-06,
        3.0783201054873643e-06,
        4.2990386646124534e-06,
        -1.031807073559321e-06,
        1.4919984323569224e-06,
        2.1415191895357566e-06,
        0.022423572838306427,
        0.04538722336292267,
        0.07816588878631592,
        -0.032405752688646317,
        0.22160597145557404,
        0.06069133058190346,
        -0.14065366983413696,
        -0.07920479029417038,
        0.08776021748781204,
        0.23159269988536835,
        0.035826630890369415,
        -0.026884468272328377,
        0.2281280905008316,
        -0.3456408381462097,
        -0.1811831295490265,
        -0.05279318988323212,
        0.3104521930217743,
        0.1567046195268631,
        -0.07724738121032715,
        -1.2600759267807007,
        0.2843693792819977,
        0.09162389487028122,
        0.2812149226665497,
        0.07116594165563583,
        0.4583815634250641,
        -0.2621379792690277,
        0.019900979474186897,
        0.05163276940584183,
        -0.18323692679405212,
        0.09485864639282227
    ],
    "transl": [
        0.20567040145397186,
        1.6074692010879517,
        -0.12303914874792099
    ],
    "left_hand_pose": [
        0.08174463361501694,
        0.42093151807785034,
        0.5105514526367188,
        -0.4627291262149811,
        0.5769257545471191,
        0.27248987555503845,
        0.5345185995101929,
        -1.3469635248184204,
        0.4708237051963806,
        -1.1605039834976196,
        0.17735467851161957,
        -1.7096598148345947
    ],
    "right_hand_pose": [
        0.17187653481960297,
        -0.010780963115394115,
        0.3133889436721802,
        -1.5912678241729736,
        2.1103532314300537,
        0.9354048371315002,
        0.6510149836540222,
        -1.5453767776489258,
        -0.46357008814811707,
        -1.437387466430664,
        0.7625189423561096,
        -1.0657938718795776
    ],
    "jaw_pose": [
        -0.02445138990879059,
        0.006494863890111446,
        0.00862301979213953
    ],
    "leye_pose": [
        0.451823353767395,
        0.8515626788139343,
        -0.609417200088501
    ],
    "reye_pose": [
        -0.5621920228004456,
        -0.08781670033931732,
        -0.11177152395248413
    ],
    "expression": [
        -0.6539292335510254,
        0.5649806261062622,
        -0.08129242062568665,
        0.8167666792869568,
        -0.5489667654037476,
        -0.18542152643203735,
        -0.055168140679597855,
        0.3713640868663788,
        0.0308576300740242,
        0.27485889196395874
    ]
}