{
    "betas": [
        1.0383849143981934,
        -0.3695273697376251,
        0.6454207301139832,
        -0.3611319661140442,
        0.18446610867977142,
        -0.1383797973394394,
        0.0994153544306755,
        -0.8362841010093689,
        -0.7098332047462463,
        -2.081097364425659
    ],
    "global_orient": [
        -0.14912059903144836,
        -0.171329066157341,
        -0.026399828493595123
    ],
    "body_pose": [
        -0.046806126832962036,
        0.03646046295762062,
        -0.015764446929097176,
        -0.1873691827058792,
        -0.20467253029346466,
        -0.056207798421382904,
        0.042165808379650116,
        0.01613679714500904,
        0.013038631528615952,
        0.5145385265350342,
        -0.14750976860523224,
        -0.040397871285676956,
        0.5723147988319397,
        0.20617777109146118,
        -0.0872364491224289,
        0.23617452383041382,
        0.04796641319990158,
        -0.05903899669647217,
        -0.1519816517829895,
        0.30615705251693726,
        4.490068477025488e-06,
        -0.034416500478982925,
        -0.162425234913826,
        -4.6699828999408055e-06,
        -0.0627141147851944,
        -0.07889578491449356,
        0.010482290759682655,
        6.502292762888828e-06,
        3.4667332329263445e-06,
        6.1765354075760115e-06,
        2.864899670385057e-06,
        1.585440372764424e-06,
        -1.4899110283295158e-06,
        0.21835510432720184,
        0.06017144024372101,
        0.20682135224342346,
        -0.2851182520389557,
        0.0035763296764343977,
        0.21043908596038818,
        -0.23834984004497528,
        0.057434555143117905,
        -0.1799130141735077,
        0.34695953130722046,
        -0.016018521040678024,
        -0.15162909030914307,
        -0.07756483554840088,
        -0.404252290725708,
        -0.050750430673360825,
        -0.28116723895072937,
        0.532770574092865,
        -0.23261117935180664,
        -0.332815945148468,
        -0.8087786436080933,
        0.8357749581336975,
        -0.35715630650520325,
        0.8508620262145996,
        -0.6876842379570007,
        -0.10065896064043045,
        -0.00471478421241045,
        0.23496022820472717,
        -0.6541355848312378,
        -0.03435184434056282,
        -0.28619077801704407
    ],
    "transl": [
        0.11869123578071594,
        1.5632803440093994,
        -0.09182990342378616
    ],
    "left_hand_pose": [
        -3.7674999237060547,
        0.538632333278656,
        -1.5069384574890137,
        -1.4350749254226685,
        -2.0289502143859863,
        2.908388614654541,
        -0.5844724178314209,
        0.04893770068883896,
        2.004988431930542,
        0.959622323513031,
        3.9388530254364014,
        -4.402909278869629
    ],
    "right_hand_pose": [
        -3.4482312202453613,
        1.0717707872390747,
        0.13601689040660858,
        -1.3495280742645264,
        -1.4824174642562866,
        1.9038201570510864,
        0.9652109146118164,
        -0.8502488136291504,
        -0.3737299144268036,
        0.6394791007041931,
        4.303253650665283,
        -1.0634042024612427
    ],
    "jaw_pose": [
        -0.025706244632601738,
        0.008422008715569973,
        0.006472055800259113
    ],
    "leye_pose": [
        0.4072119891643524,
        0.2460075169801712,
        0.5603674054145813
    ],
    "reye_pose": [
        -0.21712438762187958,
        -0.37641656398773193,
        -2.0480899810791016
    ],
    "expression": [
        0.3023236095905304,
        0.6656301021575928,
        0.02293998934328556,
        1.1382349729537964,
        -0.2179333120584488,
        -0.08120314031839371,
        -0.12265302985906601,
        0.40401220321655273,
        -0.09167569130659103,
        0.21424494683742523
    ]
}