{
    "betas": [
        0.5711171627044678,
        -0.39989760518074036,
        -0.021077550947666168,
        -0.09536953270435333,
        0.28580859303474426,
        -0.099287249147892,
        1.1516096591949463,
        -1.2225818634033203,
        -0.1244695857167244,
        -1.9377511739730835
    ],
    "global_orient": [
        -0.03246144950389862,
        0.9501091837882996,
        -0.07342320680618286
    ],
    "body_pose": [
        -0.1784985065460205,
        0.25284647941589355,
        -0.030992746353149414,
        0.20591606199741364,
        0.6634529232978821,
        -0.0005510902847163379,
        -0.036936432123184204,
        0.1980786919593811,
        0.06485970318317413,
        0.2120109349489212,
        -0.8706044554710388,
        0.08323073387145996,
        0.25756391882896423,
        -0.024528266862034798,
        0.08216137439012527,
        0.016201095655560493,
        0.1382463425397873,
        -0.11823683977127075,
        -0.04520320147275925,
        -0.42303818464279175,
        -1.5075229384819977e-06,
        0.2250334769487381,
        -0.41223058104515076,
        -4.887238560513651e-07,
        -0.09907184541225433,
        -0.027958670631051064,
        -0.05325011536478996,
        2.9838643058610614e-06,
        2.876658300010604e-06,
        2.5479062060185242e-06,
        2.8713694177895377e-07,
        1.580870161888015e-06,
        -8.788884997557034e-07,
        0.15214554965496063,
        -0.4788581430912018,
        0.15081334114074707,
        -0.24104343354701996,
        0.07793048769235611,
        0.09071392565965652,
        -0.26731055974960327,
        0.06656896322965622,
        -0.11119919270277023,
        0.10998579859733582,
        -0.5414265990257263,
        -0.01681254617869854,
        -0.1342390477657318,
        -0.11657129228115082,
        -0.10315709561109543,
        -0.3665072023868561,
        0.2069409191608429,
        -0.07682154327630997,
        -0.21393650770187378,
        -0.08460895717144012,
        -0.06268083304166794,
        -0.3491652309894562,
        -0.10668417811393738,
        0.0499383807182312,
        0.1431732177734375,
        0.02679396979510784,
        -0.1127171441912651,
        -0.16029112040996552,
        -0.23624469339847565,
        0.026774512603878975
    ],
    "transl": [
        0.1945216804742813,
        1.6078052520751953,
        -0.11751948297023773
    ],
    "left_hand_pose": [
        -2.086786985397339,
        1.4653184413909912,
        -0.9018592238426208,
        -2.306105375289917,
        0.8829280138015747,
        2.9696576595306396,
        0.4190038740634918,
        -1.7237213850021362,
        -1.6176985502243042,
        -1.0353258848190308,
        0.15611599385738373,
        -1.5014067888259888
    ],
    "right_hand_pose": [
        -2.7955868244171143,
        0.5940343141555786,
        -1.457311987876892,
        -1.0657471418380737,
        2.122260332107544,
        0.02222168631851673,
        -0.017474643886089325,
        2.322617530822754,
        -0.7935939431190491,
        -1.4831843376159668,
        2.702183961868286,
        -3.0438575744628906
    ],
    "jaw_pose": [
        0.15588349103927612,
        -0.000364856532542035,
        0.031617023050785065
    ],
    "leye_pose": [
        0.30301958322525024,
        0.38291266560554504,
        0.02789134904742241
    ],
    "reye_pose": [
        0.4289848506450653,
        -0.8777387142181396,
        -3.3759162425994873
    ],
    "expression": [
        0.2957155406475067,
        -0.1725543588399887,
        0.13564220070838928,
        -0.1938600093126297,
        -0.5169992446899414,
        -0.43019556999206543,
        0.05054854601621628,
        0.7745807766914368,
        -0.24141068756580353,
        0.004424752201884985
    ]
}