{
    "betas": [
        0.8052812814712524,
        -0.5869641900062561,
        0.1364261507987976,
        -0.7276443839073181,
        0.09627770632505417,
        -0.013760440051555634,
        0.6275472640991211,
        -0.7620647549629211,
        0.1460813581943512,
        -2.2406833171844482
    ],
    "global_orient": [
        -0.07580907642841339,
        0.666608989238739,
        0.011124673299491405
    ],
    "body_pose": [
        0.12552274763584137,
        -0.1671600043773651,
        -0.056882087141275406,
        -0.02099890075623989,
        0.10786370187997818,
        -0.12700842320919037,
        -0.033132970333099365,
        0.01777936890721321,
        0.09405121207237244,
        0.0648341253399849,
        -0.40750232338905334,
        -0.03410264477133751,
        0.6636348962783813,
        0.10820648074150085,
        -0.061054449528455734,
        0.26454874873161316,
        0.02885112725198269,
        -0.09029193967580795,
        0.045935604721307755,
        -0.09562383592128754,
        6.411513027160254e-07,
        0.5058915615081787,
        -0.1505451649427414,
        -6.528415497086826e-07,
        0.02007172256708145,
        0.03819536045193672,
        0.011243535205721855,
        8.066676855378319e-06,
        2.2445947251981124e-06,
        1.4126694622973446e-06,
        -3.50594632436696e-07,
        1.9878395960404305e-06,
        6.604232680729183e-07,
        0.20904873311519623,
        -0.19142277538776398,
        0.05505860596895218,
        -0.08944655954837799,
        0.2330114096403122,
        -0.13936056196689606,
        -0.2194794863462448,
        0.23672166466712952,
        0.10420123487710953,
        0.21529631316661835,
        -0.1466779112815857,
        -0.016547266393899918,
        -0.05010508745908737,
        0.018503764644265175,
        -0.6070364117622375,
        -0.2713317275047302,
        0.45452389121055603,
        0.29599276185035706,
        -0.18285493552684784,
        -0.25141575932502747,
        -0.12366636097431183,
        -0.29634618759155273,
        0.09782090783119202,
        -0.0591648630797863,
        0.027980521321296692,
        -0.039506834000349045,
        -0.1870766580104828,
        -0.3114224970340729,
        -0.14958252012729645,
        -0.017663773149251938
    ],
    "transl": [
        0.24464213848114014,
        1.5999627113342285,
        -0.057719431817531586
    ],
    "left_hand_pose": [
        -2.0538294315338135,
        0.9441609978675842,
        -1.1315699815750122,
        -1.8417588472366333,
        0.2888459861278534,
        3.258139133453369,
        0.17102956771850586,
        -1.72075355052948,
        -0.516330361366272,
        -0.11650624126195908,
        0.7023556232452393,
        -0.6304605603218079
    ],
    "right_hand_pose": [
        -2.702451229095459,
        0.9978620409965515,
        -1.3285962343215942,
        -1.3514525890350342,
        0.9341456890106201,
        1.5190833806991577,
        0.42017990350723267,
        0.25395411252975464,
        -0.5702065229415894,
        -0.3316640555858612,
        2.5807528495788574,
        -1.0731470584869385
    ],
    "jaw_pose": [
        0.052438609302043915,
        -0.022864846512675285,
        0.05173072591423988
    ],
    "leye_pose": [
        1.003937840461731,
        0.850701093673706,
        -0.23122116923332214
    ],
    "reye_pose": [
        -0.6308528184890747,
        -0.7252829670906067,
        -3.882216453552246
    ],
    "expression": [
        0.31822192668914795,
        -0.8130358457565308,
        -0.34819644689559937,
        0.3061882555484772,
        -0.545588493347168,
        -0.19426651298999786,
        -0.17565110325813293,
        0.8743438720703125,
        -0.07665663957595825,
        0.3111095428466797
    ]
}