{
    "betas": [
        0.9899338483810425,
        -0.4542770981788635,
        0.6678646802902222,
        -0.48815950751304626,
        0.2334977686405182,
        -0.14010459184646606,
        0.17442423105239868,
        -0.8429672122001648,
        -0.6571940183639526,
        -2.1502792835235596
    ],
    "global_orient": [
        -0.11480206251144409,
        -0.08259563148021698,
        -0.0645979642868042
    ],
    "body_pose": [
        -0.11872823536396027,
        0.26761072874069214,
        0.030861344188451767,
        -0.1719692051410675,
        -0.20804405212402344,
        -0.01066365372389555,
        0.023219849914312363,
        0.07032619416713715,
        0.03723001107573509,
        0.5093814134597778,
        -0.3174246847629547,
        0.06983868032693863,
        0.520384669303894,
        0.14264479279518127,
        -0.07356088608503342,
        0.15810371935367584,
        0.06324883550405502,
        -0.04664335772395134,
        -0.17145274579524994,
        0.12435639649629593,
        3.5711339023691835e-06,
        -0.040800370275974274,
        -0.17749899625778198,
        -1.8185488670496852e-06,
        -0.01602947525680065,
        -0.11887634545564651,
        0.046952519565820694,
        5.996953404974192e-06,
        3.4872355172410607e-06,
        5.946887085883645e-06,
        -6.467951720878773e-07,
        1.0562698662397452e-06,
        5.265258806730344e-08,
        0.19600866734981537,
        0.12121667712926865,
        0.08532789349555969,
        -0.24639661610126495,
        -0.06379960477352142,
        0.19702166318893433,
        -0.28677675127983093,
        -0.019511597231030464,
        -0.11078488826751709,
        0.34338313341140747,
        -0.028861399739980698,
        -0.12693169713020325,
        -0.18648482859134674,
        -0.4069693982601166,
        0.049781735986471176,
        -0.2551005184650421,
        0.4965645372867584,
        -0.16562555730342865,
        -0.4370066225528717,
        -0.6717450022697449,
        0.5917668342590332,
        -0.29754021763801575,
        0.9725159406661987,
        -1.3538548946380615,
        -0.18998000025749207,
        0.08219961076974869,
        0.1850568652153015,
        -0.8083958029747009,
        -0.03634706512093544,
        -0.34983083605766296
    ],
    "transl": [
        0.1159251257777214,
        1.5688227415084839,
        -0.09627965092658997
    ],
    "left_hand_pose": [
        -3.984433174133301,
        0.39319753646850586,
        -1.8038179874420166,
        -0.7775236368179321,
        -2.7318530082702637,
        3.4005963802337646,
        -0.9247419834136963,
        0.44345563650131226,
        3.1184659004211426,
        1.3203072547912598,
        4.585140705108643,
        -5.4117255210876465
    ],
    "right_hand_pose": [
        -3.53798508644104,
        1.0130468606948853,
        0.6865333914756775,
        -1.058774471282959,
        -1.7169328927993774,
        1.6797277927398682,
        0.9404617547988892,
        -1.005435585975647,
        -0.31939834356307983,
        0.8958443403244019,
        5.345554828643799,
        -0.43340590596199036
    ],
    "jaw_pose": [
        -0.021183418110013008,
        -0.0029313138220459223,
        0.030557557940483093
    ],
    "leye_pose": [
        -0.2887793481349945,
        0.5560678839683533,
        0.8351801633834839
    ],
    "reye_pose": [
        -0.45434173941612244,
        -0.02458908222615719,
        -0.6344221830368042
    ],
    "expression": [
        0.39721235632896423,
        0.5272162556648254,
        -0.18055300414562225,
        0.8044553995132446,
        -0.17978569865226746,
        -0.00539067666977644,
        -0.1715429723262787,
        0.4431867301464081,
        -0.05747443065047264,
        0.25183773040771484
    ]
}