{
    "betas": [
        1.1402958631515503,
        -0.308230996131897,
        0.8111003041267395,
        -0.17354288697242737,
        0.2568703293800354,
        -0.2135574072599411,
        0.3553684949874878,
        -0.9327675104141235,
        -0.8851647973060608,
        -2.257915496826172
    ],
    "global_orient": [
        -0.1671319454908371,
        -0.025052715092897415,
        -0.08227773755788803
    ],
    "body_pose": [
        -0.25615251064300537,
        0.6500697731971741,
        0.03756864741444588,
        -0.2352304756641388,
        -0.34909579157829285,
        0.04945963993668556,
        0.09669577330350876,
        -0.15054155886173248,
        -0.03048602119088173,
        0.720615804195404,
        -0.6314252018928528,
        0.2542096674442291,
        0.7128832340240479,
        0.17250660061836243,
        -0.20537009835243225,
        0.29269930720329285,
        -0.011981413699686527,
        -0.03670506924390793,
        -0.2667085528373718,
        -5.408656579675153e-05,
        9.640139069233555e-07,
        -0.06230735778808594,
        -0.1745767742395401,
        4.2610807327037037e-07,
        -0.05533481761813164,
        0.09643594175577164,
        -0.0284345094114542,
        2.581869694040506e-06,
        2.6159466415265342e-06,
        4.836585958400974e-06,
        -6.680930368929694e-07,
        1.5305170109058963e-06,
        2.5933067604455573e-07,
        0.1790941208600998,
        0.12873513996601105,
        0.009078511036932468,
        -0.2945577800273895,
        -0.056442830711603165,
        0.3384498953819275,
        -0.24003756046295166,
        0.019462423399090767,
        -0.10520703345537186,
        0.36868494749069214,
        -0.16335828602313995,
        -0.02366945706307888,
        -0.16691912710666656,
        -0.5812764763832092,
        0.11293637007474899,
        -0.27173206210136414,
        0.2775619924068451,
        -0.08263276517391205,
        -0.3767004907131195,
        -0.9650957584381104,
        0.9458644986152649,
        -0.3751756250858307,
        0.7800959348678589,
        -0.5404129028320312,
        0.05668614059686661,
        -0.14610980451107025,
        0.3230041265487671,
        -0.7820804715156555,
        -0.06337852030992508,
        -0.2908473014831543
    ],
    "transl": [
        0.10850664228200912,
        1.5335800647735596,
        -0.10342313349246979
    ],
    "left_hand_pose": [
        -4.145533084869385,
        0.42624884843826294,
        -1.2898173332214355,
        -0.5859301090240479,
        -3.001155376434326,
        3.027954578399658,
        -0.04001634567975998,
        0.4073857069015503,
        3.819861888885498,
        1.5701253414154053,
        5.358520030975342,
        -4.742896556854248
    ],
    "right_hand_pose": [
        -3.2594082355499268,
        1.3656224012374878,
        -0.27327024936676025,
        -2.0419883728027344,
        -0.8347955942153931,
        1.7487729787826538,
        0.7844231724739075,
        -0.9117214679718018,
        -1.2371854782104492,
        -0.37644872069358826,
        3.1085712909698486,
        -2.1905951499938965
    ],
    "jaw_pose": [
        -0.010654937475919724,
        -0.00882725603878498,
        0.05110091716051102
    ],
    "leye_pose": [
        -0.2380954474210739,
        0.7506760358810425,
        0.7188994884490967
    ],
    "reye_pose": [
        -0.5992350578308105,
        0.4993591904640198,
        -1.2402865886688232
    ],
    "expression": [
        -0.02550024725496769,
        0.4648553431034088,
        0.10426244884729385,
        1.017931580543518,
        -0.28903281688690186,
        0.26136988401412964,
        -0.3372901380062103,
        0.858169436454773,
        0.048127297312021255,
        0.12094330787658691
    ]
}