{
    "betas": [
        0.5419904589653015,
        -0.26770922541618347,
        0.0002098045079037547,
        -0.2630145251750946,
        0.16924691200256348,
        -0.05667169392108917,
        0.9359686374664307,
        -1.0982484817504883,
        -0.053629569709300995,
        -2.134962558746338
    ],
    "global_orient": [
        -0.04608994349837303,
        0.9518543481826782,
        -0.07454277575016022
    ],
    "body_pose": [
        -0.14532484114170074,
        0.19805054366588593,
        -0.025770800188183784,
        0.22927993535995483,
        0.6555453538894653,
        0.009608305059373379,
        -0.026039669290184975,
        0.20081405341625214,
        0.07572677731513977,
        0.20308902859687805,
        -0.9050280451774597,
        0.06765293329954147,
        0.22732803225517273,
        -0.02803131565451622,
        0.09368879348039627,
        0.08402933180332184,
        0.1268216222524643,
        -0.036926399916410446,
        -0.017041580751538277,
        -0.34615829586982727,
        -7.844964216019434e-07,
        0.23704323172569275,
        -0.4402235746383667,
        -3.167540626236587e-06,
        -0.093800388276577,
        -0.06919516623020172,
        -0.007337700575590134,
        5.488130227604415e-06,
        3.366440751051414e-06,
        1.3553589042203384e-06,
        2.842535025138204e-07,
        2.3547440832771827e-06,
        -1.115144641516963e-06,
        0.06942513585090637,
        -0.46000605821609497,
        0.11377021670341492,
        -0.24635201692581177,
        0.09917543828487396,
        0.07441627234220505,
        -0.3632475733757019,
        0.09789904206991196,
        -0.11018161475658417,
        0.13414999842643738,
        -0.47253772616386414,
        -0.007723682094365358,
        -0.18749555945396423,
        -0.09706056118011475,
        -0.15120254456996918,
        -0.4019826352596283,
        0.21938656270503998,
        -0.020559560507535934,
        -0.16930465400218964,
        -0.004982177168130875,
        -0.0864715427160263,
        -0.3932584226131439,
        -0.1159234493970871,
        0.03296336159110069,
        0.06327242404222488,
        0.04797834903001785,
        -0.09226898849010468,
        -0.09017372876405716,
        -0.12588909268379211,
        0.11115143448114395
    ],
    "transl": [
        0.20291614532470703,
        1.6106528043746948,
        -0.11583181470632553
    ],
    "left_hand_pose": [
        -2.1024892330169678,
        1.3953379392623901,
        -0.695095419883728,
        -2.196784734725952,
        0.7915329933166504,
        2.7932662963867188,
        0.43574047088623047,
        -1.6312376260757446,
        -1.4284130334854126,
        -0.6895157098770142,
        0.025563037022948265,
        -0.8973900675773621
    ],
    "right_hand_pose": [
        -2.7763285636901855,
        0.6705626845359802,
        -1.2837382555007935,
        -1.0655437707901,
        2.133450746536255,
        -0.2562664747238159,
        0.48593083024024963,
        2.5486531257629395,
        -0.9569142460823059,
        -1.1338279247283936,
        3.0402743816375732,
        -1.6526703834533691
    ],
    "jaw_pose": [
        0.1628473550081253,
        -0.011795887723565102,
        0.04163115844130516
    ],
    "leye_pose": [
        0.4908682405948639,
        0.5316441655158997,
        0.1611926257610321
    ],
    "reye_pose": [
        -0.04611743986606598,
        -1.2006088495254517,
        -3.3972673416137695
    ],
    "expression": [
        0.5347090363502502,
        -0.3068530559539795,
        0.10789841413497925,
        -0.09446506202220917,
        -0.5236075520515442,
        -0.34149840474128723,
        0.03541532903909683,
        0.8968401551246643,
        -0.19309304654598236,
        0.08900336176156998
    ]
}