{
    "betas": [
        0.682650625705719,
        -0.6911323666572571,
        0.6483493447303772,
        -0.4082159996032715,
        0.12005915492773056,
        -0.11287108808755875,
        0.8213584423065186,
        -0.8115506172180176,
        -0.097779780626297,
        -1.8514715433120728
    ],
    "global_orient": [
        -0.19985459744930267,
        0.28085047006607056,
        0.10917298495769501
    ],
    "body_pose": [
        0.2010602504014969,
        0.2286749631166458,
        -0.20855198800563812,
        -0.45444589853286743,
        -0.38363945484161377,
        0.1943904310464859,
        0.1629917025566101,
        -0.13905470073223114,
        -0.06783249974250793,
        0.1752512902021408,
        -0.5506836175918579,
        0.021869894117116928,
        0.5232433080673218,
        0.13032379746437073,
        -0.0805947333574295,
        0.1470501869916916,
        -0.03328876569867134,
        -0.02415487915277481,
        -0.06957673281431198,
        0.15600143373012543,
        5.061413503426593e-06,
        0.41658899188041687,
        -0.4589296281337738,
        -8.120373422570992e-06,
        -0.0760703831911087,
        -0.003623881144449115,
        0.06992462277412415,
        6.682624643872259e-06,
        3.0318426524900133e-06,
        5.121149115439039e-06,
        1.1166404192408663e-06,
        1.4921910178600228e-06,
        -5.674045041814679e-06,
        0.05116322636604309,
        -0.05424584075808525,
        0.1344723254442215,
        -0.18266119062900543,
        0.13936619460582733,
        0.08330418914556503,
        -0.14463937282562256,
        0.09783245623111725,
        0.09130126237869263,
        0.1964436173439026,
        -0.07646827399730682,
        -0.10198673605918884,
        -0.021689703688025475,
        -0.061991311609745026,
        -0.13316170871257782,
        -0.009575895965099335,
        0.9298272132873535,
        0.3201408386230469,
        -0.04040558263659477,
        -0.14391909539699554,
        -0.09725211560726166,
        -0.04130331054329872,
        1.468765139579773,
        0.03046681359410286,
        0.26470184326171875,
        0.0073768822476267815,
        -0.13082362711429596,
        0.11053203046321869,
        0.10009928047657013,
        0.25116774439811707
    ],
    "transl": [
        0.22861573100090027,
        1.5919448137283325,
        -0.08337866514921188
    ],
    "left_hand_pose": [
        0.1353318840265274,
        0.16416506469249725,
        0.2640072703361511,
        -0.2711004316806793,
        0.9748028516769409,
        0.7223787903785706,
        -0.5023093223571777,
        -0.9612970352172852,
        0.16688796877861023,
        -0.5303239226341248,
        0.3712065815925598,
        -0.08860816061496735
    ],
    "right_hand_pose": [
        0.1446915715932846,
        0.37265467643737793,
        0.6018431186676025,
        -1.619670033454895,
        1.1841107606887817,
        0.061811745166778564,
        1.2454842329025269,
        -0.6472333669662476,
        -0.28494974970817566,
        -1.3124911785125732,
        0.4827220141887665,
        -2.488680362701416
    ],
    "jaw_pose": [
        -0.01644870638847351,
        0.006275553721934557,
        0.0389106348156929
    ],
    "leye_pose": [
        0.7122457027435303,
        0.7522287964820862,
        -0.37203872203826904
    ],
    "reye_pose": [
        -0.4204113781452179,
        0.13735298812389374,
        -0.34766554832458496
    ],
    "expression": [
        -0.23127782344818115,
        0.3704059422016144,
        0.225056990981102,
        1.0888596773147583,
        -0.4793538451194763,
        -0.07696057111024857,
        -0.20483820140361786,
        0.7520288825035095,
        0.20535233616828918,
        0.236207515001297
    ]
}