{
    "betas": [
        0.7030381560325623,
        -0.6577690243721008,
        0.7403772473335266,
        -0.3351458013057709,
        0.1359826773405075,
        -0.13462750613689423,
        1.011070966720581,
        -0.8579838275909424,
        -0.045880433171987534,
        -1.9372934103012085
    ],
    "global_orient": [
        -0.19498910009860992,
        0.14331799745559692,
        0.15287452936172485
    ],
    "body_pose": [
        0.15463411808013916,
        0.15410448610782623,
        -0.30079641938209534,
        -0.4116956889629364,
        -0.4967687129974365,
        0.23763126134872437,
        0.15069982409477234,
        -0.0677475705742836,
        -0.09349176287651062,
        0.26500946283340454,
        -0.428191214799881,
        -0.003572097048163414,
        0.454990416765213,
        0.20558695495128632,
        -0.1138034462928772,
        0.15556104481220245,
        0.021272312849760056,
        -0.032841023057699203,
        -0.16420835256576538,
        0.2059098482131958,
        5.582719950325554e-06,
        0.36099523305892944,
        -0.5283385515213013,
        -9.121787115873303e-06,
        -0.07963485270738602,
        0.040788326412439346,
        0.06306431442499161,
        6.448599833674962e-06,
        3.121888084933744e-06,
        6.301595021795947e-06,
        1.0251870889987913e-06,
        1.7622518271309673e-06,
        -7.165635452111019e-06,
        0.04692155122756958,
        -0.08780570328235626,
        0.165061816573143,
        -0.15096837282180786,
        0.13819217681884766,
        0.09668182581663132,
        -0.21872450411319733,
        0.2530471682548523,
        0.08432534337043762,
        0.16954663395881653,
        -0.09287118166685104,
        -0.1025792732834816,
        -0.07425717264413834,
        -0.032351940870285034,
        -0.16320611536502838,
        -0.021138224750757217,
        1.0695141553878784,
        0.16584189236164093,
        -0.06863436847925186,
        -0.0530790314078331,
        -0.08678565174341202,
        0.024183178320527077,
        1.6096187829971313,
        0.2113807648420334,
        0.11364877969026566,
        0.08393903821706772,
        -0.1513812243938446,
        -0.007807917892932892,
        0.16864657402038574,
        0.28244972229003906
    ],
    "transl": [
        0.2331119179725647,
        1.5756086111068726,
        -0.08063425868749619
    ],
    "left_hand_pose": [
        0.08935507386922836,
        0.2026423215866089,
        0.05315442755818367,
        0.017177870497107506,
        0.6100068688392639,
        0.9436694383621216,
        -0.6055490970611572,
        -0.7924333810806274,
        1.1480820178985596,
        0.011881113983690739,
        0.691898763179779,
        0.25559598207473755
    ],
    "right_hand_pose": [
        0.19770772755146027,
        0.49885350465774536,
        0.49658477306365967,
        -1.588454008102417,
        1.331800103187561,
        -0.4938368499279022,
        1.0200397968292236,
        -0.4096388816833496,
        -1.1982111930847168,
        -2.043255567550659,
        -0.25512605905532837,
        -4.164571762084961
    ],
    "jaw_pose": [
        -0.021255062893033028,
        0.009233190678060055,
        0.04567847400903702
    ],
    "leye_pose": [
        0.835111141204834,
        0.8889299631118774,
        -0.46259525418281555
    ],
    "reye_pose": [
        -0.45269113779067993,
        0.43371471762657166,
        -0.6444462537765503
    ],
    "expression": [
        -0.23093339800834656,
        0.3563714921474457,
        0.2497139573097229,
        1.2524045705795288,
        -0.5722374320030212,
        0.05229092761874199,
        -0.3032244145870209,
        0.8945412039756775,
        0.23954738676548004,
        0.17792195081710815
    ]
}