{
    "betas": [
        0.665511965751648,
        -0.594819188117981,
        0.7132386565208435,
        -0.36113810539245605,
        0.16822417080402374,
        -0.1179552972316742,
        0.8361830711364746,
        -0.6629523634910583,
        -0.13096404075622559,
        -1.634101152420044
    ],
    "global_orient": [
        -0.1849289834499359,
        0.3860289454460144,
        0.008607817813754082
    ],
    "body_pose": [
        0.13186168670654297,
        0.2828206419944763,
        -0.06066988781094551,
        -0.5437780618667603,
        -0.453368604183197,
        0.2082328200340271,
        0.16257302463054657,
        -0.1813436895608902,
        -0.022518720477819443,
        0.131513312458992,
        -0.5790284276008606,
        -0.020226752385497093,
        0.6193311214447021,
        0.33931952714920044,
        -0.012612863443791866,
        0.13237819075584412,
        -0.10437387973070145,
        -0.0475262887775898,
        0.005234990268945694,
        -0.028689032420516014,
        1.6567694274272071e-06,
        0.5510714054107666,
        0.050110023468732834,
        -1.9578840237954864e-06,
        -0.08891847729682922,
        -0.04904455691576004,
        0.057062361389398575,
        7.034765076241456e-06,
        2.909789373006788e-06,
        3.7115823943167925e-06,
        2.1061059669591486e-06,
        1.7176349729197682e-06,
        -2.1382600152719533e-06,
        0.02943827211856842,
        -0.0037277000956237316,
        0.1411161869764328,
        -0.18726417422294617,
        0.016129419207572937,
        0.1408994048833847,
        -0.19908373057842255,
        -0.014456902630627155,
        -0.08836720883846283,
        0.18032658100128174,
        -0.08981630206108093,
        -0.12180714309215546,
        -0.022325394675135612,
        -0.2322252243757248,
        -0.08909251540899277,
        -0.0133389076218009,
        0.8852776885032654,
        0.27869343757629395,
        -0.10001897811889648,
        -0.1051020398736,
        -0.1278703808784485,
        0.062471430748701096,
        1.4961930513381958,
        -0.006411020178347826,
        0.39675644040107727,
        0.023769015446305275,
        -0.1349828988313675,
        -0.008541668765246868,
        -0.08586990833282471,
        0.19589239358901978
    ],
    "transl": [
        0.23762622475624084,
        1.6074485778808594,
        -0.12997253239154816
    ],
    "left_hand_pose": [
        0.22053766250610352,
        0.4032939076423645,
        0.41130971908569336,
        -0.09808400273323059,
        0.9738929271697998,
        0.5946859121322632,
        -0.2097649872303009,
        -1.2260665893554688,
        0.48069775104522705,
        -0.5714256763458252,
        0.5213012099266052,
        -0.3018430471420288
    ],
    "right_hand_pose": [
        0.15252727270126343,
        -0.06349289417266846,
        0.12145112454891205,
        -1.392278790473938,
        1.903670310974121,
        1.285652995109558,
        -0.24596059322357178,
        -0.987169086933136,
        0.49014052748680115,
        -0.9057241678237915,
        -0.025365106761455536,
        -1.025699257850647
    ],
    "jaw_pose": [
        0.013197211548686028,
        0.01440239418298006,
        0.023960117250680923
    ],
    "leye_pose": [
        0.7696785926818848,
        0.7240824103355408,
        -0.41408097743988037
    ],
    "reye_pose": [
        -0.37356558442115784,
        0.25062689185142517,
        -0.5164777636528015
    ],
    "expression": [
        -0.45014604926109314,
        0.47996458411216736,
        0.45432400703430176,
        0.870676577091217,
        -0.42829111218452454,
        -0.1922137439250946,
        -0.17501910030841827,
        0.6088430285453796,
        0.17437617480754852,
        0.06980177760124207
    ]
}