{
    "betas": [
        0.6260152459144592,
        -0.6831013560295105,
        0.851137101650238,
        -0.5820242762565613,
        0.10181865841150284,
        -0.03216416761279106,
        0.529361367225647,
        -0.8777459263801575,
        -0.09272412955760956,
        -1.7310829162597656
    ],
    "global_orient": [
        -0.11068976670503616,
        0.1995193064212799,
        -0.1294311285018921
    ],
    "body_pose": [
        -0.13994163274765015,
        0.378950297832489,
        0.034249044954776764,
        -0.24768221378326416,
        -0.005870054010301828,
        -0.107093945145607,
        0.15270014107227325,
        -0.00728517584502697,
        -0.024556869640946388,
        0.36934515833854675,
        -0.6137634515762329,
        0.011258691549301147,
        0.5760510563850403,
        0.0013056270545348525,
        -0.05295547470450401,
        0.11716731637716293,
        -0.03153321146965027,
        0.022861523553729057,
        -0.04228557273745537,
        -0.05039295554161072,
        1.990597183976206e-06,
        0.3486536145210266,
        -0.19324570894241333,
        -1.7859237004813622e-06,
        -0.029285496100783348,
        -0.12181321531534195,
        0.05100857466459274,
        6.599928838113556e-06,
        3.582142426239443e-06,
        5.1372153393458575e-06,
        5.815463737235405e-07,
        1.662753106757009e-06,
        4.854265966969251e-07,
        -0.1559489369392395,
        -0.021054938435554504,
        0.09712774306535721,
        0.026938598603010178,
        0.2520538568496704,
        0.010729407891631126,
        -0.16457310318946838,
        -0.029843222349882126,
        0.12138999253511429,
        0.19890964031219482,
        -0.1310674548149109,
        -0.06195072829723358,
        0.23229148983955383,
        -0.47080928087234497,
        -0.3489305078983307,
        -0.14555880427360535,
        0.3942878246307373,
        0.34006744623184204,
        -0.14553509652614594,
        -1.59688138961792,
        0.6172972321510315,
        -0.1360819935798645,
        0.4168403744697571,
        0.00834709033370018,
        0.3653952181339264,
        -0.29854926466941833,
        -0.3494572341442108,
        -0.14655892550945282,
        -0.23853759467601776,
        0.18222676217556
    ],
    "transl": [
        0.22027194499969482,
        1.607240080833435,
        -0.14123602211475372
    ],
    "left_hand_pose": [
        -0.6788244843482971,
        2.405391216278076,
        -1.3148366212844849,
        -2.272541046142578,
        2.714095115661621,
        3.032634973526001,
        0.4321537911891937,
        -1.4584311246871948,
        1.5633764266967773,
        0.547098696231842,
        1.062088131904602,
        1.4051510095596313
    ],
    "right_hand_pose": [
        -0.09297004342079163,
        0.9024105072021484,
        -0.33991679549217224,
        -2.3834128379821777,
        1.7184313535690308,
        2.0138039588928223,
        1.4695584774017334,
        -2.149786949157715,
        -0.8508864045143127,
        -1.5593456029891968,
        0.7747898101806641,
        -1.4572757482528687
    ],
    "jaw_pose": [
        0.014888091944158077,
        0.010385653004050255,
        0.025007180869579315
    ],
    "leye_pose": [
        0.36476805806159973,
        0.9527817964553833,
        0.11773419380187988
    ],
    "reye_pose": [
        -0.7729429006576538,
        0.31802698969841003,
        -0.37215501070022583
    ],
    "expression": [
        -0.6706271171569824,
        0.6616784334182739,
        0.3839990198612213,
        0.7017489671707153,
        -0.23944945633411407,
        0.11950612813234329,
        -0.1853565126657486,
        0.6652162671089172,
        0.12754198908805847,
        -0.14775072038173676
    ]
}