{
    "betas": [
        1.0495671033859253,
        -0.3479450047016144,
        0.7238641381263733,
        -0.10565920919179916,
        0.17503297328948975,
        -0.12134044617414474,
        0.2889516353607178,
        -0.6728821396827698,
        -0.6740469932556152,
        -2.05177640914917
    ],
    "global_orient": [
        -0.16609911620616913,
        -0.11642590165138245,
        -0.02572796493768692
    ],
    "body_pose": [
        -0.10640638321638107,
        0.1860356330871582,
        -0.006380151957273483,
        -0.1874888390302658,
        -0.2484285533428192,
        -0.012367787770926952,
        0.02944563329219818,
        0.03715262934565544,
        0.007391138467937708,
        0.5883151292800903,
        -0.2809983491897583,
        0.013348065316677094,
        0.5877758264541626,
        0.22270187735557556,
        -0.15627317130565643,
        0.2805682420730591,
        0.014518730342388153,
        -0.04515383392572403,
        -0.15138959884643555,
        0.2608082890510559,
        3.278805252193706e-06,
        -0.05218193680047989,
        -0.17229686677455902,
        -3.596341457523522e-06,
        -0.03525346890091896,
        -0.152206152677536,
        0.014796970412135124,
        4.921954769088188e-06,
        3.707594260049518e-06,
        6.317884526652051e-06,
        1.940158426805283e-06,
        1.3245971786091104e-06,
        -2.0005904843856115e-06,
        0.19885097444057465,
        0.04081542044878006,
        0.1790657788515091,
        -0.31482556462287903,
        -0.09105195105075836,
        0.2756204903125763,
        -0.21762827038764954,
        0.06321129202842712,
        -0.20906148850917816,
        0.32136353850364685,
        -0.07973632961511612,
        -0.15263018012046814,
        -0.1429891586303711,
        -0.6167116165161133,
        -0.08884609490633011,
        -0.24418006837368011,
        0.5730405449867249,
        -0.2508491277694702,
        -0.2626013457775116,
        -1.084205985069275,
        1.2057456970214844,
        -0.4030808210372925,
        0.6595286726951599,
        -0.3834119737148285,
        -0.08059624582529068,
        -0.08775981515645981,
        0.19460760056972504,
        -0.6275641918182373,
        0.008898623287677765,
        -0.2655964493751526
    ],
    "transl": [
        0.11143001914024353,
        1.5571930408477783,
        -0.10813986510038376
    ],
    "left_hand_pose": [
        -3.915009021759033,
        0.41628071665763855,
        -0.8983328342437744,
        -1.1768394708633423,
        -2.3450756072998047,
        2.66491961479187,
        0.3777495324611664,
        0.05258519574999809,
        2.3090720176696777,
        1.5082131624221802,
        4.505433559417725,
        -2.9231889247894287
    ],
    "right_hand_pose": [
        -3.1514618396759033,
        1.2426714897155762,
        -0.36301907896995544,
        -2.113826274871826,
        -0.5276480913162231,
        1.9449617862701416,
        0.8148229718208313,
        -1.183518648147583,
        -1.4546270370483398,
        -0.5197691917419434,
        2.44633150100708,
        -2.157512664794922
    ],
    "jaw_pose": [
        -0.03071540780365467,
        0.017357654869556427,
        -0.0015421118587255478
    ],
    "leye_pose": [
        0.0012480552541092038,
        0.34832999110221863,
        0.6019088625907898
    ],
    "reye_pose": [
        -0.10666845738887787,
        -0.5294511914253235,
        -2.9381608963012695
    ],
    "expression": [
        0.25279557704925537,
        0.5896397829055786,
        -0.3424323797225952,
        1.0655425786972046,
        -0.3765755593776703,
        -0.2824755012989044,
        -0.23203228414058685,
        0.5701014399528503,
        -0.2180783748626709,
        0.17982761561870575
    ]
}