{
    "betas": [
        0.6835816502571106,
        -0.3982607126235962,
        0.6047159433364868,
        -0.21489298343658447,
        0.43200287222862244,
        -0.2197040617465973,
        1.0493050813674927,
        -0.7726382613182068,
        -0.06419496238231659,
        -1.5515079498291016
    ],
    "global_orient": [
        -0.2102307230234146,
        0.3727913498878479,
        -0.027576128020882607
    ],
    "body_pose": [
        0.16142527759075165,
        -0.12723468244075775,
        -0.06974253803491592,
        -0.47971683740615845,
        -0.37569889426231384,
        0.15160860121250153,
        0.14683648943901062,
        -0.030914954841136932,
        0.051962316036224365,
        0.07905665785074234,
        -0.4144850969314575,
        -0.016839278861880302,
        0.8660497665405273,
        0.28929466009140015,
        -0.2083425223827362,
        0.19420668482780457,
        -0.03640447184443474,
        0.028194280341267586,
        0.11655791103839874,
        0.23326148092746735,
        3.773999196710065e-06,
        0.2740103006362915,
        -0.2895982563495636,
        -6.438796390284551e-06,
        -0.10343790054321289,
        -0.06631707400083542,
        0.056086644530296326,
        7.011947218416026e-06,
        3.933659172616899e-06,
        5.294809852784965e-06,
        2.8689411735172143e-08,
        2.0135505565122003e-06,
        -2.0361073893582216e-06,
        -0.05166168138384819,
        -0.05203648656606674,
        0.10133868455886841,
        -0.11875490844249725,
        0.1681058406829834,
        0.10173720866441727,
        -0.17079181969165802,
        0.04850189387798309,
        -0.10982771962881088,
        0.12646500766277313,
        -0.12119495868682861,
        -0.07203734666109085,
        0.031258318573236465,
        -0.015087033621966839,
        -0.22374193370342255,
        -0.038971494883298874,
        0.6438034772872925,
        0.013616575859487057,
        -0.030613811686635017,
        0.020139839500188828,
        -0.15650488436222076,
        0.01751377061009407,
        0.883655846118927,
        -0.06174398213624954,
        0.3676711618900299,
        0.0618966743350029,
        -0.1416749358177185,
        0.014887378551065922,
        -0.05611998960375786,
        0.10329145193099976
    ],
    "transl": [
        0.20554417371749878,
        1.6147030591964722,
        -0.14331459999084473
    ],
    "left_hand_pose": [
        0.18940433859825134,
        -0.022041358053684235,
        0.12201959639787674,
        -0.7599896192550659,
        1.9372663497924805,
        1.6390774250030518,
        -0.5183573961257935,
        -1.8476736545562744,
        -0.603956401348114,
        -1.217125654220581,
        -0.21934476494789124,
        -0.18465003371238708
    ],
    "right_hand_pose": [
        0.13948790729045868,
        0.20381096005439758,
        0.12238598614931107,
        -0.943888783454895,
        1.1899144649505615,
        0.4720572829246521,
        0.07521817088127136,
        -0.3965250849723816,
        -0.02603042498230934,
        -0.5099527835845947,
        0.2726820409297943,
        -0.029231132939457893
    ],
    "jaw_pose": [
        0.004456013906747103,
        0.02477152645587921,
        0.02922459878027439
    ],
    "leye_pose": [
        0.4395691454410553,
        0.4989040195941925,
        -0.08339565992355347
    ],
    "reye_pose": [
        -0.21504491567611694,
        0.19088450074195862,
        -0.17844343185424805
    ],
    "expression": [
        -0.41506287455558777,
        0.0838935449719429,
        0.14277856051921844,
        0.5068420767784119,
        -0.5212823152542114,
        -0.12531401216983795,
        -0.18154698610305786,
        0.6574311256408691,
        0.05099700391292572,
        0.061560165137052536
    ]
}