{
    "betas": [
        0.638709306716919,
        -0.5975872278213501,
        0.6456978917121887,
        -0.23304633796215057,
        0.08156061172485352,
        -0.09849230200052261,
        0.9555707573890686,
        -0.701260507106781,
        -0.03553534671664238,
        -1.5553990602493286
    ],
    "global_orient": [
        -0.14765682816505432,
        0.3425220847129822,
        0.014651563949882984
    ],
    "body_pose": [
        0.10212939977645874,
        0.2630014717578888,
        -0.09036025404930115,
        -0.5344696044921875,
        -0.48081332445144653,
        0.2144528478384018,
        0.19014830887317657,
        -0.1157808005809784,
        -0.020252060145139694,
        0.16426870226860046,
        -0.5237283706665039,
        0.007322752848267555,
        0.6110713481903076,
        0.31065604090690613,
        -0.022618906572461128,
        0.08913347870111465,
        -0.0586477629840374,
        -0.01310412771999836,
        0.0016121098306030035,
        -0.02009272761642933,
        4.310796612116974e-06,
        0.46702200174331665,
        -0.05563317984342575,
        -3.76853063244198e-06,
        -0.08215365558862686,
        -0.07256478071212769,
        0.06167440861463547,
        8.230960702348966e-06,
        2.851111958079855e-06,
        3.879397809214424e-06,
        2.2945050659473054e-06,
        1.4523023992296658e-06,
        -1.703599423308333e-06,
        0.05702803283929825,
        -0.049780040979385376,
        0.18521668016910553,
        -0.14184275269508362,
        0.1163552850484848,
        0.11460041999816895,
        -0.22487522661685944,
        -0.036620352417230606,
        -0.093238964676857,
        0.22584287822246552,
        -0.05256902053952217,
        -0.12216483801603317,
        0.010849030688405037,
        -0.07607622444629669,
        -0.17395426332950592,
        0.011988489888608456,
        0.9565844535827637,
        0.26165351271629333,
        -0.06682886183261871,
        -0.11735992133617401,
        -0.1060962826013565,
        0.06347325444221497,
        1.338719129562378,
        0.06221511587500572,
        0.37709060311317444,
        0.017681434750556946,
        -0.09728226065635681,
        0.04423915222287178,
        -0.06248012185096741,
        0.12944526970386505
    ],
    "transl": [
        0.2268553376197815,
        1.604628324508667,
        -0.1023717001080513
    ],
    "left_hand_pose": [
        0.15960374474525452,
        0.10997407883405685,
        0.10520351678133011,
        -0.8204871416091919,
        1.5415246486663818,
        1.1972241401672363,
        -0.09962870180606842,
        -1.636783242225647,
        -0.26381123065948486,
        -0.9180217981338501,
        0.8681450486183167,
        -0.14993470907211304
    ],
    "right_hand_pose": [
        0.2509172558784485,
        0.015883794054389,
        0.2378988116979599,
        -1.4047058820724487,
        1.9831429719924927,
        0.8675757050514221,
        0.12388205528259277,
        -0.7362530827522278,
        0.10420151799917221,
        -0.63037109375,
        1.105290412902832,
        -0.6361731290817261
    ],
    "jaw_pose": [
        -0.006828438490629196,
        0.01333912555128336,
        0.025319639593362808
    ],
    "leye_pose": [
        0.4551244378089905,
        0.7630688548088074,
        -0.7033919095993042
    ],
    "reye_pose": [
        -0.40327128767967224,
        0.13533107936382294,
        -0.18317453563213348
    ],
    "expression": [
        -1.0083017349243164,
        0.387543648481369,
        0.4742399752140045,
        1.0413562059402466,
        -0.45819562673568726,
        -0.2094206064939499,
        -0.12762096524238586,
        0.5200836062431335,
        0.21450947225093842,
        0.2754632830619812
    ]
}