{
    "betas": [
        0.9006450176239014,
        -0.43111667037010193,
        1.054341197013855,
        -0.28862160444259644,
        0.32480430603027344,
        -0.32740795612335205,
        0.44169342517852783,
        -1.0675188302993774,
        -0.9449589252471924,
        -1.8933035135269165
    ],
    "global_orient": [
        -0.16178806126117706,
        -0.11909054964780807,
        -0.0345878079533577
    ],
    "body_pose": [
        -0.2177916169166565,
        0.5466804504394531,
        -0.017415564507246017,
        -0.3724844455718994,
        -0.603136420249939,
        -0.10402214527130127,
        0.08183374255895615,
        -0.031523559242486954,
        0.009608770720660686,
        0.7165749669075012,
        -0.5161335468292236,
        0.05479216203093529,
        0.7098244428634644,
        0.4086345434188843,
        -0.23025791347026825,
        0.20820429921150208,
        0.04371295124292374,
        -0.008173367939889431,
        -0.23183807730674744,
        0.13375823199748993,
        2.359978907406912e-06,
        0.0016253029461950064,
        0.07172267138957977,
        2.0093805233045714e-06,
        -0.08706137537956238,
        -0.04516259953379631,
        0.014445788227021694,
        5.122525635670172e-06,
        3.1929025681165513e-06,
        5.2942841648473404e-06,
        -8.987562409856764e-07,
        7.979353995324345e-07,
        1.3978947208670434e-06,
        0.02840513363480568,
        0.20998185873031616,
        0.1417156308889389,
        -0.30871641635894775,
        0.029931917786598206,
        0.24057483673095703,
        -0.2607992887496948,
        -0.025968674570322037,
        -0.250198096036911,
        0.17126262187957764,
        -0.1614139974117279,
        -0.09708255529403687,
        -0.29400548338890076,
        -0.22640186548233032,
        0.04478806257247925,
        -0.24214133620262146,
        0.5486442446708679,
        -0.3454459011554718,
        -0.468027263879776,
        -0.5765451788902283,
        0.8309057354927063,
        -0.28957825899124146,
        1.026585578918457,
        -0.8926734328269958,
        -0.29320141673088074,
        -0.046073880046606064,
        -0.1167057603597641,
        -0.7025250792503357,
        0.010318855755031109,
        -0.2821272015571594
    ],
    "transl": [
        0.16382227838039398,
        1.5461833477020264,
        -0.1244802176952362
    ],
    "left_hand_pose": [
        -3.323207139968872,
        0.5243404507637024,
        -1.348759651184082,
        -2.1335697174072266,
        -0.9652067422866821,
        3.417457342147827,
        -0.49246665835380554,
        -0.8331565260887146,
        1.0427181720733643,
        0.04892948642373085,
        2.7666430473327637,
        -4.657354831695557
    ],
    "right_hand_pose": [
        -3.9167850017547607,
        0.7634220719337463,
        -0.35999324917793274,
        -0.4342782199382782,
        -2.3255136013031006,
        3.0223705768585205,
        0.6692695617675781,
        -0.546040415763855,
        2.9943532943725586,
        1.0714114904403687,
        4.9679484367370605,
        -3.221925973892212
    ],
    "jaw_pose": [
        0.027276238426566124,
        0.01669217087328434,
        0.04110327735543251
    ],
    "leye_pose": [
        0.5604053139686584,
        0.9328263998031616,
        -0.2705136835575104
    ],
    "reye_pose": [
        -0.7257750630378723,
        0.519366443157196,
        -0.6221337914466858
    ],
    "expression": [
        -1.0995763540267944,
        0.46889159083366394,
        0.3537997305393219,
        0.9195367693901062,
        -0.11036338657140732,
        0.4271508455276489,
        -0.47187015414237976,
        0.9596440196037292,
        0.14103716611862183,
        -0.24893559515476227
    ]
}