{
    "betas": [
        0.9630908966064453,
        -0.8203607797622681,
        0.2879984378814697,
        -0.7813556790351868,
        0.0596170611679554,
        -0.034642238169908524,
        0.7675490975379944,
        -0.6290439367294312,
        0.17476113140583038,
        -2.31286358833313
    ],
    "global_orient": [
        -0.10495829582214355,
        0.6173143982887268,
        0.029292210936546326
    ],
    "body_pose": [
        0.19838833808898926,
        -0.21308669447898865,
        -0.09338952600955963,
        -0.20045170187950134,
        -0.14694750308990479,
        -0.08957992494106293,
        0.016901830211281776,
        -0.06152799725532532,
        0.09808754175901413,
        0.058446645736694336,
        -0.3461846113204956,
        -0.019596358761191368,
        0.8619136810302734,
        0.09278100728988647,
        -0.30149608850479126,
        0.2798081338405609,
        0.014225486665964127,
        -0.11489523947238922,
        0.05336093530058861,
        -0.09228014200925827,
        1.6395756574638654e-06,
        0.5663114786148071,
        -0.14014577865600586,
        -1.2752133216054062e-06,
        0.018202636390924454,
        0.06571828573942184,
        0.013230412267148495,
        6.262128408707213e-06,
        1.5649904980818974e-06,
        3.1810814107302576e-06,
        -1.0327611335014808e-06,
        2.4176915758289397e-06,
        1.2996544000998256e-06,
        0.24760296940803528,
        -0.10994808375835419,
        0.004583847709000111,
        -0.08445130288600922,
        0.24826961755752563,
        -0.1862240880727768,
        -0.09932591766119003,
        0.23121234774589539,
        0.29310867190361023,
        0.20477475225925446,
        -0.12142085283994675,
        0.022910891100764275,
        -0.04633958265185356,
        -0.04547492042183876,
        -0.9101474285125732,
        -0.15258663892745972,
        0.33587193489074707,
        0.3870457112789154,
        -0.08104484528303146,
        -0.19856753945350647,
        -0.0620393306016922,
        -0.14832846820354462,
        0.39067941904067993,
        0.012451555579900742,
        0.10543137788772583,
        -0.02782682329416275,
        -0.06905528157949448,
        -0.31109556555747986,
        -0.002998950658366084,
        -0.01457471027970314
    ],
    "transl": [
        0.2599306106567383,
        1.5931880474090576,
        -0.04169119894504547
    ],
    "left_hand_pose": [
        -1.7022912502288818,
        0.7750409245491028,
        -0.783443033695221,
        -1.9106537103652954,
        1.2264199256896973,
        2.618271589279175,
        0.03146159648895264,
        -1.5060970783233643,
        -0.0833156481385231,
        -0.08887559920549393,
        0.8759296536445618,
        0.08983492106199265
    ],
    "right_hand_pose": [
        -2.5702154636383057,
        0.6408079266548157,
        -1.7883199453353882,
        -1.4736623764038086,
        0.14706555008888245,
        1.853472352027893,
        -0.4911229610443115,
        -0.31921693682670593,
        -0.5170992016792297,
        -0.2186298817396164,
        2.266711950302124,
        -2.506289005279541
    ],
    "jaw_pose": [
        0.03373575210571289,
        -0.019882583990693092,
        0.046686623245477676
    ],
    "leye_pose": [
        1.0667022466659546,
        0.8213695287704468,
        -0.2805226147174835
    ],
    "reye_pose": [
        -0.7710402011871338,
        -0.8777733445167542,
        -3.7352983951568604
    ],
    "expression": [
        0.32462823390960693,
        -0.7309610247612,
        -0.23473337292671204,
        0.5231850147247314,
        -0.6043957471847534,
        -0.27159908413887024,
        -0.2670469284057617,
        0.9444006681442261,
        -0.056043047457933426,
        0.28159910440444946
    ]
}