{
    "betas": [
        0.7946785092353821,
        -0.5973497033119202,
        0.972416877746582,
        -0.24464842677116394,
        0.2538408041000366,
        -0.10359258949756622,
        0.8378467559814453,
        -0.7942776083946228,
        -0.3511805832386017,
        -2.1973938941955566
    ],
    "global_orient": [
        -0.0873119980096817,
        0.36577215790748596,
        -0.13770487904548645
    ],
    "body_pose": [
        -0.13153186440467834,
        0.11791728436946869,
        -0.027614852413535118,
        -0.34676679968833923,
        0.013284964486956596,
        -0.08564037829637527,
        0.12342701107263565,
        -0.15538716316223145,
        0.07172826677560806,
        0.34483787417411804,
        -0.6260837912559509,
        0.06478679925203323,
        0.780380368232727,
        0.33657339215278625,
        -0.19860877096652985,
        0.12025562673807144,
        -0.08627275377511978,
        -0.05314157158136368,
        0.014377307146787643,
        0.05140618607401848,
        2.8313045277172932e-06,
        0.7374328374862671,
        0.13179223239421844,
        3.2139250834006816e-06,
        -0.05459529906511307,
        -0.12697072327136993,
        0.06003754958510399,
        4.918724243907491e-06,
        3.37432084052125e-06,
        4.445181275514187e-06,
        -7.299139497263241e-07,
        1.974174892893643e-06,
        1.036053049574548e-06,
        -0.005328713450580835,
        0.02339661866426468,
        0.04822489991784096,
        -0.06495300680398941,
        0.22874261438846588,
        0.07328919321298599,
        -0.13279642164707184,
        -0.07509314268827438,
        0.07676799595355988,
        0.18843819200992584,
        -0.04401250183582306,
        -0.047458257526159286,
        0.1998818814754486,
        -0.47045812010765076,
        -0.15386119484901428,
        -0.04591262340545654,
        0.3304084837436676,
        0.1314430981874466,
        -0.10027947276830673,
        -1.3521281480789185,
        0.4234650135040283,
        0.06960771232843399,
        0.41510897874832153,
        0.07771174609661102,
        0.3920894265174866,
        -0.239253968000412,
        -0.05857609584927559,
        -0.0087177325040102,
        -0.1857461929321289,
        0.16799120604991913
    ],
    "transl": [
        0.2214486449956894,
        1.6028639078140259,
        -0.13558755815029144
    ],
    "left_hand_pose": [
        0.10932988673448563,
        0.2576097249984741,
        0.13810694217681885,
        -0.06530716270208359,
        0.702654242515564,
        0.6154184937477112,
        -0.627148449420929,
        -1.0316624641418457,
        0.15400008857250214,
        -0.5003229975700378,
        0.8825837969779968,
        -0.8297799229621887
    ],
    "right_hand_pose": [
        0.1414150446653366,
        -0.05531063675880432,
        0.1618146002292633,
        -1.3181524276733398,
        1.4057635068893433,
        0.5827292203903198,
        0.7709692716598511,
        -0.858752965927124,
        -0.4558667540550232,
        -1.090275764465332,
        0.6386995315551758,
        -0.9766258001327515
    ],
    "jaw_pose": [
        0.016146810725331306,
        0.014825060032308102,
        0.02741624228656292
    ],
    "leye_pose": [
        0.7135286331176758,
        0.810926616191864,
        -0.31805214285850525
    ],
    "reye_pose": [
        -0.33105069398880005,
        0.1966821849346161,
        -0.4504639804363251
    ],
    "expression": [
        -0.32314595580101013,
        0.574496328830719,
        0.55319744348526,
        0.7830371856689453,
        -0.3250053822994232,
        -0.16098171472549438,
        -0.11162786185741425,
        0.6474465131759644,
        0.11182459443807602,
        -0.01585349068045616
    ]
}