{
    "betas": [
        0.6634885668754578,
        -0.5620330572128296,
        0.7139075994491577,
        -0.16783863306045532,
        0.10275256633758545,
        -0.11748005449771881,
        0.9922598004341125,
        -0.6975475549697876,
        -0.15261982381343842,
        -1.7474061250686646
    ],
    "global_orient": [
        -0.18263088166713715,
        0.4309869408607483,
        -0.05297103896737099
    ],
    "body_pose": [
        0.10477882623672485,
        0.22764058411121368,
        0.0004260740533936769,
        -0.5651018619537354,
        -0.28119397163391113,
        0.12774398922920227,
        0.17527642846107483,
        -0.20208671689033508,
        0.014937976375222206,
        0.10253743082284927,
        -0.6185288429260254,
        -0.016909290105104446,
        0.7684505581855774,
        0.3329707086086273,
        -0.06391757726669312,
        0.11706900596618652,
        -0.1102762520313263,
        -0.02964036725461483,
        0.09356401115655899,
        -0.0816103145480156,
        -3.3265081356148585e-07,
        0.4385031461715698,
        0.00925559364259243,
        -8.534359352552201e-08,
        -0.06493035703897476,
        -0.06889698654413223,
        0.041837140917778015,
        6.362156454997603e-06,
        2.8838524031016277e-06,
        3.202490688636317e-06,
        1.2289449387026252e-06,
        1.4380954098669463e-06,
        -1.387585257361934e-06,
        0.02349613793194294,
        0.01343110203742981,
        0.13761383295059204,
        -0.1457892209291458,
        0.031072521582245827,
        0.13079971075057983,
        -0.1610942929983139,
        -0.052199456840753555,
        -0.04347514733672142,
        0.18573598563671112,
        -0.09677665680646896,
        -0.11406030505895615,
        -0.00050488201668486,
        -0.2998839020729065,
        -0.08640396595001221,
        0.0015856220852583647,
        0.7164044976234436,
        0.201602041721344,
        -0.09693655371665955,
        -0.35939714312553406,
        -0.06060001626610756,
        0.03711804002523422,
        1.2327708005905151,
        -0.0031361335422843695,
        0.41663360595703125,
        -0.09531309455633163,
        -0.09425117820501328,
        -0.02399321459233761,
        -0.1024714857339859,
        0.1933448314666748
    ],
    "transl": [
        0.23287689685821533,
        1.6181617975234985,
        -0.13530439138412476
    ],
    "left_hand_pose": [
        0.13744443655014038,
        0.3151116967201233,
        0.6292923092842102,
        -0.21866358816623688,
        0.6166712045669556,
        0.537738025188446,
        0.47069501876831055,
        -1.5054936408996582,
        0.7423396706581116,
        -0.9577266573905945,
        0.6549842953681946,
        -1.4113634824752808
    ],
    "right_hand_pose": [
        0.12410980463027954,
        0.0242609940469265,
        0.25442686676979065,
        -1.27774178981781,
        1.4095311164855957,
        0.7129752039909363,
        0.2487931102514267,
        -0.7892007231712341,
        0.7144156098365784,
        -0.9280431866645813,
        -0.2674066126346588,
        -1.6795682907104492
    ],
    "jaw_pose": [
        0.014773954637348652,
        0.016443945467472076,
        0.0269466545432806
    ],
    "leye_pose": [
        0.7161301374435425,
        0.7930320501327515,
        -0.35175228118896484
    ],
    "reye_pose": [
        -0.48888763785362244,
        0.09487748146057129,
        -0.36300182342529297
    ],
    "expression": [
        -0.49738457798957825,
        0.4709167182445526,
        0.44062328338623047,
        0.9972323775291443,
        -0.4090842306613922,
        -0.21142500638961792,
        -0.1714058369398117,
        0.5916826725006104,
        0.1427208036184311,
        0.13465173542499542
    ]
}