{
    "betas": [
        1.1202967166900635,
        -0.5751422643661499,
        0.7984940409660339,
        -0.31598225235939026,
        0.15949466824531555,
        -0.07532699406147003,
        0.10802453756332397,
        -0.6700258851051331,
        -0.41341614723205566,
        -2.2237389087677
    ],
    "global_orient": [
        -0.16818241775035858,
        -0.14265504479408264,
        -0.012808924540877342
    ],
    "body_pose": [
        -0.06696972250938416,
        0.08821026235818863,
        -0.024668535217642784,
        -0.18765321373939514,
        -0.24578359723091125,
        -0.05046088248491287,
        0.020862843841314316,
        0.070489302277565,
        -0.00025889876997098327,
        0.5485628247261047,
        -0.17911987006664276,
        -0.013592450879514217,
        0.5847242474555969,
        0.2010076940059662,
        -0.13738873600959778,
        0.2770121991634369,
        0.0034381060395389795,
        -0.040863167494535446,
        -0.15227746963500977,
        0.2692781686782837,
        3.091225153184496e-06,
        -0.02613983489573002,
        -0.12346886843442917,
        -3.473420747468481e-06,
        -0.010976294986903667,
        -0.0886782631278038,
        0.03184610232710838,
        4.951444225298474e-06,
        3.014511548826704e-06,
        5.748694093199447e-06,
        2.6083223474415718e-06,
        1.2110911029594718e-06,
        -1.5755847471154993e-06,
        0.18240532279014587,
        0.032039668411016464,
        0.20950444042682648,
        -0.2800337076187134,
        -0.049113012850284576,
        0.19323433935642242,
        -0.2511618733406067,
        0.018974795937538147,
        -0.21098686754703522,
        0.3502962291240692,
        -0.07674872130155563,
        -0.11389333754777908,
        -0.12367414683103561,
        -0.5175588130950928,
        -0.23184405267238617,
        -0.254605770111084,
        0.6051781177520752,
        -0.2695532739162445,
        -0.2742307186126709,
        -0.9970130920410156,
        1.0630439519882202,
        -0.3478996157646179,
        0.9191402196884155,
        -0.7483232021331787,
        -0.1416105031967163,
        -0.02617163024842739,
        0.2144748568534851,
        -0.6907492876052856,
        0.014751048758625984,
        -0.3328748941421509
    ],
    "transl": [
        0.1128423735499382,
        1.5578683614730835,
        -0.10468979179859161
    ],
    "left_hand_pose": [
        -3.7658751010894775,
        0.5892722606658936,
        -1.1206469535827637,
        -1.4012949466705322,
        -2.1758697032928467,
        2.72487473487854,
        -0.048546914011240005,
        -0.0851350650191307,
        1.4983032941818237,
        1.1597353219985962,
        4.047961711883545,
        -3.4646220207214355
    ],
    "right_hand_pose": [
        -3.3682732582092285,
        1.136125922203064,
        0.3207465708255768,
        -1.4884699583053589,
        -1.2570185661315918,
        1.519248366355896,
        1.0840643644332886,
        -1.0596275329589844,
        -1.3630725145339966,
        0.32528066635131836,
        3.816891670227051,
        -0.638079822063446
    ],
    "jaw_pose": [
        -0.01794128678739071,
        0.015615888871252537,
        0.006838052533566952
    ],
    "leye_pose": [
        0.6924435496330261,
        0.5538026690483093,
        -0.060888174921274185
    ],
    "reye_pose": [
        -0.6422904133796692,
        -0.9555205702781677,
        -2.748741626739502
    ],
    "expression": [
        0.4540715515613556,
        0.5134297609329224,
        -0.02428119257092476,
        1.1224298477172852,
        -0.22741614282131195,
        -0.10804446786642075,
        -0.13233675062656403,
        0.6142820715904236,
        -0.21363121271133423,
        -0.07077599316835403
    ]
}