{
    "betas": [
        0.6634864807128906,
        -0.761006236076355,
        1.0577877759933472,
        -0.5680120587348938,
        0.09926719218492508,
        -0.08586185425519943,
        0.7639695405960083,
        -0.880081295967102,
        -0.1432635486125946,
        -1.7422890663146973
    ],
    "global_orient": [
        -0.1344708353281021,
        0.224056676030159,
        -0.1270265132188797
    ],
    "body_pose": [
        -0.010629430413246155,
        0.31644687056541443,
        0.05601590499281883,
        -0.4021691083908081,
        -0.28053855895996094,
        -0.070623017847538,
        0.16793954372406006,
        -0.040055520832538605,
        0.005124339368194342,
        0.17649884521961212,
        -0.5759212970733643,
        -0.017040761187672615,
        0.6881284713745117,
        0.05021795257925987,
        -0.09149192273616791,
        0.10954625904560089,
        -0.06701245903968811,
        0.004173239227384329,
        0.051733147352933884,
        -0.020336605608463287,
        1.050982177730475e-06,
        0.31952860951423645,
        -0.27199774980545044,
        -3.598238436097745e-06,
        -0.033835530281066895,
        -0.10906386375427246,
        0.07628285139799118,
        5.9759449868579395e-06,
        3.369543492226512e-06,
        4.586233899317449e-06,
        9.08757272100047e-07,
        1.833043256738165e-06,
        -7.304864197976713e-07,
        -0.11145899444818497,
        -0.012368002906441689,
        0.08564815670251846,
        -0.08412647247314453,
        0.23729678988456726,
        0.06652258336544037,
        -0.13190628588199615,
        -0.009263720363378525,
        0.04609951004385948,
        0.18060828745365143,
        -0.12055127322673798,
        -0.03739883378148079,
        0.23134666681289673,
        -0.39120274782180786,
        -0.38695836067199707,
        -0.034263648092746735,
        0.5943843126296997,
        0.31084734201431274,
        -0.20663248002529144,
        -1.3338744640350342,
        0.5129989981651306,
        0.023111457005143166,
        0.8070147633552551,
        0.03639466315507889,
        0.3319464921951294,
        -0.21591897308826447,
        -0.15011678636074066,
        -0.10661909729242325,
        -0.1358610838651657,
        0.12623699009418488
    ],
    "transl": [
        0.22385920584201813,
        1.6203675270080566,
        -0.14179164171218872
    ],
    "left_hand_pose": [
        -0.14452818036079407,
        0.9721399545669556,
        -0.44981446862220764,
        -0.28702735900878906,
        1.1451351642608643,
        1.340029001235962,
        0.17235375940799713,
        -0.9371711015701294,
        1.7023242712020874,
        0.055949561297893524,
        0.8341299891471863,
        0.7231819033622742
    ],
    "right_hand_pose": [
        0.2621433734893799,
        0.24220094084739685,
        0.09290863573551178,
        -1.6673530340194702,
        1.6618828773498535,
        1.1711759567260742,
        1.0388329029083252,
        -1.2962583303451538,
        -0.40853357315063477,
        -1.1876473426818848,
        0.3487641215324402,
        -1.0170615911483765
    ],
    "jaw_pose": [
        0.012822824530303478,
        0.009784313850104809,
        0.03438164293766022
    ],
    "leye_pose": [
        0.5572991371154785,
        0.9112535715103149,
        -0.0736079290509224
    ],
    "reye_pose": [
        -0.6121900677680969,
        0.24737448990345,
        -0.5154125690460205
    ],
    "expression": [
        -0.6252315640449524,
        0.6864018440246582,
        0.4117507338523865,
        0.8261404037475586,
        -0.2508731484413147,
        -0.014351148158311844,
        -0.22519411146640778,
        0.6833419799804688,
        0.19675345718860626,
        -0.08718587458133698
    ]
}