{
    "betas": [
        0.6838409900665283,
        -0.33075934648513794,
        0.8151753544807434,
        -0.27025362849235535,
        0.30932798981666565,
        -0.33758068084716797,
        0.4842528998851776,
        -1.10206139087677,
        -0.8824051022529602,
        -1.8012114763259888
    ],
    "global_orient": [
        -0.11819993704557419,
        -0.08304451406002045,
        -0.05180032551288605
    ],
    "body_pose": [
        -0.19791604578495026,
        0.47080954909324646,
        0.03606943041086197,
        -0.34411653876304626,
        -0.4735983610153198,
        -0.11183327436447144,
        0.06830679625272751,
        -0.00672583794221282,
        0.014984729699790478,
        0.592575192451477,
        -0.4600900113582611,
        -0.04922623559832573,
        0.6513726711273193,
        0.3038140833377838,
        -0.11706419289112091,
        0.19284719228744507,
        0.008952909149229527,
        0.00028242048574611545,
        -0.1978359967470169,
        0.09963639080524445,
        4.2144192775595e-06,
        0.08151845633983612,
        -0.03252987563610077,
        6.396962248800264e-07,
        -0.11895556002855301,
        -0.03971913456916809,
        0.03442797809839249,
        7.18718183634337e-06,
        4.085064119863091e-06,
        5.71242208025069e-06,
        3.5298350553603086e-07,
        1.3697449503524695e-06,
        5.457334850689222e-07,
        0.033346641808748245,
        0.2317565530538559,
        0.13349878787994385,
        -0.30067819356918335,
        -0.045804936438798904,
        0.22819370031356812,
        -0.2948976457118988,
        -0.04038501903414726,
        -0.17637521028518677,
        0.1785999983549118,
        -0.13929541409015656,
        -0.15983237326145172,
        -0.43447864055633545,
        -0.14400383830070496,
        0.1144573986530304,
        -0.30208030343055725,
        0.4831126034259796,
        -0.32613512873649597,
        -0.6489447355270386,
        -0.29329654574394226,
        0.4402379095554352,
        -0.2605621814727783,
        1.0830885171890259,
        -1.142973780632019,
        -0.05137227103114128,
        -0.044468753039836884,
        -0.07696236670017242,
        -0.7646538019180298,
        -0.07396399229764938,
        -0.2461085021495819
    ],
    "transl": [
        0.17272303998470306,
        1.5688228607177734,
        -0.12514200806617737
    ],
    "left_hand_pose": [
        -3.142157793045044,
        0.8177959322929382,
        -1.3501919507980347,
        -2.4696764945983887,
        -0.3472755253314972,
        2.834601879119873,
        -0.23279830813407898,
        -1.0144919157028198,
        -0.43800827860832214,
        -1.0348707437515259,
        1.9157487154006958,
        -5.2349162101745605
    ],
    "right_hand_pose": [
        -4.064055919647217,
        0.8072038888931274,
        -0.7196037173271179,
        0.317335844039917,
        -3.0070950984954834,
        3.559633731842041,
        1.1429758071899414,
        -0.25950685143470764,
        5.707499980926514,
        1.365139365196228,
        6.200911521911621,
        -4.108871936798096
    ],
    "jaw_pose": [
        0.03139070048928261,
        0.00798011850565672,
        0.029547277837991714
    ],
    "leye_pose": [
        0.11870831251144409,
        0.5230563282966614,
        0.20117560029029846
    ],
    "reye_pose": [
        -0.6591366529464722,
        0.27019786834716797,
        -0.3651806712150574
    ],
    "expression": [
        -1.1712028980255127,
        0.4935166835784912,
        0.1700434386730194,
        0.3269980847835541,
        -0.1738312691450119,
        0.19027678668498993,
        -0.13962803781032562,
        0.558277428150177,
        0.12094560265541077,
        -0.08570101112127304
    ]
}