{
    "betas": [
        0.6221272349357605,
        -0.709070086479187,
        0.5051352381706238,
        -0.58002769947052,
        0.15159772336483002,
        -0.10423320531845093,
        0.5618883371353149,
        -0.7972050905227661,
        0.05849378556013107,
        -1.5647928714752197
    ],
    "global_orient": [
        -0.03110739216208458,
        0.44287505745887756,
        -0.05275220796465874
    ],
    "body_pose": [
        -0.17106565833091736,
        0.24425244331359863,
        -0.004352235700935125,
        -0.022753888741135597,
        0.17345716059207916,
        0.004258741158992052,
        -0.01995253562927246,
        0.1478816568851471,
        7.796903082635254e-05,
        0.30276545882225037,
        -0.7113606333732605,
        0.07625230401754379,
        0.3081980347633362,
        -0.2055317908525467,
        0.04012669622898102,
        0.11332867294549942,
        0.1858515739440918,
        -0.09171885251998901,
        -0.05046220123767853,
        -0.03532544523477554,
        2.306689339093282e-06,
        -0.03865183889865875,
        -0.6011365056037903,
        -3.8893381315574516e-06,
        -0.10896579176187515,
        -0.04858562350273132,
        -0.09928154945373535,
        7.558636752946768e-06,
        2.6045306640298804e-06,
        4.3544118852878455e-06,
        9.510113159194589e-07,
        6.805530574638397e-07,
        -1.745627514537773e-06,
        0.005279998295009136,
        -0.2936820089817047,
        0.17404066026210785,
        -0.11418502032756805,
        0.2635768949985504,
        -0.018751034513115883,
        -0.29708075523376465,
        0.07279278337955475,
        -0.2577389180660248,
        0.10363465547561646,
        -0.42155107855796814,
        -0.02520366571843624,
        -0.1402798742055893,
        0.14679351449012756,
        -0.49502208828926086,
        -0.30060461163520813,
        0.43338215351104736,
        -0.4238586723804474,
        -0.3710969388484955,
        -0.11628992110490799,
        -0.005612340290099382,
        -0.36079564690589905,
        0.5243935585021973,
        -0.786622166633606,
        0.14457061886787415,
        0.08960413932800293,
        0.0585259348154068,
        -0.5582205057144165,
        0.014539184980094433,
        -0.33452385663986206
    ],
    "transl": [
        0.13347290456295013,
        1.6067523956298828,
        -0.09205826371908188
    ],
    "left_hand_pose": [
        -2.1981937885284424,
        1.6071254014968872,
        -1.100207805633545,
        -2.3015897274017334,
        0.43786922097206116,
        2.6286709308624268,
        0.34050604701042175,
        -1.671085000038147,
        -1.5272810459136963,
        -0.9796315431594849,
        0.4533082842826843,
        -1.997420072555542
    ],
    "right_hand_pose": [
        -3.4802799224853516,
        -0.1271771490573883,
        -1.7009897232055664,
        0.08691181987524033,
        -0.25208204984664917,
        1.3335427045822144,
        0.10026261955499649,
        2.224113941192627,
        1.1388028860092163,
        -0.3175208866596222,
        3.598142147064209,
        -4.534815788269043
    ],
    "jaw_pose": [
        0.11758478730916977,
        0.003925437107682228,
        0.025011267513036728
    ],
    "leye_pose": [
        0.2190496325492859,
        0.4439089894294739,
        -0.23527535796165466
    ],
    "reye_pose": [
        0.11674832552671432,
        -0.9949248433113098,
        -3.2818031311035156
    ],
    "expression": [
        0.23792283236980438,
        0.09655461460351944,
        0.1694454401731491,
        -0.10491979867219925,
        -0.5189889073371887,
        -0.2059379667043686,
        0.0005884573911316693,
        0.6603181958198547,
        -0.22590525448322296,
        -0.09556687623262405
    ]
}