{
    "betas": [
        0.7463228702545166,
        -0.6293216943740845,
        0.7384434938430786,
        -0.5565971732139587,
        0.0795031189918518,
        -0.12585331499576569,
        1.060386300086975,
        -1.0287247896194458,
        -0.010179426521062851,
        -1.7896077632904053
    ],
    "global_orient": [
        -0.14165449142456055,
        0.15516595542430878,
        0.16371022164821625
    ],
    "body_pose": [
        0.060644686222076416,
        0.15938140451908112,
        -0.3165804147720337,
        -0.34547457098960876,
        -0.5251762866973877,
        0.2610777020454407,
        0.17271894216537476,
        0.019278010353446007,
        -0.08060216158628464,
        0.33089426159858704,
        -0.37243443727493286,
        -0.008332007564604282,
        0.31652534008026123,
        0.2752648890018463,
        -0.06155562400817871,
        0.07307206839323044,
        0.05998217314481735,
        -0.04760027304291725,
        -0.17405574023723602,
        0.12350092828273773,
        5.786750534753082e-06,
        0.35264092683792114,
        -0.41518154740333557,
        -5.295311893860344e-06,
        -0.0735907182097435,
        -0.029085515066981316,
        0.06313198804855347,
        3.799450723818154e-06,
        2.7440389658295317e-06,
        5.509664333658293e-06,
        3.9072909885362606e-07,
        1.5587432926622569e-06,
        -3.9332767300948035e-06,
        0.059326380491256714,
        -0.11464625597000122,
        0.13683316111564636,
        -0.10868236422538757,
        0.1341119259595871,
        0.05943858250975609,
        -0.22127127647399902,
        0.26883557438850403,
        0.07116656005382538,
        0.2102980762720108,
        -0.09287982434034348,
        -0.10627558827400208,
        -0.09072033315896988,
        -0.04157623276114464,
        -0.20368532836437225,
        -0.01495521143078804,
        1.1110419034957886,
        0.16624242067337036,
        -0.05136653408408165,
        -0.07197955250740051,
        -0.06923515349626541,
        -0.014427341520786285,
        1.6703293323516846,
        0.14354848861694336,
        0.039185941219329834,
        0.10893996804952621,
        -0.0619315430521965,
        -0.05071364343166351,
        0.21009822189807892,
        0.29560568928718567
    ],
    "transl": [
        0.23840028047561646,
        1.5728600025177002,
        -0.08812879770994186
    ],
    "left_hand_pose": [
        0.11753993481397629,
        0.3804328441619873,
        -0.0407625176012516,
        -0.1713801920413971,
        0.6610549092292786,
        0.8646389245986938,
        -0.26867350935935974,
        -1.0846316814422607,
        -0.06802169233560562,
        -0.2977544665336609,
        0.4815634787082672,
        0.5711472630500793
    ],
    "right_hand_pose": [
        0.2987656891345978,
        0.6054027676582336,
        0.33207473158836365,
        -1.379394292831421,
        1.2455929517745972,
        -0.10106593370437622,
        1.1226733922958374,
        -0.6927117705345154,
        -0.6310082077980042,
        -1.769945502281189,
        0.3691030442714691,
        -3.7960903644561768
    ],
    "jaw_pose": [
        -0.0023003288079053164,
        0.003457945305854082,
        0.03900757431983948
    ],
    "leye_pose": [
        0.7421563267707825,
        1.0478283166885376,
        -0.6996315717697144
    ],
    "reye_pose": [
        -0.4136296212673187,
        0.43110033869743347,
        -0.4857363998889923
    ],
    "expression": [
        -1.0488264560699463,
        0.16204892098903656,
        0.19353213906288147,
        1.327236533164978,
        -0.5961944460868835,
        -0.08308536559343338,
        -0.27404648065567017,
        0.8331157565116882,
        0.30342110991477966,
        0.3128316104412079
    ]
}