{
    "betas": [
        0.6806142330169678,
        -0.7667313814163208,
        0.9520995616912842,
        -0.808963418006897,
        0.030163753777742386,
        -0.0008286264492198825,
        0.5369185209274292,
        -0.8412899374961853,
        -0.447014719247818,
        -1.9071464538574219
    ],
    "global_orient": [
        -0.12029002606868744,
        0.1327456384897232,
        -0.17559778690338135
    ],
    "body_pose": [
        -0.09430250525474548,
        0.15364202857017517,
        0.07258577644824982,
        -0.30847692489624023,
        -0.12820741534233093,
        -0.14505690336227417,
        0.14532364904880524,
        0.03111998923122883,
        0.018127361312508583,
        0.35800257325172424,
        -0.41579434275627136,
        0.020496483892202377,
        0.6218121647834778,
        0.05231594666838646,
        -0.06269031018018723,
        0.14813080430030823,
        -0.05115712434053421,
        0.03688091039657593,
        -0.06444232165813446,
        0.1075073629617691,
        2.417441919533303e-06,
        0.5010119676589966,
        -0.19523413479328156,
        -5.195774065214209e-06,
        -0.04259869456291199,
        -0.13993680477142334,
        0.09032392501831055,
        6.924370609340258e-06,
        2.941404318335117e-06,
        3.556239562385599e-06,
        1.216696432493336e-06,
        8.211482054321095e-07,
        -5.945099701420986e-07,
        -0.028775036334991455,
        -0.02434614673256874,
        0.09530390799045563,
        -0.03507840633392334,
        0.25223469734191895,
        0.03345392271876335,
        -0.1492752879858017,
        -0.061125367879867554,
        0.04172667860984802,
        0.2563888430595398,
        -0.05477488040924072,
        -0.0339650884270668,
        0.2753934860229492,
        -0.4345533549785614,
        -0.39568617939949036,
        -0.014036078006029129,
        0.6215495467185974,
        0.16996464133262634,
        -0.09469025582075119,
        -1.609315276145935,
        0.6841709017753601,
        0.10829943418502808,
        0.6627852320671082,
        0.09333693236112595,
        0.38103368878364563,
        -0.30786940455436707,
        -0.054682426154613495,
        0.07943553477525711,
        -0.15826691687107086,
        0.1274152547121048
    ],
    "transl": [
        0.19947366416454315,
        1.609620213508606,
        -0.13013535737991333
    ],
    "left_hand_pose": [
        0.004563626367598772,
        0.2927166521549225,
        -0.16512992978096008,
        0.29378923773765564,
        0.30458274483680725,
        0.8201557397842407,
        -0.622347891330719,
        -0.7456904053688049,
        -0.060765039175748825,
        -0.11788590252399445,
        0.8019610047340393,
        0.5009305477142334
    ],
    "right_hand_pose": [
        0.40922844409942627,
        0.10174226015806198,
        0.3501488268375397,
        -1.6370775699615479,
        1.375435471534729,
        0.13652513921260834,
        1.9293022155761719,
        -0.8395817875862122,
        -1.496190071105957,
        -1.3555290699005127,
        0.947465717792511,
        -0.5856870412826538
    ],
    "jaw_pose": [
        -0.0046444605104625225,
        0.008755051530897617,
        0.02725897915661335
    ],
    "leye_pose": [
        0.8056060671806335,
        0.9823307991027832,
        -0.368061363697052
    ],
    "reye_pose": [
        -0.5715367197990417,
        0.3589211404323578,
        -0.6196751594543457
    ],
    "expression": [
        -0.1820402890443802,
        0.6469075679779053,
        0.5793271064758301,
        0.9912433624267578,
        -0.2677856981754303,
        0.04795113578438759,
        -0.18965080380439758,
        0.6767514944076538,
        0.15722793340682983,
        -0.008189968764781952
    ]
}