{
    "betas": [
        0.5700744986534119,
        -0.24799764156341553,
        -0.04752534627914429,
        -0.29209592938423157,
        0.16677920520305634,
        -0.011472944170236588,
        0.8843823671340942,
        -1.170192837715149,
        -0.08223411440849304,
        -2.1584060192108154
    ],
    "global_orient": [
        -0.04542083665728569,
        0.9587900638580322,
        -0.07260358333587646
    ],
    "body_pose": [
        -0.1334734708070755,
        0.18509207665920258,
        -0.02793091908097267,
        0.2132047861814499,
        0.5945477485656738,
        -0.0033988922368735075,
        -0.038944490253925323,
        0.21403981745243073,
        0.07417259365320206,
        0.17696651816368103,
        -0.8965305089950562,
        0.06405868381261826,
        0.24670380353927612,
        0.018047314137220383,
        0.09456165134906769,
        0.0853009968996048,
        0.09383121132850647,
        -0.0568104051053524,
        0.003059862181544304,
        -0.33311447501182556,
        -1.6457800029456848e-06,
        0.2890903055667877,
        -0.4446170926094055,
        -1.7398627960574231e-06,
        -0.07773050665855408,
        -0.04871327057480812,
        -0.008312718942761421,
        5.3559760999633e-06,
        3.5307989492139313e-06,
        2.2290266770141898e-06,
        4.0213916463471833e-07,
        2.4993189526867354e-06,
        -1.4299575923359953e-06,
        0.043012212961912155,
        -0.45886459946632385,
        0.13732050359249115,
        -0.26305752992630005,
        0.10172674059867859,
        0.08648782968521118,
        -0.3664703965187073,
        0.09048741310834885,
        -0.08460330218076706,
        0.13343819975852966,
        -0.4748287498950958,
        -0.01864602603018284,
        -0.15632247924804688,
        -0.0855298861861229,
        -0.1635688841342926,
        -0.36232396960258484,
        0.20434965193271637,
        0.016156695783138275,
        -0.15111574530601501,
        -0.004187152720987797,
        -0.10331961512565613,
        -0.38252273201942444,
        -0.11369438469409943,
        0.04559310898184776,
        0.05422858148813248,
        0.061754778027534485,
        -0.09870491921901703,
        -0.08447445929050446,
        -0.1639191061258316,
        0.10359133780002594
    ],
    "transl": [
        0.2033773809671402,
        1.6121459007263184,
        -0.12039728462696075
    ],
    "left_hand_pose": [
        -2.1531450748443604,
        1.3556671142578125,
        -0.7299703359603882,
        -2.245527505874634,
        0.7908378839492798,
        2.9814841747283936,
        0.29772821068763733,
        -1.7350283861160278,
        -1.4911030530929565,
        -0.7990573048591614,
        0.0035833807196468115,
        -1.2485435009002686
    ],
    "right_hand_pose": [
        -2.748302459716797,
        0.6307790279388428,
        -1.2981206178665161,
        -1.0999042987823486,
        2.118579864501953,
        -0.3267430067062378,
        0.5983426570892334,
        2.7053396701812744,
        -0.840447723865509,
        -1.091110110282898,
        2.920992374420166,
        -1.6169712543487549
    ],
    "jaw_pose": [
        0.16309423744678497,
        -0.012039071880280972,
        0.04033888503909111
    ],
    "leye_pose": [
        0.3830709457397461,
        0.5103294253349304,
        0.27086037397384644
    ],
    "reye_pose": [
        -0.10282357782125473,
        -1.2427273988723755,
        -3.4010396003723145
    ],
    "expression": [
        0.32618868350982666,
        -0.3973526358604431,
        0.05115755647420883,
        -0.030261758714914322,
        -0.5178887248039246,
        -0.3537377715110779,
        -0.030727650970220566,
        0.8751554489135742,
        -0.18363139033317566,
        0.12032975256443024
    ]
}