{
    "betas": [
        0.4545012414455414,
        -0.3354393243789673,
        0.01986270770430565,
        -0.177307590842247,
        0.31118297576904297,
        -0.10405834764242172,
        0.8754934072494507,
        -1.0584214925765991,
        -0.06155579164624214,
        -1.8490010499954224
    ],
    "global_orient": [
        -0.035692937672138214,
        0.8370716571807861,
        -0.06555966287851334
    ],
    "body_pose": [
        -0.1041199192404747,
        0.1657840609550476,
        0.03428507223725319,
        0.14283578097820282,
        0.5609462857246399,
        0.016874613240361214,
        0.0009252772433683276,
        0.1924019604921341,
        0.017284518107771873,
        0.08432003855705261,
        -0.7942667007446289,
        0.017935073003172874,
        0.2669290602207184,
        -0.0890265479683876,
        0.08297313749790192,
        0.018685506656765938,
        0.13399502635002136,
        -0.12352890521287918,
        0.05490158870816231,
        -0.28651371598243713,
        -2.0250238321750658e-06,
        0.1702808439731598,
        -0.5086541175842285,
        -5.74591513213818e-06,
        -0.12107668071985245,
        -0.03196496516466141,
        -0.06084531918168068,
        5.899164079892216e-06,
        3.300512844361947e-06,
        1.8679041886571213e-06,
        2.157912604161538e-06,
        2.294619207532378e-06,
        -1.3097496776026674e-06,
        0.13979554176330566,
        -0.457754522562027,
        0.15485826134681702,
        -0.3063211143016815,
        0.1716119647026062,
        0.10143246501684189,
        -0.23449499905109406,
        0.10204213857650757,
        -0.2033851146697998,
        0.1223849356174469,
        -0.501002848148346,
        -0.02011301927268505,
        -0.11596492677927017,
        -0.028867146000266075,
        -0.15730918943881989,
        -0.33569765090942383,
        0.2910299599170685,
        -0.2636454403400421,
        -0.34314778447151184,
        -0.23067405819892883,
        0.019111886620521545,
        -0.379027396440506,
        0.15356343984603882,
        -0.11521483957767487,
        0.19515466690063477,
        -0.0034569217823445797,
        -0.013814108446240425,
        -0.2143605798482895,
        -0.08529548346996307,
        -0.11214067786931992
    ],
    "transl": [
        0.17124533653259277,
        1.6208806037902832,
        -0.10333169251680374
    ],
    "left_hand_pose": [
        -1.9429583549499512,
        1.5617071390151978,
        -1.0649572610855103,
        -1.916385531425476,
        0.48719722032546997,
        2.8098130226135254,
        0.6249247789382935,
        -1.662939429283142,
        -1.1496256589889526,
        -0.4308796525001526,
        0.5657558441162109,
        -0.4928976595401764
    ],
    "right_hand_pose": [
        -2.8425557613372803,
        0.4823174774646759,
        -1.5020672082901,
        -0.8367006778717041,
        1.5829483270645142,
        0.662381649017334,
        0.5923486948013306,
        1.9613665342330933,
        -0.43432196974754333,
        -1.0022085905075073,
        2.6195969581604004,
        -2.536210060119629
    ],
    "jaw_pose": [
        0.1437205672264099,
        0.010745405219495296,
        0.04259423539042473
    ],
    "leye_pose": [
        0.4305867552757263,
        0.6509018540382385,
        -0.04103434830904007
    ],
    "reye_pose": [
        0.0719938799738884,
        -1.113358497619629,
        -3.3868534564971924
    ],
    "expression": [
        0.32656019926071167,
        -0.29633235931396484,
        0.09792740643024445,
        -0.2033541351556778,
        -0.39824041724205017,
        -0.3593781888484955,
        -0.007751965429633856,
        0.780027449131012,
        -0.2698121666908264,
        -0.0350906066596508
    ]
}