{
    "betas": [
        0.753576934337616,
        -0.28542011976242065,
        0.878754734992981,
        -0.11337864398956299,
        0.4948824942111969,
        -0.23705393075942993,
        0.35021838545799255,
        -0.8854751586914062,
        -0.8875251412391663,
        -1.9200564622879028
    ],
    "global_orient": [
        -0.1278560906648636,
        -0.017140202224254608,
        -0.07640953361988068
    ],
    "body_pose": [
        -0.22213855385780334,
        0.5556159019470215,
        0.016555747017264366,
        -0.2174769639968872,
        -0.31596827507019043,
        0.011924443766474724,
        0.0019169086590409279,
        -0.13727198541164398,
        -0.033572565764188766,
        0.5836140513420105,
        -0.6649982929229736,
        0.1220618486404419,
        0.5561516284942627,
        0.2385099232196808,
        -0.12143071740865707,
        0.3819417655467987,
        0.05027378723025322,
        -0.0894375666975975,
        -0.16031670570373535,
        0.12258616834878922,
        3.055012712138705e-06,
        -0.003861222881823778,
        -0.245381161570549,
        -3.488646825644537e-06,
        -0.20905984938144684,
        -0.005526767577975988,
        0.021935950964689255,
        5.567698281083722e-06,
        4.287405317882076e-06,
        7.4206636782037094e-06,
        5.848110617989732e-07,
        1.7661200217844453e-06,
        -3.7743498637610173e-07,
        -0.04618864506483078,
        0.13356122374534607,
        0.08694282174110413,
        -0.2771039605140686,
        0.1131163015961647,
        0.34552183747291565,
        -0.23073436319828033,
        0.00793677382171154,
        -0.07507884502410889,
        0.23743005096912384,
        -0.1047111451625824,
        -0.056993432343006134,
        -0.15909729897975922,
        -0.4967595934867859,
        0.1634140908718109,
        -0.3149949610233307,
        0.2255214899778366,
        -0.04487230256199837,
        -0.4533580243587494,
        -0.9806291460990906,
        1.1717076301574707,
        -0.46211332082748413,
        0.5259094834327698,
        -0.34060540795326233,
        -0.05576987937092781,
        -0.20432013273239136,
        0.23723769187927246,
        -0.7020143866539001,
        -0.0003231927112210542,
        -0.2186405211687088
    ],
    "transl": [
        0.1313299536705017,
        1.5722113847732544,
        -0.1256212592124939
    ],
    "left_hand_pose": [
        -4.138757705688477,
        0.27106812596321106,
        -0.9915345311164856,
        -0.16030798852443695,
        -3.1846230030059814,
        3.024782180786133,
        0.7427263259887695,
        0.47460588812828064,
        5.388450622558594,
        2.107109785079956,
        6.266805648803711,
        -3.784593343734741
    ],
    "right_hand_pose": [
        -3.2962985038757324,
        1.4621849060058594,
        -0.24269750714302063,
        -2.214088201522827,
        -0.34904423356056213,
        1.8072192668914795,
        0.6763805150985718,
        -1.0153007507324219,
        -0.7574958801269531,
        -0.698930561542511,
        2.7554397583007812,
        -2.5148301124572754
    ],
    "jaw_pose": [
        0.02718939073383808,
        0.025783535093069077,
        0.04500582441687584
    ],
    "leye_pose": [
        -0.14611023664474487,
        0.5140692591667175,
        0.46344810724258423
    ],
    "reye_pose": [
        -0.6701505184173584,
        0.2521202266216278,
        -0.6235864758491516
    ],
    "expression": [
        -0.8895882964134216,
        0.4946139454841614,
        0.6139540076255798,
        0.7096850872039795,
        -0.13385236263275146,
        0.6643710136413574,
        -0.47260481119155884,
        0.8025230765342712,
        0.08511562645435333,
        -0.3258913457393646
    ]
}