{
    "betas": [
        0.6003182530403137,
        -0.5143986344337463,
        0.807054877281189,
        -0.2616421580314636,
        0.24283459782600403,
        -0.008124037645757198,
        0.8282861709594727,
        -0.9469881057739258,
        -0.2067405730485916,
        -1.9240955114364624
    ],
    "global_orient": [
        -0.054304808378219604,
        0.1959136724472046,
        -0.15714533627033234
    ],
    "body_pose": [
        -0.27098995447158813,
        0.16614583134651184,
        -0.030157970264554024,
        0.01844191364943981,
        0.49935710430145264,
        -0.15827801823616028,
        0.13016965985298157,
        0.04472656175494194,
        -0.03954049199819565,
        0.5680913925170898,
        -0.5382431745529175,
        0.10933952033519745,
        0.3669341206550598,
        0.16088704764842987,
        -0.0450722798705101,
        0.12949520349502563,
        -0.015141662210226059,
        0.032002922147512436,
        -0.23023079335689545,
        0.11582924425601959,
        6.713923085044371e-06,
        0.48526743054389954,
        -0.1522902548313141,
        -5.7394085928308414e-08,
        -0.08213777840137482,
        -0.14035993814468384,
        0.10959573835134506,
        8.037387488002423e-06,
        4.884638201474445e-06,
        6.127799224486807e-06,
        9.669784049037844e-07,
        1.914906988531584e-06,
        2.120220642609638e-06,
        -0.07300903648138046,
        -0.03284682333469391,
        0.08696513622999191,
        -0.06223807856440544,
        0.16986852884292603,
        0.09613300859928131,
        -0.17723645269870758,
        -0.11897356063127518,
        0.054440271109342575,
        0.22562527656555176,
        -0.06272657960653305,
        -0.08229640126228333,
        0.3283396363258362,
        -0.5526523590087891,
        -0.26139119267463684,
        -0.13508637249469757,
        0.23818066716194153,
        0.12592102587223053,
        -0.11623702198266983,
        -1.7794897556304932,
        0.7881883382797241,
        -0.03628837689757347,
        0.1992335021495819,
        0.09735079854726791,
        0.24640724062919617,
        -0.36004701256752014,
        -0.1116238534450531,
        0.08804836124181747,
        -0.30458715558052063,
        0.162765771150589
    ],
    "transl": [
        0.19734729826450348,
        1.5761947631835938,
        -0.13351932168006897
    ],
    "left_hand_pose": [
        0.10415191948413849,
        0.639511227607727,
        -0.06266120821237564,
        -0.26181042194366455,
        1.044214129447937,
        1.342431664466858,
        -0.3729189932346344,
        -1.431620478630066,
        0.659612774848938,
        -0.3934994339942932,
        1.0283888578414917,
        0.006371213123202324
    ],
    "right_hand_pose": [
        0.2347867786884308,
        0.06457016617059708,
        0.3585154414176941,
        -1.3785483837127686,
        1.6597217321395874,
        0.7826747298240662,
        1.2241528034210205,
        -1.368574619293213,
        -0.347318172454834,
        -1.7246248722076416,
        0.12595932185649872,
        -1.6469348669052124
    ],
    "jaw_pose": [
        0.0034707454033195972,
        0.013351957313716412,
        0.044031042605638504
    ],
    "leye_pose": [
        0.6069000959396362,
        0.8954195976257324,
        -0.18005183339118958
    ],
    "reye_pose": [
        -0.5248050093650818,
        0.2709563672542572,
        -0.548734724521637
    ],
    "expression": [
        0.07127835601568222,
        0.6451197266578674,
        0.18889477849006653,
        0.9065510630607605,
        -0.428329735994339,
        0.08905073255300522,
        -0.23072707653045654,
        0.7796295285224915,
        0.1497163623571396,
        -0.0600239560008049
    ]
}