{
    "betas": [
        0.8068413734436035,
        -0.42660853266716003,
        0.699823260307312,
        -0.21052958071231842,
        0.24123141169548035,
        -0.1916547417640686,
        0.17531871795654297,
        -1.0617231130599976,
        -0.9034969806671143,
        -1.8959646224975586
    ],
    "global_orient": [
        -0.09609857201576233,
        0.057373497635126114,
        -0.11625976115465164
    ],
    "body_pose": [
        -0.2481982707977295,
        0.5628193020820618,
        0.0818144679069519,
        -0.15253491699695587,
        -0.14403508603572845,
        0.03681572154164314,
        -0.0014380611246451735,
        -0.12031178921461105,
        0.015795797109603882,
        0.5139017701148987,
        -0.640611469745636,
        0.11669858545064926,
        0.44975143671035767,
        0.05427533760666847,
        -0.0298240315169096,
        0.1943848878145218,
        0.00878490973263979,
        -0.07103889435529709,
        -0.11746855080127716,
        -0.03181098774075508,
        2.2661581624561222e-06,
        -0.007376381661742926,
        -0.30715516209602356,
        -1.7044845890268334e-06,
        -0.09058758616447449,
        -0.019386349245905876,
        0.03571999818086624,
        4.347743470134446e-06,
        3.422534746277961e-06,
        5.663144747813931e-06,
        -6.179757860991231e-07,
        1.350943648503744e-06,
        -6.282555204961682e-07,
        0.04608247056603432,
        0.16374078392982483,
        0.06994297355413437,
        -0.284015953540802,
        0.006536365021020174,
        0.29228296875953674,
        -0.2515486180782318,
        0.00225038081407547,
        0.0006935492274351418,
        0.21586965024471283,
        -0.10847508907318115,
        -0.08958511799573898,
        -0.18269439041614532,
        -0.4059671461582184,
        0.1846277415752411,
        -0.277058482170105,
        0.1394391655921936,
        -0.029122501611709595,
        -0.533355712890625,
        -0.7541658878326416,
        0.8206765651702881,
        -0.35814139246940613,
        0.6420257687568665,
        -0.7582406401634216,
        0.003742169588804245,
        -0.11752022057771683,
        0.26671120524406433,
        -0.8261612057685852,
        -0.0395469069480896,
        -0.26287952065467834
    ],
    "transl": [
        0.12856687605381012,
        1.5816688537597656,
        -0.11982998996973038
    ],
    "left_hand_pose": [
        -4.111327171325684,
        0.4176514446735382,
        -1.2151954174041748,
        -0.6201305985450745,
        -2.9380719661712646,
        2.869565486907959,
        0.05024190992116928,
        0.427909791469574,
        3.935382843017578,
        1.5086681842803955,
        5.230556964874268,
        -4.820164203643799
    ],
    "right_hand_pose": [
        -3.4031927585601807,
        1.2287074327468872,
        0.14087122678756714,
        -1.704994797706604,
        -1.0524154901504517,
        1.8175255060195923,
        1.029929280281067,
        -1.0215498208999634,
        -0.7501177787780762,
        -0.16543743014335632,
        3.6521341800689697,
        -1.9576886892318726
    ],
    "jaw_pose": [
        0.030738327652215958,
        0.013271869160234928,
        0.03834933415055275
    ],
    "leye_pose": [
        -0.1623302847146988,
        0.5752643346786499,
        0.47192803025245667
    ],
    "reye_pose": [
        -0.4838911294937134,
        0.08479934185743332,
        -0.45274975895881653
    ],
    "expression": [
        -1.4478628635406494,
        0.378829687833786,
        0.28254783153533936,
        0.2221781611442566,
        -0.14907905459403992,
        0.1612478494644165,
        -0.09829071164131165,
        0.516804575920105,
        0.15663215517997742,
        0.04886850714683533
    ]
}