{
    "betas": [
        0.984852135181427,
        -0.915968120098114,
        0.3360961675643921,
        -0.9219089150428772,
        -0.00944739580154419,
        0.028751129284501076,
        0.8350499868392944,
        -0.4135713577270508,
        0.2803744375705719,
        -2.373483896255493
    ],
    "global_orient": [
        -0.1016700267791748,
        0.5732405781745911,
        0.015352737158536911
    ],
    "body_pose": [
        0.2193877100944519,
        -0.15646426379680634,
        -0.08190228044986725,
        -0.3218538761138916,
        -0.1141686886548996,
        -0.011265851557254791,
        0.05978813394904137,
        -0.14593714475631714,
        0.047149162739515305,
        0.0625213235616684,
        -0.3484690487384796,
        -0.008919047191739082,
        0.9391331672668457,
        0.03766598552465439,
        -0.26507288217544556,
        0.18107911944389343,
        0.011034962721168995,
        -0.08610617369413376,
        0.04727522283792496,
        -0.10698232799768448,
        5.771969995294057e-07,
        0.40188926458358765,
        -0.1829902082681656,
        -4.418125627125846e-06,
        0.07906344532966614,
        0.09746851027011871,
        0.02318720333278179,
        5.9858502936549485e-06,
        1.1693057331285672e-06,
        3.2740131246100646e-06,
        -2.388811140008329e-07,
        2.1653249859809875e-06,
        3.312777323571936e-07,
        0.308693528175354,
        -0.08329831808805466,
        -0.008252128958702087,
        -0.07079727947711945,
        0.2633671462535858,
        -0.21632704138755798,
        -0.11415308713912964,
        0.2070259302854538,
        0.3230406939983368,
        0.18504999577999115,
        -0.052941299974918365,
        0.010926100425422192,
        -0.06317039579153061,
        -0.09796525537967682,
        -1.0979766845703125,
        -0.1276436746120453,
        0.34091073274612427,
        0.7742835283279419,
        -0.032317906618118286,
        -0.1702709048986435,
        -0.052478641271591187,
        0.02031446434557438,
        0.1433296948671341,
        0.001024338067509234,
        0.22994256019592285,
        -0.0032261826563626528,
        -0.2106626033782959,
        -0.01812520995736122,
        -0.14404341578483582,
        -0.012210596352815628
    ],
    "transl": [
        0.26780664920806885,
        1.5933420658111572,
        -0.01651494763791561
    ],
    "left_hand_pose": [
        -1.3881171941757202,
        0.3521632254123688,
        -0.44809526205062866,
        -2.0102479457855225,
        1.7764860391616821,
        2.1945383548736572,
        0.12863890826702118,
        -1.2749814987182617,
        0.34629106521606445,
        -0.21527326107025146,
        0.7255796790122986,
        0.5411198735237122
    ],
    "right_hand_pose": [
        -2.290686845779419,
        1.1078392267227173,
        -1.2972608804702759,
        -2.4901328086853027,
        1.2360528707504272,
        1.8828154802322388,
        -0.04298367351293564,
        -0.9872455596923828,
        -0.9877222776412964,
        -0.859033465385437,
        1.5657085180282593,
        -2.209432363510132
    ],
    "jaw_pose": [
        0.014472637325525284,
        -0.024642931297421455,
        0.0495162196457386
    ],
    "leye_pose": [
        1.1369755268096924,
        0.8423012495040894,
        -0.36066216230392456
    ],
    "reye_pose": [
        -0.7754786014556885,
        -0.39298078417778015,
        -4.194613456726074
    ],
    "expression": [
        0.17894574999809265,
        -0.6705178022384644,
        -0.4995557367801666,
        0.887008786201477,
        -0.7135523557662964,
        -0.31574782729148865,
        -0.3021800220012665,
        1.039830207824707,
        0.07270122319459915,
        0.4453813433647156
    ]
}