{
    "betas": [
        1.3166263103485107,
        -0.5671529769897461,
        0.962348461151123,
        -0.08602060377597809,
        0.2646300196647644,
        -0.1753760725259781,
        0.47087982296943665,
        -0.8785645365715027,
        -0.5022971034049988,
        -1.9399148225784302
    ],
    "global_orient": [
        -0.19470328092575073,
        -0.1117836982011795,
        -0.09169051796197891
    ],
    "body_pose": [
        -0.2784530520439148,
        0.834365725517273,
        0.03133813664317131,
        -0.25799766182899475,
        -0.3519321084022522,
        0.10996190458536148,
        0.08557736873626709,
        -0.08332246541976929,
        0.026122646406292915,
        0.7284274101257324,
        -0.6394873857498169,
        0.4390740692615509,
        0.7510592937469482,
        0.1583879292011261,
        -0.31470510363578796,
        0.259113073348999,
        -0.03747177869081497,
        -0.06756681203842163,
        -0.3002188801765442,
        -0.11956266313791275,
        -1.9356853897534165e-07,
        -0.09172625094652176,
        -0.10866162925958633,
        1.3402675449469825e-06,
        -0.003095895517617464,
        -0.006495375651866198,
        0.005315542686730623,
        6.401029963853944e-07,
        1.832635689424933e-06,
        3.910228315362474e-06,
        -1.7543469539305079e-06,
        6.916135930623568e-07,
        1.1593808721954701e-06,
        0.13058598339557648,
        0.09776510298252106,
        0.007400503847748041,
        -0.3364683985710144,
        -0.2598780393600464,
        0.42228513956069946,
        -0.1612570732831955,
        0.03671998530626297,
        -0.05308449640870094,
        0.22005777060985565,
        -0.1665160208940506,
        -0.1035214439034462,
        -0.2768968641757965,
        -0.6380157470703125,
        0.24378301203250885,
        -0.20347850024700165,
        0.3018356263637543,
        0.031876228749752045,
        -0.4212349057197571,
        -0.6380447745323181,
        0.9149869084358215,
        -0.2969479262828827,
        1.030731439590454,
        -0.6974312663078308,
        -0.050408996641635895,
        -0.10419668257236481,
        0.3584953844547272,
        -0.7144649624824524,
        -0.07707607746124268,
        -0.07228842377662659
    ],
    "transl": [
        0.09982596337795258,
        1.5164326429367065,
        -0.10914996266365051
    ],
    "left_hand_pose": [
        -3.8370583057403564,
        0.6503356099128723,
        -1.1866190433502197,
        -1.0042920112609863,
        -2.1611173152923584,
        3.110048294067383,
        -0.25665083527565,
        -0.4320385158061981,
        1.60808527469635,
        1.0756375789642334,
        3.597318649291992,
        -3.5860660076141357
    ],
    "right_hand_pose": [
        -3.2468273639678955,
        1.1876356601715088,
        -0.038349296897649765,
        -2.233989715576172,
        -0.5078756213188171,
        1.040736198425293,
        1.3000115156173706,
        -0.9446145296096802,
        -2.3715434074401855,
        -0.89461350440979,
        2.431283473968506,
        -1.9686166048049927
    ],
    "jaw_pose": [
        -0.023587962612509727,
        0.006608110386878252,
        0.011881710030138493
    ],
    "leye_pose": [
        -0.6660127639770508,
        0.05305017530918121,
        1.193603515625
    ],
    "reye_pose": [
        0.37827441096305847,
        -0.4802936911582947,
        -2.969031810760498
    ],
    "expression": [
        0.4201262295246124,
        0.6332522630691528,
        -0.0753922238945961,
        0.8409409523010254,
        -0.18841135501861572,
        -0.151701420545578,
        -0.06952311843633652,
        0.5267887711524963,
        -0.05123160779476166,
        0.08120826631784439
    ]
}