{
    "betas": [
        0.5385629534721375,
        -0.4580076336860657,
        0.6841848492622375,
        -0.3810436725616455,
        0.41063982248306274,
        -0.179915189743042,
        0.3794015645980835,
        -1.0321218967437744,
        -0.5753402709960938,
        -1.8609893321990967
    ],
    "global_orient": [
        -0.01836266554892063,
        0.06497775763273239,
        -0.14242839813232422
    ],
    "body_pose": [
        -0.16550368070602417,
        0.4096508324146271,
        0.07308722287416458,
        -0.09268432855606079,
        0.28032389283180237,
        -0.013006896711885929,
        0.028826238587498665,
        -0.01639130339026451,
        0.011406338773667812,
        0.25300318002700806,
        -0.5953842401504517,
        0.008074128068983555,
        0.22118929028511047,
        -0.10101433843374252,
        0.045696187764406204,
        0.12361476570367813,
        0.0070533729158341885,
        -0.08180678635835648,
        -0.0719461441040039,
        0.024161938577890396,
        4.732309207611252e-06,
        0.10807006061077118,
        -0.4226086437702179,
        -3.119177563348785e-06,
        -0.08680470287799835,
        -0.08564282208681107,
        0.05812184885144234,
        9.052990208147094e-06,
        4.599420208251104e-06,
        6.30397698841989e-06,
        2.2113115392130567e-06,
        1.112270069825172e-06,
        -1.142416749644326e-06,
        -0.05571893975138664,
        0.12764644622802734,
        0.11748214811086655,
        -0.20721635222434998,
        0.08967910706996918,
        0.2303694784641266,
        -0.27049553394317627,
        -0.1580408662557602,
        -0.0005373554304242134,
        0.20740240812301636,
        -0.09764377027750015,
        -0.09077601134777069,
        -0.07575562596321106,
        -0.2520091235637665,
        0.11397895216941833,
        -0.4925348460674286,
        0.04812014475464821,
        0.11570242047309875,
        -0.31151172518730164,
        -0.786533534526825,
        0.5414631962776184,
        -0.5390616059303284,
        0.5493271350860596,
        -0.46055519580841064,
        0.20611204206943512,
        -0.2516719400882721,
        0.25289618968963623,
        -0.7386481165885925,
        -0.16789934039115906,
        -0.163426473736763
    ],
    "transl": [
        0.18285426497459412,
        1.6080647706985474,
        -0.1268220692873001
    ],
    "left_hand_pose": [
        -3.643270969390869,
        0.8422428369522095,
        -0.936095118522644,
        -2.098292827606201,
        -0.9117841720581055,
        2.2894740104675293,
        0.06290292739868164,
        -0.5914307832717896,
        0.9057056307792664,
        0.20662298798561096,
        2.6709401607513428,
        -3.464301586151123
    ],
    "right_hand_pose": [
        -3.540168285369873,
        1.442531943321228,
        -0.11962206661701202,
        -1.500684142112732,
        -1.4349783658981323,
        2.4400079250335693,
        0.45622795820236206,
        -0.910038411617279,
        0.22972889244556427,
        0.04525633901357651,
        3.782743453979492,
        -3.0029711723327637
    ],
    "jaw_pose": [
        0.07048770785331726,
        0.011899475008249283,
        0.029994506388902664
    ],
    "leye_pose": [
        0.059284184128046036,
        0.7351264357566833,
        0.2629924416542053
    ],
    "reye_pose": [
        -0.6229137778282166,
        0.25176799297332764,
        -0.327559232711792
    ],
    "expression": [
        -1.3316428661346436,
        0.5978845953941345,
        0.5434229373931885,
        -0.0064381808042526245,
        0.00352217024192214,
        0.18278931081295013,
        0.008116665296256542,
        0.6023650765419006,
        0.07639264315366745,
        -0.19108061492443085
    ]
}