{
    "betas": [
        0.676230788230896,
        -0.7808970808982849,
        1.0237778425216675,
        -0.6222588419914246,
        -0.039233069866895676,
        -0.07948988676071167,
        0.8136776685714722,
        -0.8090419769287109,
        -0.19267868995666504,
        -1.7510924339294434
    ],
    "global_orient": [
        -0.14480337500572205,
        0.2603968679904938,
        -0.10845702141523361
    ],
    "body_pose": [
        0.04794028773903847,
        0.2625466585159302,
        0.04362684488296509,
        -0.5146632194519043,
        -0.421538770198822,
        -0.027989905327558517,
        0.1590348333120346,
        -0.09478992223739624,
        0.0066728428937494755,
        0.1010778471827507,
        -0.5387415885925293,
        -0.03170536831021309,
        0.7550199627876282,
        0.09501361101865768,
        -0.02080145664513111,
        0.12737806141376495,
        -0.036381542682647705,
        0.0002743020886555314,
        0.09961899369955063,
        -0.01780102774500847,
        -4.952453878104279e-07,
        0.3794362246990204,
        -0.30170774459838867,
        -1.8991663637279999e-06,
        -0.04110550135374069,
        -0.1119925007224083,
        0.0698818489909172,
        6.45853560854448e-06,
        2.6090660867339466e-06,
        3.961893526138738e-06,
        9.048698075275752e-07,
        1.96170503841131e-06,
        -9.32358432237379e-07,
        -0.0814051628112793,
        0.0014909302117303014,
        0.13252082467079163,
        -0.15569549798965454,
        0.19681622087955475,
        0.10978615283966064,
        -0.1576654314994812,
        0.009995147585868835,
        -0.012957384809851646,
        0.17165732383728027,
        -0.1385442167520523,
        -0.05154666304588318,
        0.1357635259628296,
        -0.3172197639942169,
        -0.33528590202331543,
        -0.013506968505680561,
        0.7457484602928162,
        0.2812723219394684,
        -0.23052357137203217,
        -1.0404140949249268,
        0.34351348876953125,
        0.09480917453765869,
        1.1795064210891724,
        0.07898517698049545,
        0.34701457619667053,
        -0.16581247746944427,
        -0.07173024117946625,
        -0.06451662629842758,
        -0.06251663714647293,
        0.16455864906311035
    ],
    "transl": [
        0.22642947733402252,
        1.6205215454101562,
        -0.14252647757530212
    ],
    "left_hand_pose": [
        -0.015780974179506302,
        0.47597938776016235,
        0.09352434426546097,
        0.26954537630081177,
        0.5907238125801086,
        0.7767212986946106,
        0.28006333112716675,
        -1.2752740383148193,
        0.274164617061615,
        -0.8673055171966553,
        0.439882755279541,
        0.0052567399106919765
    ],
    "right_hand_pose": [
        0.33616724610328674,
        0.18835580348968506,
        0.1268530786037445,
        -1.466517448425293,
        1.4895819425582886,
        0.8085718750953674,
        0.7641505002975464,
        -0.9184959530830383,
        0.02474353462457657,
        -1.151032567024231,
        0.04067434370517731,
        -1.4729284048080444
    ],
    "jaw_pose": [
        0.003973349463194609,
        0.01911003328859806,
        0.02833017148077488
    ],
    "leye_pose": [
        0.7282572388648987,
        0.9409419298171997,
        -0.24702854454517365
    ],
    "reye_pose": [
        -0.6684550642967224,
        0.26995962858200073,
        -0.540572464466095
    ],
    "expression": [
        -0.512005090713501,
        0.7953561544418335,
        0.43013712763786316,
        1.0744787454605103,
        -0.42996159195899963,
        0.009053453803062439,
        -0.34125614166259766,
        0.8231102824211121,
        0.1536077857017517,
        -0.11380818486213684
    ]
}