{
    "betas": [
        1.0842450857162476,
        -0.17147128283977509,
        1.02036452293396,
        0.027237216010689735,
        0.539657473564148,
        -0.31578338146209717,
        0.5241259932518005,
        -0.8388901948928833,
        -0.6143706440925598,
        -2.0354232788085938
    ],
    "global_orient": [
        -0.207363560795784,
        -0.1392577886581421,
        -0.033415526151657104
    ],
    "body_pose": [
        -0.2236517071723938,
        0.6905571818351746,
        -0.04939822852611542,
        -0.32235920429229736,
        -0.5001211762428284,
        -0.028599144890904427,
        0.053752005100250244,
        -0.05868258699774742,
        0.005934976506978273,
        0.8108202815055847,
        -0.6073862314224243,
        0.2823884189128876,
        0.7991310954093933,
        0.339386522769928,
        -0.29198411107063293,
        0.29717618227005005,
        -0.005421100649982691,
        -0.04155179113149643,
        -0.28546589612960815,
        0.1281156986951828,
        1.3542853594117332e-06,
        -0.0738869458436966,
        -0.061749689280986786,
        1.1494624914121232e-06,
        -0.06362701952457428,
        -0.017770051956176758,
        -0.020580435171723366,
        3.3234180136787472e-06,
        3.4021190913335886e-06,
        6.512709205708234e-06,
        -8.225437113651424e-07,
        1.6869933006091742e-06,
        1.205025682793348e-06,
        0.005813459865748882,
        0.1310015618801117,
        0.07440701872110367,
        -0.2870729863643646,
        0.06650257110595703,
        0.27776816487312317,
        -0.2206958830356598,
        0.0572989359498024,
        -0.18602803349494934,
        0.26662975549697876,
        -0.07638078927993774,
        -0.09503646939992905,
        -0.13866136968135834,
        -0.39862844347953796,
        0.10747494548559189,
        -0.21907418966293335,
        0.48489201068878174,
        -0.24195611476898193,
        -0.3384148180484772,
        -1.0536272525787354,
        1.1716468334197998,
        -0.35954707860946655,
        0.6531851291656494,
        -0.3096279501914978,
        -0.3035837709903717,
        -0.23330655694007874,
        0.20865456759929657,
        -0.6740463376045227,
        -0.012013131752610207,
        -0.20901384949684143
    ],
    "transl": [
        0.12415575236082077,
        1.5184961557388306,
        -0.1079779639840126
    ],
    "left_hand_pose": [
        -4.002127170562744,
        0.39828434586524963,
        -1.2908213138580322,
        -0.4961710572242737,
        -3.001173496246338,
        3.2094759941101074,
        -0.1799686849117279,
        0.3321343660354614,
        3.8441524505615234,
        1.809672474861145,
        5.6401047706604,
        -3.9956700801849365
    ],
    "right_hand_pose": [
        -3.1474761962890625,
        1.4177719354629517,
        -0.5157538056373596,
        -2.3702468872070312,
        -0.16950611770153046,
        1.8064948320388794,
        0.6426336169242859,
        -1.1408206224441528,
        -1.512329339981079,
        -0.9695500135421753,
        1.9689180850982666,
        -2.7539119720458984
    ],
    "jaw_pose": [
        -0.024753857403993607,
        0.003022597637027502,
        0.038943227380514145
    ],
    "leye_pose": [
        1.0013481378555298,
        1.263261079788208,
        -0.4227673411369324
    ],
    "reye_pose": [
        -0.5316677093505859,
        0.5044710040092468,
        -0.957220733165741
    ],
    "expression": [
        0.27132242918014526,
        0.7466763854026794,
        -0.046047642827034,
        1.4184445142745972,
        -0.15474098920822144,
        0.21114973723888397,
        -0.28502920269966125,
        0.7215908765792847,
        0.173288956284523,
        -0.03807107359170914
    ]
}