{
    "betas": [
        0.8618192672729492,
        -0.5755411386489868,
        0.8127725124359131,
        -0.5326851606369019,
        0.17945478856563568,
        -0.20182198286056519,
        1.1301225423812866,
        -0.9360473155975342,
        0.016951896250247955,
        -1.8747763633728027
    ],
    "global_orient": [
        -0.19249071180820465,
        0.25717759132385254,
        0.037162527441978455
    ],
    "body_pose": [
        0.0948220044374466,
        0.03779006376862526,
        -0.13335929811000824,
        -0.5501854419708252,
        -0.7636205554008484,
        0.03763694688677788,
        0.19628460705280304,
        0.02747342735528946,
        0.05181761458516121,
        0.21729029715061188,
        -0.2761155962944031,
        -0.037635963410139084,
        0.7675948739051819,
        0.39487263560295105,
        0.1672898679971695,
        0.1316925436258316,
        0.011458325199782848,
        -0.019712617620825768,
        0.0014774607261642814,
        0.16142255067825317,
        4.499522674450418e-06,
        0.5504117012023926,
        0.09339704364538193,
        -2.508621264496469e-06,
        -0.05765720084309578,
        -0.0176907479763031,
        0.09721717238426208,
        5.419296030595433e-06,
        3.120849441984319e-06,
        4.901508418697631e-06,
        2.902969811202638e-07,
        2.116002860930166e-06,
        2.1354530588268972e-07,
        -0.0757436603307724,
        -0.09281566739082336,
        0.08265403658151627,
        -0.17349782586097717,
        0.14677655696868896,
        0.03253345191478729,
        -0.2229827642440796,
        0.3624404966831207,
        -0.024105481803417206,
        0.14429859817028046,
        -0.16734522581100464,
        -0.04321642965078354,
        -0.0701272040605545,
        -0.06592025607824326,
        -0.2935868799686432,
        -0.09556248784065247,
        1.104294776916504,
        0.1207069456577301,
        -0.11399555951356888,
        0.03529898449778557,
        -0.1460805982351303,
        0.0379735566675663,
        1.632261037826538,
        0.04417237266898155,
        0.26837778091430664,
        0.04406130313873291,
        -0.007392053492367268,
        -0.17757563292980194,
        0.17375771701335907,
        0.2590349614620209
    ],
    "transl": [
        0.21119336783885956,
        1.5950218439102173,
        -0.13109652698040009
    ],
    "left_hand_pose": [
        0.055034883320331573,
        0.31252342462539673,
        0.031106222420930862,
        -0.2840728759765625,
        0.610087513923645,
        0.6205821633338928,
        0.34850621223449707,
        -1.1991342306137085,
        -0.1098865494132042,
        -0.43665850162506104,
        0.9690905213356018,
        0.2315998077392578
    ],
    "right_hand_pose": [
        0.24345014989376068,
        0.7513493895530701,
        0.26224061846733093,
        -1.547226905822754,
        1.1164439916610718,
        -0.22012585401535034,
        0.9726329445838928,
        -0.8597649335861206,
        -0.8862276077270508,
        -2.067188024520874,
        -0.05154382809996605,
        -4.180264472961426
    ],
    "jaw_pose": [
        0.002208936493843794,
        0.0052284314297139645,
        0.04564458504319191
    ],
    "leye_pose": [
        0.9402686953544617,
        0.7208508849143982,
        -0.413730651140213
    ],
    "reye_pose": [
        -0.17369280755519867,
        0.38590654730796814,
        -0.34979110956192017
    ],
    "expression": [
        -0.6395919322967529,
        -0.11356217414140701,
        -0.16121213138103485,
        0.7962705492973328,
        -0.6230572462081909,
        -0.0879572257399559,
        -0.26359254121780396,
        0.8995702266693115,
        0.19470471143722534,
        0.1652536243200302
    ]
}