{
    "betas": [
        0.744170069694519,
        -0.6947967410087585,
        0.7913089990615845,
        -0.5869449973106384,
        -0.030379101634025574,
        -0.02724059298634529,
        0.7012612223625183,
        -0.6488379836082458,
        -0.04760008677840233,
        -1.756534457206726
    ],
    "global_orient": [
        -0.13184860348701477,
        0.06969620287418365,
        -0.13644103705883026
    ],
    "body_pose": [
        0.021693788468837738,
        0.12212216109037399,
        0.041793663054704666,
        -0.4674966335296631,
        -0.49229177832603455,
        -0.11356636881828308,
        0.15083184838294983,
        0.09834568947553635,
        0.11037974804639816,
        0.17328564822673798,
        -0.35716935992240906,
        -0.011654029600322247,
        0.821070671081543,
        0.11230805516242981,
        -0.1373961716890335,
        0.12102267146110535,
        -0.0006045721820555627,
        -0.009013275615870953,
        0.053716156631708145,
        0.23403526842594147,
        1.7807816448112135e-06,
        0.4490806758403778,
        -0.1398426741361618,
        -3.7104584862390766e-06,
        -0.04931299388408661,
        -0.29638323187828064,
        0.11639340966939926,
        7.288145752681885e-06,
        2.589129962871084e-06,
        5.13222539666458e-06,
        -1.0834356345412743e-07,
        1.7673376078164438e-06,
        1.56090422365196e-07,
        -0.029110541567206383,
        0.054952625185251236,
        0.1117241382598877,
        -0.11264573037624359,
        0.2051296979188919,
        0.1447707712650299,
        -0.17462316155433655,
        0.057247593998909,
        -0.06455376744270325,
        0.20879215002059937,
        -0.07421809434890747,
        -0.0746779665350914,
        0.10319667309522629,
        -0.3688597083091736,
        -0.39484861493110657,
        -0.0655156597495079,
        0.927937924861908,
        0.17581278085708618,
        -0.3165659010410309,
        -0.9513640999794006,
        0.17900563776493073,
        0.11757560819387436,
        0.858812153339386,
        0.02937612682580948,
        0.3025166988372803,
        -0.1426800787448883,
        0.07484282553195953,
        -0.053854599595069885,
        -0.040419891476631165,
        0.08469945192337036
    ],
    "transl": [
        0.1984228789806366,
        1.618235468864441,
        -0.137481689453125
    ],
    "left_hand_pose": [
        -0.09224331378936768,
        0.2388618439435959,
        -0.13969002664089203,
        -0.0454949326813221,
        0.16241760551929474,
        0.6536766886711121,
        -0.002894635545089841,
        -0.9579848647117615,
        0.34737616777420044,
        -0.4998164176940918,
        0.0867292657494545,
        -0.5833696126937866
    ],
    "right_hand_pose": [
        0.4143087863922119,
        0.24569347500801086,
        0.053627364337444305,
        -1.6762475967407227,
        1.5155925750732422,
        0.547302782535553,
        0.8728156089782715,
        -0.8486220240592957,
        -1.2190885543823242,
        -1.0369036197662354,
        0.7832038998603821,
        -0.7969168424606323
    ],
    "jaw_pose": [
        -0.009468345902860165,
        0.02016797661781311,
        0.023752722889184952
    ],
    "leye_pose": [
        1.016871452331543,
        0.9079777598381042,
        -0.49939650297164917
    ],
    "reye_pose": [
        -0.25857844948768616,
        0.2743125855922699,
        -0.19289205968379974
    ],
    "expression": [
        -0.3062339127063751,
        0.6644096970558167,
        0.4702720046043396,
        0.9633490443229675,
        -0.3312060534954071,
        -0.05678592622280121,
        -0.13036583364009857,
        0.5094472765922546,
        0.307405948638916,
        0.22327262163162231
    ]
}