{
    "betas": [
        0.5491882562637329,
        -0.6184350252151489,
        0.8290616869926453,
        -0.4872720241546631,
        0.039230186492204666,
        0.010052639991044998,
        0.8017411231994629,
        -0.7606761455535889,
        -0.09124773740768433,
        -1.7621210813522339
    ],
    "global_orient": [
        -0.04608532041311264,
        -0.060422174632549286,
        -0.17290280759334564
    ],
    "body_pose": [
        -0.18022005259990692,
        0.16442027688026428,
        0.06186821684241295,
        -0.16966022551059723,
        -0.05490407720208168,
        -0.24858424067497253,
        0.120420441031456,
        -0.004941489081829786,
        0.001921383198350668,
        0.40878620743751526,
        -0.3224131464958191,
        0.027429882436990738,
        0.3636704087257385,
        0.24330398440361023,
        0.012525642290711403,
        0.11618662625551224,
        -0.062325891107320786,
        0.03519964590668678,
        -0.1542873978614807,
        0.19226691126823425,
        4.9559589569980744e-06,
        0.6330937147140503,
        0.09497150033712387,
        9.136027756539988e-07,
        -0.06356878578662872,
        -0.13805729150772095,
        0.13965590298175812,
        7.017646112217335e-06,
        4.727653958980227e-06,
        6.299784672592068e-06,
        5.219628178565472e-07,
        3.388192340025853e-07,
        2.042651885858504e-06,
        -0.05938156321644783,
        0.06385564804077148,
        0.09482096135616302,
        -0.011562392115592957,
        0.17556853592395782,
        0.1231103166937828,
        -0.16186365485191345,
        -0.06352388113737106,
        0.00149568694178015,
        0.25071579217910767,
        0.013888322748243809,
        -0.09074226766824722,
        0.29075518250465393,
        -0.5742896199226379,
        -0.3535158634185791,
        -0.045893676578998566,
        0.4815753102302551,
        0.11151000112295151,
        -0.11919978260993958,
        -1.614540696144104,
        0.6756654977798462,
        0.07342483103275299,
        0.4257807731628418,
        0.06808745861053467,
        0.31726887822151184,
        -0.27302008867263794,
        -0.033038925379514694,
        0.11543770879507065,
        -0.1716354638338089,
        0.08376436680555344
    ],
    "transl": [
        0.18792365491390228,
        1.602113962173462,
        -0.13218140602111816
    ],
    "left_hand_pose": [
        -0.023006536066532135,
        0.5005244016647339,
        -0.32027173042297363,
        -0.3059331476688385,
        0.4711437225341797,
        1.0659481287002563,
        -0.17517182230949402,
        -0.8594852089881897,
        0.6878668069839478,
        -0.12077388912439346,
        0.566950798034668,
        0.1439899057149887
    ],
    "right_hand_pose": [
        0.3657996654510498,
        0.12328575551509857,
        0.29531925916671753,
        -1.5053203105926514,
        1.43195641040802,
        0.4571923315525055,
        0.9099915623664856,
        -0.9280208945274353,
        -0.9544005393981934,
        -1.1587375402450562,
        0.29714250564575195,
        -0.7486889958381653
    ],
    "jaw_pose": [
        -0.01942598819732666,
        0.02329111658036709,
        0.00021796865621581674
    ],
    "leye_pose": [
        0.43422171473503113,
        0.3274172842502594,
        -0.843877911567688
    ],
    "reye_pose": [
        -0.20091746747493744,
        0.0479312539100647,
        0.027921227738261223
    ],
    "expression": [
        -0.4851243495941162,
        0.3571738004684448,
        0.0013149071019142866,
        0.7185258269309998,
        -0.5953323245048523,
        -0.10224603861570358,
        -0.15360069274902344,
        0.4351843595504761,
        -0.06804913282394409,
        0.17582382261753082
    ]
}