{
    "betas": [
        0.7981542348861694,
        -0.8826387524604797,
        1.015581488609314,
        -0.7535327076911926,
        -0.02192869782447815,
        -0.05640759319067001,
        0.6849167346954346,
        -0.6613309979438782,
        -0.06792131811380386,
        -1.7722225189208984
    ],
    "global_orient": [
        -0.16217824816703796,
        0.12372803688049316,
        -0.10419835895299911
    ],
    "body_pose": [
        0.0928519070148468,
        0.1044708639383316,
        0.02122649736702442,
        -0.5900706052780151,
        -0.6668033599853516,
        0.0067370557226240635,
        0.17331553995609283,
        -0.046486128121614456,
        0.013005069456994534,
        0.12497454136610031,
        -0.41303178668022156,
        -0.030280450358986855,
        0.8109712600708008,
        0.18720832467079163,
        -0.07807048410177231,
        0.15542325377464294,
        -0.04768998175859451,
        -0.008187378756701946,
        0.07349231839179993,
        0.19986392557621002,
        2.5594295038899872e-06,
        0.46392232179641724,
        -0.1790524125099182,
        -4.280086614016909e-06,
        -0.07923444360494614,
        -0.06950106471776962,
        0.09478187561035156,
        7.093848580552731e-06,
        2.3916120426292764e-06,
        3.822101461992133e-06,
        1.3309911537362495e-06,
        1.4046354408492334e-06,
        -1.819687099668954e-06,
        0.0734521672129631,
        -0.024339187890291214,
        0.14918534457683563,
        -0.0910470262169838,
        0.290509968996048,
        0.0616176538169384,
        -0.20807678997516632,
        0.04786191135644913,
        -0.07540441304445267,
        0.19140665233135223,
        -0.04329001531004906,
        -0.0523863360285759,
        0.08809510618448257,
        -0.19775353372097015,
        -0.4687134325504303,
        -0.013833158649504185,
        0.9260649681091309,
        0.3361469507217407,
        -0.24166086316108704,
        -1.0480365753173828,
        0.26979508996009827,
        0.14200395345687866,
        1.2144427299499512,
        0.15141218900680542,
        0.21259956061840057,
        -0.17098744213581085,
        -0.020128441974520683,
        -0.009793111123144627,
        -0.028684809803962708,
        0.15999630093574524
    ],
    "transl": [
        0.20542867481708527,
        1.614701747894287,
        -0.12139905989170074
    ],
    "left_hand_pose": [
        -0.01783709041774273,
        0.18967925012111664,
        0.061778489500284195,
        0.46621161699295044,
        0.4797014892101288,
        0.8887135982513428,
        -0.6643893718719482,
        -1.2245062589645386,
        -0.12635427713394165,
        -0.325516015291214,
        1.0400599241256714,
        0.13331928849220276
    ],
    "right_hand_pose": [
        0.3945325016975403,
        0.24611975252628326,
        0.32541313767433167,
        -1.6412935256958008,
        1.3278194665908813,
        0.49767065048217773,
        1.5810145139694214,
        -1.0530598163604736,
        -0.6102956533432007,
        -1.4500164985656738,
        0.35465672612190247,
        -1.556938648223877
    ],
    "jaw_pose": [
        -0.02486511506140232,
        0.008396225981414318,
        0.02479519508779049
    ],
    "leye_pose": [
        0.6442442536354065,
        0.8255831599235535,
        -0.48238617181777954
    ],
    "reye_pose": [
        -0.4669871926307678,
        0.212619349360466,
        -0.4225001037120819
    ],
    "expression": [
        -0.0455147884786129,
        0.7573958039283752,
        0.31751495599746704,
        1.1780847311019897,
        -0.44539982080459595,
        -0.03143947944045067,
        -0.1309703290462494,
        0.660950243473053,
        0.258107453584671,
        0.2207542061805725
    ]
}