{
    "betas": [
        0.8217695951461792,
        -0.37474673986434937,
        0.7069962024688721,
        -0.3179408311843872,
        0.21039408445358276,
        -0.24521487951278687,
        0.2609919011592865,
        -1.1464049816131592,
        -0.6806958913803101,
        -1.860496163368225
    ],
    "global_orient": [
        -0.11659769713878632,
        -0.06462161988019943,
        -0.07349784672260284
    ],
    "body_pose": [
        -0.20247314870357513,
        0.49263185262680054,
        0.028858773410320282,
        -0.24146179854869843,
        -0.3090890645980835,
        -0.027872461825609207,
        -0.017163066193461418,
        0.02391289547085762,
        0.06703459471464157,
        0.5798158645629883,
        -0.5025957822799683,
        0.12092345207929611,
        0.5887179374694824,
        0.1842862367630005,
        -0.08869164437055588,
        0.15608184039592743,
        0.03283641114830971,
        -0.07982748001813889,
        -0.17555579543113708,
        0.055677566677331924,
        3.4925049021694576e-06,
        -0.014480901882052422,
        -0.12961512804031372,
        -5.073644615549711e-07,
        -0.03183576464653015,
        -0.08184556663036346,
        0.07401445508003235,
        4.4624393922276795e-06,
        3.680623194668442e-06,
        5.602773853752296e-06,
        -1.0934556939901086e-06,
        9.778268577065319e-07,
        1.1938665238631074e-06,
        0.09532634913921356,
        0.17558562755584717,
        0.11824598908424377,
        -0.25129368901252747,
        -0.05628837272524834,
        0.23549354076385498,
        -0.30134788155555725,
        -0.02603013813495636,
        -0.07176942378282547,
        0.1974668651819229,
        -0.10662754625082016,
        -0.1217186376452446,
        -0.2710188329219818,
        -0.20852996408939362,
        0.13766278326511383,
        -0.32606640458106995,
        0.5229671001434326,
        -0.15042699873447418,
        -0.4502761960029602,
        -0.364324152469635,
        0.45800840854644775,
        -0.3160495460033417,
        0.9798358082771301,
        -1.367518663406372,
        -0.16366085410118103,
        0.11092732846736908,
        -0.13919249176979065,
        -0.7715245485305786,
        -0.09988465905189514,
        -0.20857658982276917
    ],
    "transl": [
        0.12995654344558716,
        1.570818305015564,
        -0.11186208575963974
    ],
    "left_hand_pose": [
        -3.7711563110351562,
        0.11422611773014069,
        -2.2517354488372803,
        -1.0894943475723267,
        -2.3655271530151367,
        4.17136287689209,
        -1.9397661685943604,
        0.29532450437545776,
        4.489405632019043,
        1.234828233718872,
        4.1391401290893555,
        -6.7491021156311035
    ],
    "right_hand_pose": [
        -3.5381827354431152,
        0.9429882168769836,
        0.7903009057044983,
        -1.0838524103164673,
        -1.6507004499435425,
        1.4389170408248901,
        1.0653917789459229,
        -0.8638409972190857,
        -0.2885932922363281,
        1.0570718050003052,
        5.322404384613037,
        -0.05212448164820671
    ],
    "jaw_pose": [
        0.018635593354701996,
        0.0029086198192089796,
        0.020217828452587128
    ],
    "leye_pose": [
        0.320456862449646,
        0.6247995495796204,
        0.22116714715957642
    ],
    "reye_pose": [
        -0.43285444378852844,
        0.15989075601100922,
        -0.5273282527923584
    ],
    "expression": [
        -1.0479650497436523,
        0.22953693568706512,
        0.285376638174057,
        0.5147141218185425,
        -0.22531680762767792,
        -0.16995355486869812,
        -0.07386074215173721,
        0.4535265266895294,
        0.1043400838971138,
        0.14715301990509033
    ]
}