{
    "betas": [
        0.7275840640068054,
        -0.8081730008125305,
        0.6676461696624756,
        -0.7108950018882751,
        0.2494034469127655,
        -0.13076435029506683,
        0.5125459432601929,
        -0.6221466064453125,
        0.07124611735343933,
        -1.7497634887695312
    ],
    "global_orient": [
        -0.04507943615317345,
        0.30768468976020813,
        -0.04989507421851158
    ],
    "body_pose": [
        -0.20283213257789612,
        0.4018958508968353,
        -0.001633334904909134,
        -0.08065559715032578,
        0.03518330305814743,
        -0.0060901702381670475,
        -0.009875433519482613,
        0.23647843301296234,
        2.1083480532979593e-05,
        0.3870995044708252,
        -0.6946166753768921,
        0.12359665334224701,
        0.37245479226112366,
        -0.16487812995910645,
        0.012272417545318604,
        0.11764431744813919,
        0.18904216587543488,
        -0.06577673554420471,
        -0.08139662444591522,
        -0.08337527513504028,
        2.276508212162298e-06,
        -0.053044259548187256,
        -0.4727909564971924,
        -4.131781224714359e-06,
        -0.07142815738916397,
        -0.21033763885498047,
        -0.08275825530290604,
        6.025842594681308e-06,
        1.9293622699478874e-06,
        4.12925237469608e-06,
        -1.0550994034019823e-07,
        8.953061296779197e-07,
        -1.750284354784526e-06,
        -0.023151269182562828,
        -0.2115251123905182,
        0.1586674451828003,
        -0.08309001475572586,
        0.2390483319759369,
        -0.11171680688858032,
        -0.34959515929222107,
        0.08248607069253922,
        -0.201345294713974,
        0.07983428984880447,
        -0.3994242250919342,
        -0.03219415619969368,
        -0.19337444007396698,
        0.10495500266551971,
        -0.7117156386375427,
        -0.3258613348007202,
        0.5110005736351013,
        -0.4318481385707855,
        -0.34168222546577454,
        -0.03300207480788231,
        -0.010048765689134598,
        -0.36608242988586426,
        0.6971527934074402,
        -1.1433414220809937,
        0.14781895279884338,
        0.10453558713197708,
        -0.0959746465086937,
        -0.6816527247428894,
        0.02035827748477459,
        -0.3980156481266022
    ],
    "transl": [
        0.1207030862569809,
        1.5971089601516724,
        -0.09288689494132996
    ],
    "left_hand_pose": [
        -2.134849786758423,
        1.601252555847168,
        -1.0298449993133545,
        -2.3730924129486084,
        0.6342441439628601,
        2.4853222370147705,
        0.22786828875541687,
        -1.626227617263794,
        -1.567405104637146,
        -1.1225166320800781,
        0.4724803566932678,
        -2.3774027824401855
    ],
    "right_hand_pose": [
        -3.427222490310669,
        0.11347712576389313,
        -1.3449113368988037,
        0.5902480483055115,
        -0.9008419513702393,
        1.8005635738372803,
        1.107572317123413,
        1.9715557098388672,
        1.4716520309448242,
        0.8535290956497192,
        4.89265775680542,
        -1.8667408227920532
    ],
    "jaw_pose": [
        0.11328466981649399,
        0.0013221768895164132,
        0.027118070051074028
    ],
    "leye_pose": [
        0.3572726845741272,
        0.8465778231620789,
        0.1617279350757599
    ],
    "reye_pose": [
        -0.10391920804977417,
        -1.2003413438796997,
        -3.083167552947998
    ],
    "expression": [
        0.47178933024406433,
        -0.016021110117435455,
        0.14684905111789703,
        -0.11695035547018051,
        -0.5053149461746216,
        -0.09190414100885391,
        -0.016133558005094528,
        0.7687822580337524,
        -0.1150837242603302,
        -0.06860088557004929
    ]
}