{
    "betas": [
        1.0188572406768799,
        -0.4447617828845978,
        0.6993600726127625,
        -0.47833219170570374,
        0.2550570070743561,
        -0.14692600071430206,
        0.19137650728225708,
        -0.7194790244102478,
        -0.4544409513473511,
        -2.0681369304656982
    ],
    "global_orient": [
        -0.13092270493507385,
        -0.1292303502559662,
        -0.04884103685617447
    ],
    "body_pose": [
        -0.08064859360456467,
        0.16432958841323853,
        0.007386323064565659,
        -0.1703343391418457,
        -0.21659286320209503,
        -0.02752247266471386,
        0.006149230990558863,
        0.06302233040332794,
        0.014077520929276943,
        0.5175721049308777,
        -0.22577837109565735,
        0.03347723186016083,
        0.5380324721336365,
        0.17378181219100952,
        -0.08334328234195709,
        0.24603809416294098,
        0.031404901295900345,
        -0.06910139322280884,
        -0.16674187779426575,
        0.21292732656002045,
        4.052601980220061e-06,
        -0.04255564138293266,
        -0.16392302513122559,
        -2.787004177662311e-06,
        -0.014892131090164185,
        -0.08993104100227356,
        0.09323372691869736,
        5.60311445951811e-06,
        3.6202159208187368e-06,
        6.091269824537449e-06,
        3.2906640967667045e-07,
        1.1437749662945862e-06,
        1.890380758595711e-07,
        0.1833621710538864,
        0.14259073138237,
        0.18642938137054443,
        -0.2677471339702606,
        -0.029472434893250465,
        0.22131866216659546,
        -0.2866435647010803,
        0.01348134409636259,
        -0.1794741451740265,
        0.3264036178588867,
        -0.10144196450710297,
        -0.1072079986333847,
        -0.19018471240997314,
        -0.3365704119205475,
        -0.05347149819135666,
        -0.29574745893478394,
        0.5529484748840332,
        -0.21230608224868774,
        -0.3759475350379944,
        -0.6438739895820618,
        0.6438104510307312,
        -0.2925339341163635,
        1.021670937538147,
        -1.1646977663040161,
        -0.11185360699892044,
        0.04345296323299408,
        -0.1893843412399292,
        -0.7449879050254822,
        -0.03213326632976532,
        -0.3270356059074402
    ],
    "transl": [
        0.1145576685667038,
        1.5658493041992188,
        -0.08955640345811844
    ],
    "left_hand_pose": [
        -3.533310890197754,
        -0.021569054573774338,
        -2.2309980392456055,
        -1.2187621593475342,
        -2.0895354747772217,
        3.764383316040039,
        -1.7926348447799683,
        0.31999316811561584,
        3.9403958320617676,
        1.5781629085540771,
        3.967409372329712,
        -5.364955902099609
    ],
    "right_hand_pose": [
        -3.4816391468048096,
        1.0164201259613037,
        0.8416701555252075,
        -1.2185114622116089,
        -1.612048864364624,
        1.368269681930542,
        1.2117561101913452,
        -1.0157825946807861,
        -1.0446314811706543,
        0.8179529309272766,
        5.155291557312012,
        0.10234227776527405
    ],
    "jaw_pose": [
        -0.013949185609817505,
        0.002238216809928417,
        0.005228527821600437
    ],
    "leye_pose": [
        0.17829884588718414,
        0.5083181262016296,
        0.7996701002120972
    ],
    "reye_pose": [
        0.06724900007247925,
        -0.08137529343366623,
        -1.9096319675445557
    ],
    "expression": [
        0.1704501509666443,
        0.46532201766967773,
        0.32300546765327454,
        0.9490562081336975,
        -0.1256031095981598,
        -0.18160220980644226,
        -0.10566695779561996,
        0.3746245801448822,
        -0.179035022854805,
        0.10057926923036575
    ]
}