{
    "betas": [
        0.47811537981033325,
        -0.2814309298992157,
        0.6465518474578857,
        -0.07844740152359009,
        0.5354659557342529,
        -0.23361501097679138,
        1.2364507913589478,
        -0.9681428074836731,
        0.10720138251781464,
        -1.4002578258514404
    ],
    "global_orient": [
        -0.09613943845033646,
        -0.08684182167053223,
        -0.07924655824899673
    ],
    "body_pose": [
        -0.13267982006072998,
        0.21368347108364105,
        -0.007012723013758659,
        -0.1058252826333046,
        -0.03885233402252197,
        0.04246222972869873,
        0.08455821871757507,
        -0.01686006970703602,
        0.042527321726083755,
        0.3453461229801178,
        -0.4377758800983429,
        0.0007124601397663355,
        0.32695305347442627,
        0.14554454386234283,
        0.03772716596722603,
        0.3172513246536255,
        0.03603758290410042,
        -0.01654724031686783,
        -0.0570811927318573,
        0.3255087435245514,
        7.3439296102151275e-06,
        -0.001271638902835548,
        -0.36751222610473633,
        -7.779894076520577e-06,
        -0.16026714444160461,
        0.03327946737408638,
        -0.0030528653878718615,
        8.677990990690887e-06,
        5.714040071325144e-06,
        9.990700164053123e-06,
        4.954722498951014e-07,
        2.478777560099843e-06,
        -1.9108658761979314e-06,
        -0.15337489545345306,
        0.07352069765329361,
        0.026270098984241486,
        -0.23650649189949036,
        0.18040217459201813,
        0.09186683595180511,
        -0.04548124596476555,
        0.01680147461593151,
        0.029700390994548798,
        0.11889134347438812,
        -0.03187471628189087,
        0.0038928906433284283,
        -0.07602664083242416,
        -0.010600375942885876,
        -0.1465149074792862,
        -0.22297006845474243,
        0.09129085391759872,
        0.11413856595754623,
        -0.2556244432926178,
        -0.11268064379692078,
        -0.08686157315969467,
        -0.1327584683895111,
        0.33367353677749634,
        0.024532916024327278,
        0.3817257285118103,
        0.029991602525115013,
        -0.015827124938368797,
        -0.24832184612751007,
        -0.18405373394489288,
        0.1070287823677063
    ],
    "transl": [
        0.1642906665802002,
        1.605042576789856,
        -0.16795258224010468
    ],
    "left_hand_pose": [
        0.06043658405542374,
        0.19447502493858337,
        0.06961160153150558,
        -0.3838791847229004,
        0.7628964781761169,
        0.8351002335548401,
        -0.229078009724617,
        -1.1757655143737793,
        -0.26511886715888977,
        -0.5519611239433289,
        0.4081260561943054,
        -0.033432379364967346
    ],
    "right_hand_pose": [
        -0.015903210267424583,
        0.43225905299186707,
        0.06027153134346008,
        -0.6659437417984009,
        0.5981976389884949,
        0.4753763973712921,
        0.6849120855331421,
        -1.0663877725601196,
        0.19024918973445892,
        -1.2223652601242065,
        0.17843739688396454,
        -1.5982835292816162
    ],
    "jaw_pose": [
        -0.006056666374206543,
        0.011089485138654709,
        0.028556378558278084
    ],
    "leye_pose": [
        0.2744991183280945,
        0.444383829832077,
        0.03864609822630882
    ],
    "reye_pose": [
        -0.4195629954338074,
        0.18493591248989105,
        -0.1719885915517807
    ],
    "expression": [
        0.20070277154445648,
        0.5022393465042114,
        0.40352311730384827,
        0.6284510493278503,
        -0.5325527787208557,
        0.03360029309988022,
        -0.1986391842365265,
        0.5177488327026367,
        0.10031750053167343,
        0.011626615189015865
    ]
}