{
    "betas": [
        1.3865222930908203,
        -0.5000267624855042,
        0.7729265689849854,
        -0.20167595148086548,
        0.3322766125202179,
        -0.2219904661178589,
        0.37910351157188416,
        -1.0677521228790283,
        -0.582768440246582,
        -2.2123448848724365
    ],
    "global_orient": [
        -0.23826640844345093,
        -0.03626067563891411,
        -0.07477442920207977
    ],
    "body_pose": [
        -0.16861183941364288,
        0.5492023825645447,
        0.03377598151564598,
        -0.17105016112327576,
        -0.121750108897686,
        0.06459963321685791,
        0.09032224118709564,
        -0.05547787994146347,
        -0.020180651918053627,
        0.7519785165786743,
        -0.4544840455055237,
        0.3213751018047333,
        0.788159191608429,
        0.03499358892440796,
        -0.1636064499616623,
        0.2660873532295227,
        -0.0055192443542182446,
        -0.044335681945085526,
        -0.30804312229156494,
        -0.05094137042760849,
        5.783056735708669e-07,
        -0.1054312139749527,
        -0.31244921684265137,
        -8.157309849821104e-08,
        -0.011160049587488174,
        0.021342597901821136,
        -0.01924009621143341,
        6.752923695785285e-07,
        1.749492071212444e-06,
        3.771729780055466e-06,
        -1.9914023141609505e-06,
        1.2303493122090003e-06,
        3.942582225135993e-07,
        0.24237191677093506,
        0.08362794667482376,
        -0.03714980557560921,
        -0.30008476972579956,
        -0.19120071828365326,
        0.3610422909259796,
        -0.1906334012746811,
        -0.0053156535141170025,
        -0.0038164271973073483,
        0.3110272288322449,
        -0.11866435408592224,
        -0.09934908151626587,
        -0.19998350739479065,
        -0.5828275680541992,
        0.23248818516731262,
        -0.2187410295009613,
        0.25219935178756714,
        -0.020964963361620903,
        -0.34877732396125793,
        -0.7192606329917908,
        0.8340746760368347,
        -0.3486920893192291,
        0.9438443183898926,
        -0.7861160635948181,
        -0.07940612733364105,
        -0.10354559868574142,
        0.30231863260269165,
        -0.7585421204566956,
        -0.07537456601858139,
        -0.2762247920036316
    ],
    "transl": [
        0.1030907928943634,
        1.5102076530456543,
        -0.09337373822927475
    ],
    "left_hand_pose": [
        -3.7912466526031494,
        0.29542312026023865,
        -1.3677161931991577,
        -1.537110447883606,
        -1.8387678861618042,
        2.461669921875,
        -0.5733042359352112,
        -0.31961143016815186,
        1.20829176902771,
        0.11416056007146835,
        2.998549461364746,
        -4.653088569641113
    ],
    "right_hand_pose": [
        -3.275007963180542,
        1.3382558822631836,
        -0.1387263536453247,
        -1.9707295894622803,
        -0.921855092048645,
        1.5680726766586304,
        0.996676504611969,
        -0.8938990831375122,
        -1.4969465732574463,
        -0.35399436950683594,
        3.249770164489746,
        -1.858872890472412
    ],
    "jaw_pose": [
        -0.011783626861870289,
        -0.015393477864563465,
        0.052980538457632065
    ],
    "leye_pose": [
        -0.583882212638855,
        0.3975599706172943,
        1.224176287651062
    ],
    "reye_pose": [
        -0.4910733699798584,
        -0.6053692102432251,
        -2.318122386932373
    ],
    "expression": [
        0.4545727074146271,
        0.739521861076355,
        0.15565870702266693,
        0.9343668222427368,
        -0.0024793243501335382,
        0.22210809588432312,
        -0.18118086457252502,
        0.5979584455490112,
        0.10630350559949875,
        0.01972186379134655
    ]
}