{
    "betas": [
        0.8713106513023376,
        -0.7756794095039368,
        0.9578303694725037,
        -0.7256819009780884,
        -0.04195515066385269,
        0.0015430389903485775,
        0.5443839430809021,
        -0.7556480169296265,
        -0.2725083529949188,
        -1.7772102355957031
    ],
    "global_orient": [
        -0.11513364315032959,
        0.07195091247558594,
        -0.11542904376983643
    ],
    "body_pose": [
        0.02918747439980507,
        0.07992924004793167,
        0.008642245084047318,
        -0.5878345966339111,
        -0.5578005313873291,
        -0.009854567237198353,
        0.20133043825626373,
        -0.05130695551633835,
        0.05941346660256386,
        0.18952251970767975,
        -0.34910139441490173,
        0.01837850734591484,
        0.8708380460739136,
        0.1536249816417694,
        -0.14137916266918182,
        0.06837811321020126,
        -0.08485782146453857,
        -0.018868297338485718,
        0.05304131284356117,
        0.2407107949256897,
        1.1104003760920023e-06,
        0.43305498361587524,
        -0.050682179629802704,
        -4.334774985181866e-06,
        -0.027883566915988922,
        -0.1286529004573822,
        0.10894045978784561,
        5.822530965815531e-06,
        2.3401801172440173e-06,
        4.305028141970979e-06,
        5.698066729564744e-07,
        2.982036903631524e-06,
        7.435742759298591e-07,
        0.0021100069861859083,
        0.02720639854669571,
        0.09312869608402252,
        -0.03268229216337204,
        0.31989678740501404,
        0.07374002039432526,
        -0.17106007039546967,
        0.03455159813165665,
        -0.013204259797930717,
        0.2764606475830078,
        -0.012331729754805565,
        -0.04175908863544464,
        0.2516138255596161,
        -0.32610592246055603,
        -0.4570339322090149,
        -0.04844577983021736,
        0.790022611618042,
        0.23219603300094604,
        -0.14925777912139893,
        -1.4292980432510376,
        0.514721691608429,
        0.1521589756011963,
        0.9730967283248901,
        0.0955391526222229,
        0.25741150975227356,
        -0.26170822978019714,
        -0.04122830554842949,
        -0.03988545015454292,
        -0.04364931210875511,
        0.07549616694450378
    ],
    "transl": [
        0.19110111892223358,
        1.6153552532196045,
        -0.11122892051935196
    ],
    "left_hand_pose": [
        -0.07479842752218246,
        0.37582236528396606,
        0.15082386136054993,
        0.14700455963611603,
        0.23334665596485138,
        0.8633726239204407,
        0.04530556872487068,
        -1.2874231338500977,
        0.8536821603775024,
        -0.3343328833580017,
        0.6800440549850464,
        -0.1478816121816635
    ],
    "right_hand_pose": [
        0.3509553372859955,
        0.2391831874847412,
        0.29180842638015747,
        -1.213415265083313,
        1.3311036825180054,
        0.28183847665786743,
        0.9992949962615967,
        -0.5864769220352173,
        -0.3435417711734772,
        -0.9929306507110596,
        0.3683363199234009,
        -0.8497985601425171
    ],
    "jaw_pose": [
        -0.008945594541728497,
        0.0021677196491509676,
        0.010643444024026394
    ],
    "leye_pose": [
        0.8344408869743347,
        0.7370889782905579,
        -0.8311789631843567
    ],
    "reye_pose": [
        -0.2661130726337433,
        0.25084108114242554,
        -0.40663233399391174
    ],
    "expression": [
        -0.8641819357872009,
        0.7576058506965637,
        0.23253889381885529,
        1.235044002532959,
        -0.4147680401802063,
        0.0047464617528021336,
        -0.14542384445667267,
        0.49924129247665405,
        0.18838463723659515,
        0.23793454468250275
    ]
}