{
    "betas": [
        0.8062156438827515,
        -0.5273984670639038,
        0.8232494592666626,
        -0.36079463362693787,
        0.19442114233970642,
        -0.1315588802099228,
        1.0620254278182983,
        -0.892770528793335,
        -0.013723175972700119,
        -1.9899333715438843
    ],
    "global_orient": [
        -0.07326649874448776,
        0.25659289956092834,
        -0.14716941118240356
    ],
    "body_pose": [
        -0.08360109478235245,
        0.24431392550468445,
        0.028082089498639107,
        -0.455178439617157,
        -0.26830628514289856,
        0.018012695014476776,
        0.14855024218559265,
        -0.24062217772006989,
        0.12933488190174103,
        0.2326992154121399,
        -0.6213434338569641,
        0.04734277352690697,
        0.9269229769706726,
        0.35059112310409546,
        -0.36465343832969666,
        0.07650028169155121,
        -0.09497691690921783,
        -0.07650818675756454,
        0.06725262850522995,
        0.008449996821582317,
        1.2974222727279994e-06,
        0.5332245230674744,
        -0.01003127358853817,
        -8.324433338202653e-07,
        -0.021860646083950996,
        -0.08518002182245255,
        0.038699354976415634,
        4.9574887270864565e-06,
        2.9255270419525914e-06,
        5.059267095930409e-06,
        -4.877324499830138e-07,
        2.1239955003693467e-06,
        1.8321683228350594e-06,
        -0.0013585458509624004,
        0.06219528988003731,
        0.10507044196128845,
        -0.09017155319452286,
        0.23193779587745667,
        0.053097404539585114,
        -0.11793166399002075,
        -0.04485198110342026,
        0.049452364444732666,
        0.25701871514320374,
        -0.018540024757385254,
        -0.026737481355667114,
        0.1844879388809204,
        -0.35535815358161926,
        -0.12347009778022766,
        -0.04791873320937157,
        0.42635995149612427,
        0.17114073038101196,
        -0.1360594481229782,
        -0.9299877882003784,
        0.10458976030349731,
        0.06647880375385284,
        0.5142529010772705,
        0.025016354396939278,
        0.535057783126831,
        -0.2089049518108368,
        -0.0037922821938991547,
        -0.012233004905283451,
        -0.149167999625206,
        0.0796983614563942
    ],
    "transl": [
        0.21617275476455688,
        1.6115689277648926,
        -0.11839441955089569
    ],
    "left_hand_pose": [
        0.10685640573501587,
        0.09602022916078568,
        0.21388475596904755,
        -0.5501208305358887,
        1.067106008529663,
        0.6796757578849792,
        -0.19873861968517303,
        -1.131314754486084,
        -0.34674742817878723,
        -0.8981873393058777,
        0.19126981496810913,
        -0.7563923597335815
    ],
    "right_hand_pose": [
        0.2087075263261795,
        0.16435544192790985,
        0.3072679340839386,
        -1.5291948318481445,
        1.2426025867462158,
        0.06324464082717896,
        1.3538224697113037,
        -0.7803614735603333,
        -0.652888298034668,
        -1.0202264785766602,
        1.1153291463851929,
        -1.0713117122650146
    ],
    "jaw_pose": [
        -0.014272372238337994,
        0.004088289104402065,
        0.009612089954316616
    ],
    "leye_pose": [
        0.4011390209197998,
        0.8038346767425537,
        -0.6899337768554688
    ],
    "reye_pose": [
        -0.4364001750946045,
        -0.057403869926929474,
        0.01027245819568634
    ],
    "expression": [
        -0.8025791049003601,
        0.46949318051338196,
        0.2570277750492096,
        0.9230684041976929,
        -0.44092944264411926,
        -0.25320887565612793,
        -0.015731357038021088,
        0.39437243342399597,
        0.2259390950202942,
        0.3209365904331207
    ]
}