{
    "betas": [
        0.8458415269851685,
        -0.7891395092010498,
        0.9236782193183899,
        -0.7861818671226501,
        -0.009817861951887608,
        -0.0797930657863617,
        0.9287941455841064,
        -0.5297203063964844,
        -0.012399363331496716,
        -1.8874542713165283
    ],
    "global_orient": [
        -0.1837523877620697,
        0.12616994976997375,
        -0.0586978942155838
    ],
    "body_pose": [
        0.11125332862138748,
        0.1303962767124176,
        -0.025476139038801193,
        -0.5966141819953918,
        -0.6237814426422119,
        0.058209557086229324,
        0.20825792849063873,
        -0.040418144315481186,
        0.0329853855073452,
        0.16101451218128204,
        -0.36569344997406006,
        -0.036943964660167694,
        0.7908934950828552,
        0.34782227873802185,
        0.1770721822977066,
        0.15140309929847717,
        -0.016162658110260963,
        -0.016278084367513657,
        0.049802351742982864,
        0.17311307787895203,
        1.3746006288783974e-06,
        0.5287438035011292,
        -0.1570902019739151,
        -7.05357342667412e-06,
        -0.08571533113718033,
        -0.04526763781905174,
        0.07006779313087463,
        7.058260052872356e-06,
        2.925604803749593e-06,
        3.845485935016768e-06,
        2.2643921511189546e-06,
        2.0117172425671015e-06,
        -2.6687596346164355e-06,
        0.05357839912176132,
        -0.05470394715666771,
        0.15838496387004852,
        -0.12296175956726074,
        0.23592157661914825,
        0.02069164626300335,
        -0.1852463036775589,
        0.22612351179122925,
        0.12936140596866608,
        0.1746382862329483,
        -0.08586912602186203,
        -0.04397675395011902,
        -0.03144785761833191,
        -0.11484459042549133,
        -0.35366082191467285,
        -0.04791935533285141,
        0.961383044719696,
        0.06024680286645889,
        -0.2790589928627014,
        -0.6782223582267761,
        0.10707883536815643,
        0.10330211371183395,
        1.4590784311294556,
        0.19340085983276367,
        0.1587938368320465,
        -0.07512267678976059,
        -0.014356819912791252,
        -0.18001586198806763,
        0.21037720143795013,
        0.21026085317134857
    ],
    "transl": [
        0.2105041891336441,
        1.6071630716323853,
        -0.11614903062582016
    ],
    "left_hand_pose": [
        -0.01814456470310688,
        0.2576369047164917,
        0.22973944246768951,
        0.28314024209976196,
        0.5776371359825134,
        0.7786601781845093,
        0.005897948518395424,
        -1.4672250747680664,
        0.3950219452381134,
        -0.7017009854316711,
        0.6943089365959167,
        -0.43709179759025574
    ],
    "right_hand_pose": [
        0.3621753454208374,
        0.5361935496330261,
        0.3421321511268616,
        -1.6921035051345825,
        1.3043617010116577,
        -0.056002579629421234,
        1.162777066230774,
        -0.8426815271377563,
        -0.506993293762207,
        -2.14174485206604,
        -0.2697850167751312,
        -4.361191272735596
    ],
    "jaw_pose": [
        -0.02029705047607422,
        0.006486117374151945,
        0.030413830652832985
    ],
    "leye_pose": [
        0.7929814457893372,
        0.9768355488777161,
        -0.43132221698760986
    ],
    "reye_pose": [
        -0.2857995629310608,
        0.40087997913360596,
        -0.6091191172599792
    ],
    "expression": [
        -0.1796295940876007,
        0.505648136138916,
        0.26642027497291565,
        1.2976552248001099,
        -0.4738824665546417,
        -0.06815468519926071,
        -0.22560562193393707,
        0.7552129030227661,
        0.21288946270942688,
        0.1740938127040863
    ]
}