{
    "betas": [
        0.7415305972099304,
        -0.5989462733268738,
        0.6533259749412537,
        -0.4747641682624817,
        0.33759140968322754,
        -0.21819202601909637,
        1.031273603439331,
        -0.8993176221847534,
        -0.09966707229614258,
        -1.750422477722168
    ],
    "global_orient": [
        -0.22590748965740204,
        0.2716837227344513,
        0.0760861337184906
    ],
    "body_pose": [
        0.1826888620853424,
        0.1375749260187149,
        -0.18000030517578125,
        -0.48088589310646057,
        -0.6357024908065796,
        0.223171204328537,
        0.15217584371566772,
        0.021740885451436043,
        0.006990395952016115,
        0.14908134937286377,
        -0.4712037742137909,
        0.011601812206208706,
        0.582598090171814,
        0.16727975010871887,
        -0.16243433952331543,
        0.1840071827173233,
        0.020462917163968086,
        -0.01118137314915657,
        -0.01638193428516388,
        0.15540023148059845,
        5.696952939615585e-06,
        0.46564120054244995,
        -0.3787698447704315,
        -2.8406122964952374e-06,
        -0.10167855769395828,
        -0.025466453284025192,
        0.06007685139775276,
        5.787602276541293e-06,
        2.8870333608210785e-06,
        5.011663688492263e-06,
        2.7284053771836625e-07,
        1.2095780448362348e-06,
        -1.4787700592933106e-06,
        -0.008264328353106976,
        -0.06814497709274292,
        0.12677471339702606,
        -0.09308996796607971,
        0.2100944072008133,
        0.10287376493215561,
        -0.2462233453989029,
        0.08451415598392487,
        -0.1803569197654724,
        0.09851691871881485,
        -0.14248192310333252,
        -0.07575459778308868,
        0.014055555686354637,
        0.061055149883031845,
        -0.1479576826095581,
        -0.041179124265909195,
        0.9981309771537781,
        0.15064658224582672,
        -0.07000795751810074,
        0.08546292036771774,
        -0.18621762096881866,
        0.03523775190114975,
        1.3648831844329834,
        -0.12563352286815643,
        0.24167335033416748,
        0.08146415650844574,
        -0.11470906436443329,
        -0.07377718389034271,
        -0.08991093188524246,
        0.1463468372821808
    ],
    "transl": [
        0.2162787914276123,
        1.5991345643997192,
        -0.12489490211009979
    ],
    "left_hand_pose": [
        0.21278417110443115,
        0.48684975504875183,
        0.2036523073911667,
        -0.44731733202934265,
        0.46458321809768677,
        0.31799161434173584,
        0.6503103971481323,
        -1.15830397605896,
        -0.47206026315689087,
        -0.9817139506340027,
        0.8246656060218811,
        -0.5412884950637817
    ],
    "right_hand_pose": [
        0.190809428691864,
        0.29181352257728577,
        0.05324859172105789,
        -1.096313238143921,
        1.3074047565460205,
        0.37468525767326355,
        -0.06310748308897018,
        -0.146906316280365,
        -0.05357084050774574,
        -0.2852379381656647,
        0.6425700783729553,
        0.1937909722328186
    ],
    "jaw_pose": [
        0.0003057151916436851,
        0.019603412598371506,
        0.03485093265771866
    ],
    "leye_pose": [
        0.5671110153198242,
        0.5020021796226501,
        -0.22734995186328888
    ],
    "reye_pose": [
        -0.14563529193401337,
        0.3892047703266144,
        -0.3936542868614197
    ],
    "expression": [
        -0.6833133101463318,
        -0.03880701959133148,
        -0.11008541285991669,
        0.619339108467102,
        -0.636910617351532,
        -0.1607627421617508,
        -0.17637088894844055,
        0.7552052736282349,
        0.19386713206768036,
        0.15509845316410065
    ]
}