{
    "betas": [
        0.9464108347892761,
        -0.8715664148330688,
        0.7702075242996216,
        -0.33079853653907776,
        0.09125224500894547,
        -0.03857302665710449,
        0.8952850103378296,
        -0.7067258358001709,
        0.11716953665018082,
        -1.9173824787139893
    ],
    "global_orient": [
        -0.10038305073976517,
        0.12611231207847595,
        -0.0718805268406868
    ],
    "body_pose": [
        -0.23913681507110596,
        0.49334096908569336,
        0.020319802686572075,
        -0.18093349039554596,
        -0.17120634019374847,
        0.01819663681089878,
        -0.01988176256418228,
        0.1932484656572342,
        -0.05318194627761841,
        0.561377763748169,
        -0.5864601135253906,
        0.23871684074401855,
        0.5765125751495361,
        -0.07008065283298492,
        -0.07507152855396271,
        0.2429342120885849,
        0.047570470720529556,
        0.05463876575231552,
        -0.19732457399368286,
        -0.1103530079126358,
        5.944460212958802e-07,
        -0.08069049566984177,
        -0.2252175360918045,
        3.9460439893446164e-07,
        -0.11618664860725403,
        -0.23645994067192078,
        -0.010965820401906967,
        1.6045840993683669e-06,
        1.8539634538683458e-06,
        3.9658557398070116e-06,
        -8.230541652665124e-07,
        6.326924335553485e-07,
        7.810648412487353e-07,
        -0.07644947618246078,
        -0.01679043658077717,
        0.11225441098213196,
        -0.10221653431653976,
        0.00693821394816041,
        -0.19738289713859558,
        -0.3547872006893158,
        0.08073025941848755,
        -0.10976037383079529,
        0.15406249463558197,
        -0.222259521484375,
        -0.09996741265058517,
        -0.10301029682159424,
        -0.24615536630153656,
        -0.783993124961853,
        -0.3588908612728119,
        0.4984801709651947,
        -0.31045231223106384,
        -0.2747465968132019,
        -0.41173338890075684,
        -0.14286668598651886,
        -0.3559643030166626,
        0.995036780834198,
        -1.8313907384872437,
        0.2851718068122864,
        0.10243017226457596,
        -0.1964004784822464,
        -0.8410575985908508,
        0.03450944274663925,
        -0.3688200116157532
    ],
    "transl": [
        0.09934516251087189,
        1.5669909715652466,
        -0.0952153131365776
    ],
    "left_hand_pose": [
        -1.9056316614151,
        1.4663188457489014,
        -1.2839910984039307,
        -2.1185779571533203,
        0.40710604190826416,
        2.262110471725464,
        0.34657686948776245,
        -1.508987307548523,
        -1.3783904314041138,
        -1.2077761888504028,
        0.17409662902355194,
        -2.4485440254211426
    ],
    "right_hand_pose": [
        -3.441596269607544,
        0.2584863007068634,
        -1.0628925561904907,
        0.6543520092964172,
        -1.8542660474777222,
        2.3062798976898193,
        1.7108893394470215,
        1.2035932540893555,
        2.065512180328369,
        1.4658122062683105,
        5.575989246368408,
        -0.9145217537879944
    ],
    "jaw_pose": [
        0.09300068020820618,
        0.01306822244077921,
        0.016532763838768005
    ],
    "leye_pose": [
        0.028681261464953423,
        0.5184723138809204,
        0.6296766996383667
    ],
    "reye_pose": [
        0.14588303864002228,
        -1.2843571901321411,
        -2.8590734004974365
    ],
    "expression": [
        0.7523594498634338,
        0.5026808977127075,
        0.33118268847465515,
        -0.0790029987692833,
        -0.3247569799423218,
        -0.09613325446844101,
        -0.029924534261226654,
        0.5755565762519836,
        -0.1829613894224167,
        -0.16076774895191193
    ]
}