{
    "betas": [
        1.026092529296875,
        -0.451640784740448,
        0.8853763937950134,
        -0.5252864360809326,
        0.19697153568267822,
        -0.24294909834861755,
        0.22986777126789093,
        -0.9591507315635681,
        -0.747401773929596,
        -1.9198139905929565
    ],
    "global_orient": [
        -0.16537681221961975,
        -0.16091398894786835,
        -0.01782987080514431
    ],
    "body_pose": [
        -0.14838217198848724,
        0.3190061151981354,
        -0.045808713883161545,
        -0.33019450306892395,
        -0.5555466413497925,
        -0.07042185217142105,
        0.03153551369905472,
        0.007984842173755169,
        0.05072588846087456,
        0.6591199040412903,
        -0.28826311230659485,
        0.08087760210037231,
        0.6897701621055603,
        0.3786461651325226,
        -0.24967972934246063,
        0.2083180695772171,
        0.10102564841508865,
        -0.11296714097261429,
        -0.2280019074678421,
        0.18422208726406097,
        2.163719500458683e-06,
        -0.05247782543301582,
        0.05307162180542946,
        7.943285709188785e-07,
        -0.07232674956321716,
        -0.05824141576886177,
        0.056552305817604065,
        3.9346664379991125e-06,
        2.837781494235969e-06,
        5.221183982939692e-06,
        -1.3584412954514846e-06,
        1.4325830761663383e-06,
        3.168121622820763e-07,
        0.07576257735490799,
        0.13635264337062836,
        0.1982324719429016,
        -0.2776256799697876,
        -0.05161677300930023,
        0.18635480105876923,
        -0.3194982707500458,
        0.03354997932910919,
        -0.1555175930261612,
        0.1831805258989334,
        -0.07892706990242004,
        -0.16598255932331085,
        -0.2432365119457245,
        -0.28044530749320984,
        0.048973169177770615,
        -0.3147027790546417,
        0.5785156488418579,
        -0.1889408975839615,
        -0.413817435503006,
        -0.557793915271759,
        0.7187861204147339,
        -0.2917603552341461,
        1.022982120513916,
        -1.0186655521392822,
        -0.2212170660495758,
        0.047726139426231384,
        0.19290432333946228,
        -0.7765270471572876,
        -0.042041122913360596,
        -0.26285144686698914
    ],
    "transl": [
        0.1333424597978592,
        1.547218918800354,
        -0.11120636016130447
    ],
    "left_hand_pose": [
        -3.926560878753662,
        0.30214208364486694,
        -2.0275721549987793,
        -0.9916794300079346,
        -2.5791027545928955,
        3.673164129257202,
        -1.4043819904327393,
        0.2848231792449951,
        3.207854747772217,
        1.1506201028823853,
        4.26700496673584,
        -5.9851837158203125
    ],
    "right_hand_pose": [
        -3.5011301040649414,
        0.9994578957557678,
        0.7807633876800537,
        -1.3111463785171509,
        -1.501308560371399,
        1.3793034553527832,
        1.3133652210235596,
        -0.9801197052001953,
        -1.2645951509475708,
        0.5150789618492126,
        4.529281139373779,
        -0.14072038233280182
    ],
    "jaw_pose": [
        -0.0033762850798666477,
        0.0054657054133713245,
        0.019842416048049927
    ],
    "leye_pose": [
        0.2514146864414215,
        0.47304221987724304,
        0.06315074861049652
    ],
    "reye_pose": [
        -0.5663138628005981,
        0.18957482278347015,
        -0.5454174280166626
    ],
    "expression": [
        -0.5059444308280945,
        0.48353227972984314,
        0.16470041871070862,
        0.7991414070129395,
        -0.26540252566337585,
        -0.0707106664776802,
        -0.15596067905426025,
        0.4315565526485443,
        0.104473777115345,
        0.18300889432430267
    ]
}