{
    "betas": [
        0.8378502130508423,
        -0.7795261740684509,
        0.8528984189033508,
        -0.6137599945068359,
        0.051131054759025574,
        -0.12280213087797165,
        1.012097716331482,
        -0.5500500798225403,
        -0.03329763934016228,
        -2.074652910232544
    ],
    "global_orient": [
        -0.19959509372711182,
        0.15368850529193878,
        0.0001546928979223594
    ],
    "body_pose": [
        0.11591708660125732,
        0.18146488070487976,
        -0.09085822105407715,
        -0.5582213401794434,
        -0.7111671566963196,
        0.14445528388023376,
        0.20720618963241577,
        -0.0462297722697258,
        0.016050901263952255,
        0.23121365904808044,
        -0.376093327999115,
        -0.02404903620481491,
        0.7223487496376038,
        0.3765193819999695,
        0.12892521917819977,
        0.1908237785100937,
        -0.016485273838043213,
        -0.016487671062350273,
        -0.005992523860186338,
        0.14041033387184143,
        2.5085009838221595e-06,
        0.6722606420516968,
        0.025619249790906906,
        -2.4723608476051595e-06,
        -0.1290016770362854,
        -0.02922007068991661,
        0.07088329643011093,
        6.36772620055126e-06,
        2.977809344884008e-06,
        4.3202826418564655e-06,
        1.5253867786668707e-06,
        3.0903440801921533e-06,
        -5.786710062238853e-07,
        0.07301276177167892,
        -0.05297199264168739,
        0.16338136792182922,
        -0.16372562944889069,
        0.18804681301116943,
        0.02607264183461666,
        -0.2119394689798355,
        0.294099897146225,
        0.10643497854471207,
        0.15105585753917694,
        -0.0914270430803299,
        -0.04950650781393051,
        -0.06803470849990845,
        -0.02028900943696499,
        -0.2653959095478058,
        -0.05101197585463524,
        1.058202862739563,
        0.2400224208831787,
        -0.2909117639064789,
        -0.36446651816368103,
        -0.010534828528761864,
        0.06278721988201141,
        1.613311767578125,
        0.18083494901657104,
        0.13041278719902039,
        0.00888774637132883,
        -0.04695554077625275,
        -0.16314895451068878,
        0.20313450694084167,
        0.22479932010173798
    ],
    "transl": [
        0.21763378381729126,
        1.5965327024459839,
        -0.1053178459405899
    ],
    "left_hand_pose": [
        0.019858596846461296,
        0.22334901988506317,
        0.11282368749380112,
        0.25224292278289795,
        0.5777251124382019,
        0.7250341773033142,
        -0.4501999616622925,
        -1.262917160987854,
        0.2228110432624817,
        -0.3648497462272644,
        1.3780317306518555,
        -0.3665175437927246
    ],
    "right_hand_pose": [
        0.3088805377483368,
        0.6231101155281067,
        0.45371729135513306,
        -1.6636124849319458,
        1.3141759634017944,
        -0.44359806180000305,
        1.1896048784255981,
        -0.6062017679214478,
        -0.9601645469665527,
        -2.2198030948638916,
        -0.36292022466659546,
        -4.440077781677246
    ],
    "jaw_pose": [
        -0.015134821645915508,
        0.00950149167329073,
        0.025914181023836136
    ],
    "leye_pose": [
        0.9566131234169006,
        0.7690199613571167,
        -0.6194482445716858
    ],
    "reye_pose": [
        -0.3710910379886627,
        0.3727554678916931,
        -0.5303382873535156
    ],
    "expression": [
        -0.18455135822296143,
        0.2958938479423523,
        0.3385258913040161,
        1.2419207096099854,
        -0.5377168655395508,
        -0.08558395504951477,
        -0.24489156901836395,
        0.7502456307411194,
        0.19788816571235657,
        0.23317353427410126
    ]
}