{
    "betas": [
        1.0860286951065063,
        -0.11757683753967285,
        0.8017249703407288,
        -0.15854565799236298,
        0.4157535433769226,
        -0.252245157957077,
        0.5290859937667847,
        -0.7672310471534729,
        -0.7636599540710449,
        -2.1638267040252686
    ],
    "global_orient": [
        -0.16948777437210083,
        -0.0993533730506897,
        -0.05420296639204025
    ],
    "body_pose": [
        -0.22444485127925873,
        0.5635059475898743,
        0.011956872418522835,
        -0.25902634859085083,
        -0.37079858779907227,
        0.03356330096721649,
        0.10902456194162369,
        -0.08408625423908234,
        -0.022778071463108063,
        0.7314899563789368,
        -0.4996525049209595,
        0.2021871656179428,
        0.7053824067115784,
        0.24936309456825256,
        -0.2407153993844986,
        0.2907232940196991,
        -0.026087699458003044,
        -0.030611099675297737,
        -0.2296944260597229,
        0.0628877580165863,
        1.4124799463388626e-06,
        -0.0829397588968277,
        -0.14042985439300537,
        -1.4209714436219656e-06,
        -0.09603384882211685,
        0.01650463230907917,
        -0.0391526073217392,
        4.035196525364881e-06,
        3.526686668919865e-06,
        6.854694220237434e-06,
        -6.637246485752257e-08,
        1.5533055375271942e-06,
        -4.828694386560528e-07,
        0.21206142008304596,
        0.10251793265342712,
        0.016780026257038116,
        -0.2962875962257385,
        -0.020214799791574478,
        0.3117712736129761,
        -0.1938709020614624,
        0.07263834029436111,
        -0.18848682940006256,
        0.4115197956562042,
        -0.06018373742699623,
        -0.05937828868627548,
        -0.14230234920978546,
        -0.5036180019378662,
        0.10723560303449631,
        -0.25235384702682495,
        0.43032073974609375,
        -0.1867498755455017,
        -0.27112913131713867,
        -1.085387110710144,
        1.167662262916565,
        -0.4263419210910797,
        0.6075281500816345,
        -0.3196733891963959,
        -0.016909655183553696,
        -0.12279177457094193,
        0.27583345770835876,
        -0.6632217168807983,
        -0.02659006044268608,
        -0.25995585322380066
    ],
    "transl": [
        0.11190664023160934,
        1.5341874361038208,
        -0.10600852221250534
    ],
    "left_hand_pose": [
        -4.1348772048950195,
        0.4488576352596283,
        -1.1231800317764282,
        -0.43206268548965454,
        -3.0566213130950928,
        3.3212249279022217,
        0.3715367615222931,
        0.4539951980113983,
        3.7578275203704834,
        1.6889384984970093,
        5.488970756530762,
        -4.169478893280029
    ],
    "right_hand_pose": [
        -3.1552321910858154,
        1.40525221824646,
        -0.41175949573516846,
        -2.2436676025390625,
        -0.45556554198265076,
        1.750606656074524,
        0.8011742830276489,
        -1.1038610935211182,
        -1.8371554613113403,
        -0.86095130443573,
        2.375959634780884,
        -2.5783042907714844
    ],
    "jaw_pose": [
        -0.024494541808962822,
        -0.010803410783410072,
        0.04730187729001045
    ],
    "leye_pose": [
        0.06640943139791489,
        0.4624047577381134,
        0.4075017273426056
    ],
    "reye_pose": [
        -0.7766881585121155,
        0.4505508244037628,
        -1.0880956649780273
    ],
    "expression": [
        0.023406466469168663,
        0.7652626633644104,
        0.27576902508735657,
        1.2601512670516968,
        -0.1363690048456192,
        0.09562672674655914,
        -0.2473883330821991,
        0.6653627157211304,
        0.11303412169218063,
        0.033436063677072525
    ]
}