{
    "betas": [
        0.8242725729942322,
        -0.5979404449462891,
        0.8678156733512878,
        -0.5553162097930908,
        0.13644351065158844,
        -0.0831538662314415,
        0.6865084171295166,
        -0.9815871119499207,
        -0.05396914482116699,
        -1.943384051322937
    ],
    "global_orient": [
        -0.008195638656616211,
        0.022253502160310745,
        -0.19204382598400116
    ],
    "body_pose": [
        -0.22785936295986176,
        0.30914267897605896,
        0.030814340338110924,
        -0.32264795899391174,
        -0.19229203462600708,
        -0.10751738399267197,
        0.14842769503593445,
        -0.13784776628017426,
        0.07512705028057098,
        0.3696795701980591,
        -0.5524609088897705,
        0.1297018676996231,
        0.5646334290504456,
        0.38611337542533875,
        -0.22239646315574646,
        0.10661464929580688,
        -0.08884371817111969,
        -0.021779879927635193,
        -0.053213197737932205,
        0.09528496861457825,
        1.9261613033449976e-06,
        0.8860771059989929,
        0.16578729450702667,
        2.62473190559831e-06,
        -0.07499116659164429,
        -0.11333705484867096,
        0.07909764349460602,
        5.278097432892537e-06,
        2.6829166017705575e-06,
        3.563655809557531e-06,
        3.338782335049473e-07,
        1.795334924281633e-06,
        2.088304427161347e-06,
        -0.022928591817617416,
        0.07187871634960175,
        0.05597025901079178,
        0.0031001947354525328,
        0.2723616361618042,
        0.05372060090303421,
        -0.15758158266544342,
        -0.10160238295793533,
        0.09388885647058487,
        0.23283497989177704,
        0.05696677416563034,
        -0.025212204083800316,
        0.31054750084877014,
        -0.40358486771583557,
        -0.2707430422306061,
        -0.11078182607889175,
        0.2522541284561157,
        0.14289262890815735,
        -0.0965149849653244,
        -1.5649081468582153,
        0.5637463331222534,
        0.0973047986626625,
        0.1113869696855545,
        0.08796188235282898,
        0.42741698026657104,
        -0.34446558356285095,
        0.003710860153660178,
        0.05722552537918091,
        -0.2485547810792923,
        0.11555255204439163
    ],
    "transl": [
        0.19245903193950653,
        1.6010209321975708,
        -0.12594152987003326
    ],
    "left_hand_pose": [
        0.1126566082239151,
        0.5800542235374451,
        0.22415046393871307,
        -0.3365772068500519,
        0.41157233715057373,
        0.1234910860657692,
        0.3333285450935364,
        -0.8968184590339661,
        -0.6061142086982727,
        -1.0375404357910156,
        0.5156750082969666,
        -1.182343602180481
    ],
    "right_hand_pose": [
        0.18714481592178345,
        0.10586202889680862,
        0.22527258098125458,
        -1.1078879833221436,
        1.1343687772750854,
        0.4475052058696747,
        0.553005576133728,
        -0.7241551876068115,
        -0.005084081087261438,
        -0.8507870435714722,
        0.07601656019687653,
        -0.9045567512512207
    ],
    "jaw_pose": [
        -0.020663218572735786,
        0.008577246218919754,
        0.0072890943847596645
    ],
    "leye_pose": [
        0.3229275941848755,
        0.7217254042625427,
        -0.6783574819564819
    ],
    "reye_pose": [
        -0.3483196198940277,
        0.0787724182009697,
        -0.06391879171133041
    ],
    "expression": [
        -0.490601509809494,
        0.494705468416214,
        -0.12200482934713364,
        0.842325747013092,
        -0.5219203233718872,
        -0.14844012260437012,
        -0.16646766662597656,
        0.41818317770957947,
        0.0017347485991194844,
        0.20118530094623566
    ]
}