{
    "betas": [
        0.7589238286018372,
        -0.543961763381958,
        0.9395285844802856,
        -0.22357609868049622,
        0.30522850155830383,
        -0.10349723696708679,
        0.7218651175498962,
        -0.9062749743461609,
        -0.24705715477466583,
        -2.13218092918396
    ],
    "global_orient": [
        -0.06112517789006233,
        0.2960202693939209,
        -0.15853039920330048
    ],
    "body_pose": [
        -0.22413280606269836,
        0.16326671838760376,
        -0.045281391590833664,
        -0.18301749229431152,
        0.20073018968105316,
        -0.13199220597743988,
        0.12178278714418411,
        -0.0441439226269722,
        0.02853742241859436,
        0.47594037652015686,
        -0.6382010579109192,
        0.11508142948150635,
        0.6013050079345703,
        0.25021401047706604,
        -0.1247425526380539,
        0.1474674791097641,
        -0.06087302416563034,
        -0.0068617574870586395,
        -0.09255830198526382,
        0.10646805167198181,
        4.5765987124468666e-06,
        0.7696110606193542,
        0.036581940948963165,
        2.7051730739913182e-06,
        -0.0722658559679985,
        -0.15020862221717834,
        0.09564618021249771,
        6.97440373187419e-06,
        4.064342192577897e-06,
        5.514395070349565e-06,
        -1.5871883363161032e-07,
        1.8910789094661595e-06,
        1.4527095117955469e-06,
        -0.06084481254220009,
        0.0014928793534636497,
        0.05275774002075195,
        -0.06580100208520889,
        0.20201319456100464,
        0.08443071693181992,
        -0.14026707410812378,
        -0.10098442435264587,
        0.07509152591228485,
        0.20711442828178406,
        -0.04182668402791023,
        -0.07524099200963974,
        0.27517369389533997,
        -0.4958115220069885,
        -0.2529905438423157,
        -0.10059618204832077,
        0.24755221605300903,
        0.10679427534341812,
        -0.08304428309202194,
        -1.6279585361480713,
        0.6878944039344788,
        0.030754737555980682,
        0.25406578183174133,
        0.10606012493371964,
        0.31097301840782166,
        -0.3127048909664154,
        -0.08987250179052353,
        0.05540676414966583,
        -0.20481400191783905,
        0.1609615683555603
    ],
    "transl": [
        0.2109287530183792,
        1.58814537525177,
        -0.13534308969974518
    ],
    "left_hand_pose": [
        0.0892680436372757,
        0.47981756925582886,
        -0.044052623212337494,
        0.03009950742125511,
        0.46745285391807556,
        0.6395787000656128,
        -0.5982319116592407,
        -0.7967939972877502,
        -0.00453602708876133,
        -0.4242858290672302,
        0.5076038241386414,
        -0.41389769315719604
    ],
    "right_hand_pose": [
        0.1885642260313034,
        -2.3731998226139694e-05,
        0.3100443482398987,
        -1.114158034324646,
        1.210342288017273,
        0.3644754886627197,
        0.8358126878738403,
        -0.7861979007720947,
        0.07321471720933914,
        -1.064217209815979,
        0.6701124906539917,
        -1.4663052558898926
    ],
    "jaw_pose": [
        0.006219177506864071,
        0.010087053291499615,
        0.03960711508989334
    ],
    "leye_pose": [
        0.6244327425956726,
        0.833872377872467,
        -0.23324602842330933
    ],
    "reye_pose": [
        -0.6336460113525391,
        0.13745622336864471,
        -0.41392454504966736
    ],
    "expression": [
        -0.09935275465250015,
        0.613836407661438,
        0.28611108660697937,
        0.8192031383514404,
        -0.4173703193664551,
        -0.08728266507387161,
        -0.1428086906671524,
        0.6971715688705444,
        0.11966997385025024,
        -0.020585864782333374
    ]
}