{
    "betas": [
        1.2834957838058472,
        -0.8310562968254089,
        0.95985347032547,
        -0.1249522790312767,
        -0.030146000906825066,
        -0.03759993985295296,
        0.7188104391098022,
        -1.0340420007705688,
        -0.02436959184706211,
        -2.166714668273926
    ],
    "global_orient": [
        -0.17145192623138428,
        -0.03911985084414482,
        -0.11859499663114548
    ],
    "body_pose": [
        -0.26361048221588135,
        0.5904883742332458,
        0.06506288051605225,
        -0.2505611181259155,
        -0.2042882889509201,
        0.05757172405719757,
        0.014611967839300632,
        -0.07209908962249756,
        -0.0190559234470129,
        0.7159703969955444,
        -0.5034459233283997,
        0.37552061676979065,
        0.780193567276001,
        -0.012983951717615128,
        -0.09252800047397614,
        0.28587454557418823,
        0.006587879732251167,
        0.005708910990506411,
        -0.29167455434799194,
        -0.1296083778142929,
        6.873808047203056e-07,
        -0.09914984554052353,
        -0.15126103162765503,
        7.056808044580976e-07,
        -0.03386028856039047,
        -0.041749197989702225,
        0.040437571704387665,
        -5.344484179659048e-07,
        1.1301584663669928e-06,
        2.857501840480836e-06,
        -3.19298646900279e-06,
        1.0738868922999245e-06,
        9.532703302284062e-07,
        -0.049167949706315994,
        0.11436378955841064,
        0.02855711244046688,
        -0.24023497104644775,
        -0.1161736398935318,
        0.1642732471227646,
        -0.2655221223831177,
        -0.05659861117601395,
        0.12755529582500458,
        0.20998308062553406,
        -0.1192953810095787,
        -0.10135914385318756,
        -0.11975365877151489,
        -0.6157230734825134,
        -0.23168164491653442,
        -0.19301268458366394,
        0.5115146636962891,
        -0.12051500380039215,
        -0.3116277754306793,
        -0.7225759029388428,
        0.14926385879516602,
        -0.3304237425327301,
        1.422037124633789,
        -1.9416414499282837,
        0.03379019349813461,
        -0.04269879683852196,
        -0.11517372727394104,
        -0.9283221960067749,
        0.20180001854896545,
        -0.20040735602378845
    ],
    "transl": [
        0.0881572738289833,
        1.5233262777328491,
        -0.10213710367679596
    ],
    "left_hand_pose": [
        -2.3608386516571045,
        1.254259705543518,
        -1.592578649520874,
        -1.1601272821426392,
        -0.5399907827377319,
        3.3172669410705566,
        -0.029662955552339554,
        -1.480911135673523,
        -0.5633273124694824,
        -0.19536344707012177,
        1.0222108364105225,
        -1.8999427556991577
    ],
    "right_hand_pose": [
        -3.436728000640869,
        0.45327529311180115,
        -0.562921404838562,
        -0.5567775368690491,
        -1.9785791635513306,
        2.140087366104126,
        1.0848658084869385,
        -0.3814699649810791,
        -0.5965977907180786,
        0.541186511516571,
        3.553436517715454,
        -1.6562970876693726
    ],
    "jaw_pose": [
        0.039318837225437164,
        0.007809685543179512,
        0.008061535656452179
    ],
    "leye_pose": [
        -0.30572667717933655,
        0.4937978684902191,
        0.6651777029037476
    ],
    "reye_pose": [
        0.12272102385759354,
        -0.9649427533149719,
        -3.1371166706085205
    ],
    "expression": [
        0.2506032884120941,
        0.6032363176345825,
        0.3720746338367462,
        0.22064323723316193,
        -0.3102603256702423,
        -0.20667381584644318,
        0.09264162927865982,
        0.46005046367645264,
        -0.13249367475509644,
        -0.10526787489652634
    ]
}