{
    "betas": [
        0.5420816540718079,
        -0.23608915507793427,
        0.042079366743564606,
        -0.2878550589084625,
        0.19201117753982544,
        -0.04403826594352722,
        0.9996157288551331,
        -1.1531343460083008,
        -0.13879521191120148,
        -2.154083490371704
    ],
    "global_orient": [
        -0.03522058203816414,
        0.94216388463974,
        -0.0757589265704155
    ],
    "body_pose": [
        -0.14882099628448486,
        0.1939079463481903,
        -0.02785513550043106,
        0.22497613728046417,
        0.6023843884468079,
        -0.0024271889124065638,
        -0.04507667198777199,
        0.26580512523651123,
        0.07310518622398376,
        0.20443585515022278,
        -0.9003996253013611,
        0.0719628855586052,
        0.22053262591362,
        -0.004137261305004358,
        0.08629840612411499,
        0.12482631206512451,
        0.12305184453725815,
        -0.031155280768871307,
        -0.01509097870439291,
        -0.3366240859031677,
        -1.4529501868310035e-06,
        0.2550525367259979,
        -0.41625604033470154,
        -1.6476938071718905e-06,
        -0.11117500811815262,
        -0.12534625828266144,
        -0.006435404997318983,
        6.153533831820823e-06,
        3.329155788378557e-06,
        1.53286202930758e-06,
        3.265904524596408e-07,
        2.394035618635826e-06,
        -7.232252983158105e-07,
        0.06433861702680588,
        -0.46129077672958374,
        0.13563476502895355,
        -0.29594069719314575,
        0.08860839158296585,
        0.07611759006977081,
        -0.34894558787345886,
        0.07099014520645142,
        -0.11622411012649536,
        0.14331495761871338,
        -0.4754113256931305,
        -0.0251312255859375,
        -0.1987893432378769,
        -0.10007847845554352,
        -0.14771445095539093,
        -0.40971630811691284,
        0.25910207629203796,
        -0.045932333916425705,
        -0.1632940024137497,
        -0.01646408811211586,
        -0.07350313663482666,
        -0.4102939963340759,
        -0.11802682280540466,
        0.02659863419830799,
        0.07338135689496994,
        0.04142632335424423,
        -0.09707722067832947,
        -0.11388657987117767,
        -0.11255920678377151,
        0.11013925820589066
    ],
    "transl": [
        0.2037775069475174,
        1.6105124950408936,
        -0.10898388922214508
    ],
    "left_hand_pose": [
        -2.079439163208008,
        1.4293731451034546,
        -0.5940849781036377,
        -2.198444128036499,
        0.8282110095024109,
        2.626376152038574,
        0.4337994456291199,
        -1.5473710298538208,
        -1.3774129152297974,
        -0.624870777130127,
        0.04666818305850029,
        -0.7797515392303467
    ],
    "right_hand_pose": [
        -2.7886035442352295,
        0.6421447396278381,
        -1.333400845527649,
        -1.0291589498519897,
        2.0209925174713135,
        -0.203606516122818,
        0.4542546570301056,
        2.5446858406066895,
        -0.799604594707489,
        -1.0317736864089966,
        2.850177526473999,
        -1.7750605344772339
    ],
    "jaw_pose": [
        0.1617620289325714,
        -0.011955654248595238,
        0.04444311559200287
    ],
    "leye_pose": [
        0.6106597781181335,
        0.6703621745109558,
        0.06137429177761078
    ],
    "reye_pose": [
        -0.09679004549980164,
        -1.2157520055770874,
        -3.422598361968994
    ],
    "expression": [
        0.41191112995147705,
        -0.18166543543338776,
        0.05453791469335556,
        -0.22120879590511322,
        -0.45754843950271606,
        -0.35100263357162476,
        0.03834517300128937,
        0.8635491728782654,
        -0.24495387077331543,
        0.05917065590620041
    ]
}