{
    "betas": [
        1.2380235195159912,
        -0.5690762996673584,
        0.7879500985145569,
        -0.3636988401412964,
        0.13943858444690704,
        -0.0911778137087822,
        0.06246794015169144,
        -0.5233023166656494,
        -0.4372886121273041,
        -2.266998767852783
    ],
    "global_orient": [
        -0.18414142727851868,
        -0.114763043820858,
        -0.04562053084373474
    ],
    "body_pose": [
        -0.10955050587654114,
        0.2619169354438782,
        0.0008044654969125986,
        -0.18772591650485992,
        -0.2688453197479248,
        -0.01631017029285431,
        0.023293472826480865,
        0.08607622236013412,
        0.030400844290852547,
        0.6349846720695496,
        -0.2967400848865509,
        0.08316254615783691,
        0.6322543025016785,
        0.13806086778640747,
        -0.1671929508447647,
        0.3083079755306244,
        -0.0048044947907328606,
        -0.030780963599681854,
        -0.1704373061656952,
        0.1816662847995758,
        2.9402242489595665e-06,
        -0.06277230381965637,
        -0.07519131153821945,
        -2.1976068182993913e-06,
        -0.02042636089026928,
        -0.08435516059398651,
        0.04706232622265816,
        4.81489450976369e-06,
        2.8622278023249237e-06,
        5.5403147598553915e-06,
        7.583371370856185e-07,
        1.093346895686409e-06,
        -1.2520264647264412e-07,
        0.16303302347660065,
        0.06286962330341339,
        0.17421142756938934,
        -0.31157398223876953,
        -0.07843884825706482,
        0.21409308910369873,
        -0.2615918219089508,
        -0.011938836425542831,
        -0.188349649310112,
        0.3432581424713135,
        -0.0676577091217041,
        -0.11668695509433746,
        -0.1962054967880249,
        -0.4028529226779938,
        -0.2159488946199417,
        -0.2891925871372223,
        0.5979399681091309,
        -0.23659947514533997,
        -0.3419528901576996,
        -0.7855944037437439,
        0.8440375328063965,
        -0.2570468783378601,
        1.1415456533432007,
        -1.1610064506530762,
        -0.19950512051582336,
        -0.03785967081785202,
        -0.17137707769870758,
        -0.7277916073799133,
        -0.034691669046878815,
        -0.37670469284057617
    ],
    "transl": [
        0.1119990348815918,
        1.5450941324234009,
        -0.10118483752012253
    ],
    "left_hand_pose": [
        -3.4820992946624756,
        0.2836708426475525,
        -1.7736011743545532,
        -1.4833052158355713,
        -1.8532568216323853,
        3.4789438247680664,
        -0.9634408354759216,
        -0.05611984431743622,
        2.7340400218963623,
        1.25581955909729,
        3.7176833152770996,
        -4.2918925285339355
    ],
    "right_hand_pose": [
        -3.4409680366516113,
        0.9591993093490601,
        0.7774626016616821,
        -1.4050960540771484,
        -1.4253711700439453,
        1.2992208003997803,
        1.2529791593551636,
        -1.0580333471298218,
        -1.7188005447387695,
        0.5742449760437012,
        4.452205181121826,
        0.1531262993812561
    ],
    "jaw_pose": [
        -0.018398484215140343,
        0.005741639528423548,
        0.0037199691869318485
    ],
    "leye_pose": [
        0.08936898410320282,
        0.5159901976585388,
        0.5613407492637634
    ],
    "reye_pose": [
        -0.12793725728988647,
        -0.5489134788513184,
        -2.2146859169006348
    ],
    "expression": [
        0.5232705473899841,
        0.5527331829071045,
        0.03191812336444855,
        0.9361963868141174,
        -0.16054509580135345,
        -0.06807053834199905,
        -0.07297813892364502,
        0.41195404529571533,
        -0.22123131155967712,
        0.06908593326807022
    ]
}