{
    "betas": [
        0.6785110235214233,
        -0.6557343602180481,
        0.7012937068939209,
        -0.398972749710083,
        0.15382888913154602,
        -0.14161525666713715,
        1.0625985860824585,
        -1.0383524894714355,
        -0.08810469508171082,
        -1.5567831993103027
    ],
    "global_orient": [
        -0.14838984608650208,
        0.18205542862415314,
        0.13483105599880219
    ],
    "body_pose": [
        0.10523290187120438,
        0.2650446593761444,
        -0.2555259168148041,
        -0.4006343185901642,
        -0.4968979060649872,
        0.27245616912841797,
        0.18994416296482086,
        0.004584028385579586,
        -0.09439317137002945,
        0.25720730423927307,
        -0.4322010278701782,
        0.01019839383661747,
        0.40832093358039856,
        0.1489475816488266,
        -0.05940835922956467,
        0.059877049177885056,
        0.042581815272569656,
        -0.016838883981108665,
        -0.11936158686876297,
        0.04128008708357811,
        5.734847491112305e-06,
        0.37961748242378235,
        -0.4215919077396393,
        -9.03056024981197e-06,
        -0.07859893888235092,
        -0.0387929305434227,
        0.05522875487804413,
        5.649045306199696e-06,
        3.13362079396029e-06,
        5.56494796910556e-06,
        1.65113829098118e-06,
        9.770332098923973e-07,
        -6.671204573649447e-06,
        0.06179685518145561,
        -0.08540608733892441,
        0.14100176095962524,
        -0.08627019077539444,
        0.10030826926231384,
        0.0996924638748169,
        -0.19830608367919922,
        0.15765437483787537,
        0.0694102868437767,
        0.21316994726657867,
        -0.10205231606960297,
        -0.11059708893299103,
        -0.058885522186756134,
        -0.023013342171907425,
        -0.18640397489070892,
        -0.0026302326004952192,
        1.0288537740707397,
        0.0001777579018380493,
        -0.06171444058418274,
        -0.014291206374764442,
        -0.09488435089588165,
        -0.0014898357912898064,
        1.5743787288665771,
        0.13226088881492615,
        0.1243017390370369,
        0.10513553023338318,
        -0.12119901925325394,
        -0.05191541463136673,
        0.1558683067560196,
        0.28373220562934875
    ],
    "transl": [
        0.23457875847816467,
        1.5824885368347168,
        -0.0911737009882927
    ],
    "left_hand_pose": [
        0.11933332681655884,
        0.25540295243263245,
        0.06671696156263351,
        -0.26354992389678955,
        0.8603561520576477,
        0.7272030115127563,
        -0.5073800086975098,
        -0.9504400491714478,
        0.6739810705184937,
        -0.3135022222995758,
        0.23736754059791565,
        -0.20665886998176575
    ],
    "right_hand_pose": [
        0.24096450209617615,
        0.4610134959220886,
        0.4141613841056824,
        -1.304673671722412,
        1.3128587007522583,
        -0.11502488702535629,
        0.7035545110702515,
        -0.5408618450164795,
        0.3629133701324463,
        -1.758368968963623,
        0.011625345796346664,
        -4.117247104644775
    ],
    "jaw_pose": [
        -0.0026513487100601196,
        0.009473319165408611,
        0.03227471932768822
    ],
    "leye_pose": [
        0.6091530323028564,
        0.9115172028541565,
        -0.5704464316368103
    ],
    "reye_pose": [
        -0.43163153529167175,
        0.288384348154068,
        -0.34147971868515015
    ],
    "expression": [
        -1.1294742822647095,
        0.16027678549289703,
        0.28320547938346863,
        1.078077793121338,
        -0.5495359301567078,
        -0.20652540028095245,
        -0.20639973878860474,
        0.6743387579917908,
        0.23448334634304047,
        0.2695205807685852
    ]
}