{
    "betas": [
        0.7656307816505432,
        -0.5247274041175842,
        0.7241294384002686,
        -0.26135480403900146,
        0.1559944748878479,
        -0.0970555916428566,
        1.1183043718338013,
        -0.6270689964294434,
        -0.007240253034979105,
        -1.8426835536956787
    ],
    "global_orient": [
        -0.11571838706731796,
        0.31498831510543823,
        -0.11688501387834549
    ],
    "body_pose": [
        0.004660007078200579,
        0.20365436375141144,
        0.034743331372737885,
        -0.5156390070915222,
        -0.22968335449695587,
        0.07336951792240143,
        0.18542452156543732,
        -0.23892706632614136,
        0.10761208087205887,
        0.16614361107349396,
        -0.538766622543335,
        0.006119131110608578,
        0.9507861137390137,
        0.28116175532341003,
        -0.22557465732097626,
        0.06576339155435562,
        -0.09779810905456543,
        -0.061656419187784195,
        0.09560276567935944,
        -0.0393737331032753,
        2.0822478745685657e-06,
        0.4173109233379364,
        -0.06761764734983444,
        -2.0444074380066013e-06,
        -0.02506299503147602,
        -0.03346053138375282,
        0.030962977558374405,
        5.220649654802401e-06,
        3.0201820209185826e-06,
        4.14291343986406e-06,
        -1.110337333187772e-08,
        2.0352558749436866e-06,
        6.895514843563433e-07,
        0.013097349554300308,
        0.04619232937693596,
        0.1441858559846878,
        -0.1507328301668167,
        0.16648785769939423,
        0.07017961144447327,
        -0.11487966030836105,
        -0.053389448672533035,
        0.007512941490858793,
        0.24322843551635742,
        -0.06016535684466362,
        -0.04989404231309891,
        0.1425773948431015,
        -0.2817732095718384,
        -0.12609241902828217,
        -0.03737969696521759,
        0.5749297738075256,
        0.1737968474626541,
        -0.07851915061473846,
        -0.62538743019104,
        0.017406422644853592,
        0.05513530597090721,
        0.7754856944084167,
        0.011719455011188984,
        0.5131838917732239,
        -0.13719673454761505,
        -0.016503946855664253,
        0.040453825145959854,
        -0.09001537412405014,
        0.08301278948783875
    ],
    "transl": [
        0.22030217945575714,
        1.6161472797393799,
        -0.11700885742902756
    ],
    "left_hand_pose": [
        0.17729178071022034,
        0.19728727638721466,
        0.42585253715515137,
        -0.7401497960090637,
        1.0219440460205078,
        0.5120977759361267,
        0.8181915283203125,
        -1.463755488395691,
        -0.8151533007621765,
        -1.241089105606079,
        0.9329725503921509,
        -0.6927706599235535
    ],
    "right_hand_pose": [
        0.24696803092956543,
        0.3375757932662964,
        0.2552871108055115,
        -1.4595651626586914,
        0.6683604121208191,
        -0.45002084970474243,
        1.7883365154266357,
        -0.3642469346523285,
        -0.6346773505210876,
        -0.7063832879066467,
        1.8043991327285767,
        -0.9330330491065979
    ],
    "jaw_pose": [
        -0.01029546931385994,
        0.004172738641500473,
        0.012451312504708767
    ],
    "leye_pose": [
        0.5265941023826599,
        0.9277408123016357,
        -0.5761169195175171
    ],
    "reye_pose": [
        -0.3923603296279907,
        0.12919588387012482,
        -0.17797325551509857
    ],
    "expression": [
        -0.9544385075569153,
        0.36016595363616943,
        0.30338507890701294,
        0.8388408422470093,
        -0.4739702641963959,
        -0.2972332537174225,
        -0.06868536025285721,
        0.4505148231983185,
        0.16616804897785187,
        0.3073763847351074
    ]
}