{
    "betas": [
        1.325391173362732,
        -0.46785232424736023,
        0.8409597873687744,
        -0.1864415407180786,
        0.2541123330593109,
        -0.1726483404636383,
        0.21973301470279694,
        -0.8973638415336609,
        -0.543253481388092,
        -2.298318862915039
    ],
    "global_orient": [
        -0.20375405251979828,
        -0.05280624330043793,
        -0.06454802304506302
    ],
    "body_pose": [
        -0.1718333214521408,
        0.47168242931365967,
        0.014079507440328598,
        -0.21149630844593048,
        -0.34424784779548645,
        0.014064071699976921,
        0.018981672823429108,
        -0.003794795135036111,
        0.03541653975844383,
        0.7210819721221924,
        -0.424325555562973,
        0.2453458607196808,
        0.7343600988388062,
        0.14293023943901062,
        -0.22182528674602509,
        0.2982119917869568,
        0.075114905834198,
        -0.0973212718963623,
        -0.24588806927204132,
        0.022273899987339973,
        1.1020728152288939e-06,
        -0.08779097348451614,
        -0.09329445660114288,
        1.3326933867574553e-06,
        0.028915230184793472,
        -0.08627329766750336,
        0.0775069072842598,
        2.6700733997131465e-06,
        2.3087759473128244e-06,
        4.130113666178659e-06,
        -1.1477716270746896e-06,
        1.4623842616856564e-06,
        2.7360593435332703e-07,
        0.1660851389169693,
        0.1447610855102539,
        0.11775970458984375,
        -0.30285537242889404,
        -0.13444383442401886,
        0.27999141812324524,
        -0.2668665945529938,
        -0.04368514195084572,
        -0.11882859468460083,
        0.3371170163154602,
        -0.15816153585910797,
        -0.10039821267127991,
        -0.279413104057312,
        -0.466193825006485,
        -0.0005044110585004091,
        -0.26568299531936646,
        0.49666061997413635,
        -0.13505268096923828,
        -0.42660999298095703,
        -0.655370831489563,
        0.641987681388855,
        -0.2356892228126526,
        1.246688723564148,
        -1.3743940591812134,
        -0.11153439432382584,
        0.03243480995297432,
        -0.11241129040718079,
        -0.7623200416564941,
        -0.010777490213513374,
        -0.37032604217529297
    ],
    "transl": [
        0.10755342245101929,
        1.5236093997955322,
        -0.09679138660430908
    ],
    "left_hand_pose": [
        -3.3682382106781006,
        0.3401801288127899,
        -1.7971887588500977,
        -1.7588390111923218,
        -1.469710350036621,
        3.4264276027679443,
        -0.9415119886398315,
        -0.3034817576408386,
        1.8300752639770508,
        0.640397310256958,
        3.1296746730804443,
        -4.82822322845459
    ],
    "right_hand_pose": [
        -3.3995485305786133,
        1.0938706398010254,
        0.6963399648666382,
        -1.4234036207199097,
        -1.4321542978286743,
        1.3914963006973267,
        1.4739453792572021,
        -1.1059664487838745,
        -1.3529611825942993,
        0.568219006061554,
        4.384644031524658,
        0.23542551696300507
    ],
    "jaw_pose": [
        -0.01205324474722147,
        -0.004482701886445284,
        0.01806678995490074
    ],
    "leye_pose": [
        -0.12060239911079407,
        0.3103349208831787,
        0.7709203362464905
    ],
    "reye_pose": [
        0.273158997297287,
        -0.12866447865962982,
        -2.5593435764312744
    ],
    "expression": [
        0.32980433106422424,
        0.44946300983428955,
        0.13243423402309418,
        0.9735479354858398,
        -0.14685127139091492,
        -0.09903587400913239,
        -0.14961503446102142,
        0.4445713460445404,
        -0.15797770023345947,
        0.16804522275924683
    ]
}