{
    "betas": [
        1.4360517263412476,
        -0.5318248271942139,
        0.8559863567352295,
        -0.2172461599111557,
        0.16118130087852478,
        -0.18077433109283447,
        0.35649165511131287,
        -1.1322671175003052,
        -0.5587601065635681,
        -2.294128179550171
    ],
    "global_orient": [
        -0.22485624253749847,
        -0.04987689480185509,
        -0.08594761788845062
    ],
    "body_pose": [
        -0.18163135647773743,
        0.5713054537773132,
        0.043863411992788315,
        -0.1968929022550583,
        -0.15141788125038147,
        0.05073464661836624,
        0.03661998733878136,
        -0.016576966270804405,
        0.04795680567622185,
        0.7387184500694275,
        -0.4238626956939697,
        0.34420695900917053,
        0.7986969947814941,
        0.02425512485206127,
        -0.15638801455497742,
        0.29377663135528564,
        0.0375119224190712,
        -0.07302723079919815,
        -0.3115053176879883,
        -0.1035378947854042,
        6.474757583418977e-07,
        -0.10359533131122589,
        -0.2353907823562622,
        1.1246763733652188e-06,
        0.03351018205285072,
        -7.631285552633926e-05,
        -0.01102481596171856,
        2.3089786793661915e-07,
        1.5136874935706146e-06,
        3.4360878089501057e-06,
        -1.9396525203774218e-06,
        9.758953183336416e-07,
        6.481235459432355e-07,
        0.17975178360939026,
        0.08096926659345627,
        0.025969119742512703,
        -0.2924916744232178,
        -0.22533200681209564,
        0.3597202003002167,
        -0.2373957633972168,
        -0.09450242668390274,
        -0.04146908223628998,
        0.3412269353866577,
        -0.12150723487138748,
        -0.08986052870750427,
        -0.24985317885875702,
        -0.5127442479133606,
        0.201166033744812,
        -0.2188783884048462,
        0.3446696400642395,
        -0.0015961830504238605,
        -0.34297892451286316,
        -0.5777608156204224,
        0.7312198877334595,
        -0.30366358160972595,
        1.1866164207458496,
        -1.202522873878479,
        -0.21338532865047455,
        0.029810680076479912,
        -0.06806810945272446,
        -0.7169154286384583,
        -0.05572900176048279,
        -0.3337406516075134
    ],
    "transl": [
        0.10537918657064438,
        1.5074174404144287,
        -0.09270727634429932
    ],
    "left_hand_pose": [
        -3.367893934249878,
        0.43230772018432617,
        -1.5015740394592285,
        -1.8541064262390137,
        -1.1550692319869995,
        3.357536554336548,
        -0.6157627105712891,
        -0.657298743724823,
        1.1010533571243286,
        0.21610529720783234,
        3.1902668476104736,
        -4.623983860015869
    ],
    "right_hand_pose": [
        -3.3331375122070312,
        1.251930832862854,
        0.3130488991737366,
        -1.6958301067352295,
        -1.0200713872909546,
        1.4714199304580688,
        1.3757728338241577,
        -0.9458863139152527,
        -0.9176757335662842,
        0.2725652754306793,
        3.9349496364593506,
        -0.469138503074646
    ],
    "jaw_pose": [
        -0.01315675862133503,
        -0.01088675670325756,
        0.04300354793667793
    ],
    "leye_pose": [
        -0.5272578597068787,
        0.41354188323020935,
        1.1846613883972168
    ],
    "reye_pose": [
        0.15422865748405457,
        -0.023779146373271942,
        -2.6035916805267334
    ],
    "expression": [
        0.47964659333229065,
        0.5773205161094666,
        0.06900576502084732,
        0.7502444386482239,
        -0.07111174613237381,
        0.03323126956820488,
        -0.15734997391700745,
        0.4932045340538025,
        -0.05989664047956467,
        0.15578117966651917
    ]
}