{
    "betas": [
        1.0266190767288208,
        -0.3886614739894867,
        0.80037921667099,
        -0.28372475504875183,
        0.24248988926410675,
        -0.22557444870471954,
        0.21450383961200714,
        -0.9433906674385071,
        -0.8638397455215454,
        -2.127838373184204
    ],
    "global_orient": [
        -0.1630077064037323,
        -0.03352194279432297,
        -0.0888136550784111
    ],
    "body_pose": [
        -0.17173029482364655,
        0.44195491075515747,
        0.03853410482406616,
        -0.1656026393175125,
        -0.15822909772396088,
        0.0443718396127224,
        0.041455160826444626,
        -0.07158364355564117,
        0.033868394792079926,
        0.6312589645385742,
        -0.4743615984916687,
        0.18582436442375183,
        0.6189725995063782,
        0.10563366115093231,
        -0.09462870657444,
        0.2587052881717682,
        0.026531675830483437,
        -0.10404963046312332,
        -0.22424428164958954,
        0.06741493940353394,
        3.1894119274511468e-06,
        -0.08781052380800247,
        -0.2974615693092346,
        -1.5652058209525421e-06,
        -0.07146377116441727,
        -0.028995268046855927,
        0.03446725383400917,
        3.237622877350077e-06,
        3.5666057556227315e-06,
        5.9588141994026955e-06,
        -1.5712881804574863e-06,
        1.2282808938834933e-06,
        3.048812686756719e-07,
        0.09831126034259796,
        0.23950162529945374,
        0.010395570658147335,
        -0.31260886788368225,
        0.005730642471462488,
        0.32331255078315735,
        -0.24910593032836914,
        -0.006885189097374678,
        -0.05783016234636307,
        0.3505055904388428,
        -0.11023364961147308,
        -0.09324682503938675,
        -0.16403019428253174,
        -0.5449903607368469,
        0.09573772549629211,
        -0.27581483125686646,
        0.2786259651184082,
        -0.04779484495520592,
        -0.5460232496261597,
        -0.8954077363014221,
        0.8164336085319519,
        -0.39287713170051575,
        0.7499552369117737,
        -0.7087062001228333,
        -0.05038171261548996,
        -0.15136557817459106,
        0.23090112209320068,
        -0.8508873581886292,
        -0.05770046263933182,
        -0.2725819945335388
    ],
    "transl": [
        0.11323431134223938,
        1.5524190664291382,
        -0.10071062296628952
    ],
    "left_hand_pose": [
        -4.060584545135498,
        0.38606542348861694,
        -1.426501750946045,
        -0.6028486490249634,
        -3.027158498764038,
        3.0657248497009277,
        -0.08253621309995651,
        0.43402254581451416,
        3.716686487197876,
        1.6699211597442627,
        5.147024154663086,
        -4.593409538269043
    ],
    "right_hand_pose": [
        -3.374281644821167,
        1.2021757364273071,
        -0.17928645014762878,
        -1.9068408012390137,
        -0.9880959391593933,
        1.9172556400299072,
        0.871688187122345,
        -0.9591079950332642,
        -1.1445415019989014,
        -0.3330817222595215,
        3.1747899055480957,
        -2.4332194328308105
    ],
    "jaw_pose": [
        -0.014746160246431828,
        -7.4223976298526395e-06,
        0.04800267890095711
    ],
    "leye_pose": [
        0.07430226355791092,
        0.722007155418396,
        0.5021826028823853
    ],
    "reye_pose": [
        -0.5655551552772522,
        0.26767635345458984,
        -0.7319363355636597
    ],
    "expression": [
        0.14319093525409698,
        0.41567328572273254,
        -0.23531095683574677,
        0.8798094391822815,
        -0.23928719758987427,
        0.19309590756893158,
        -0.39001578092575073,
        0.7510209679603577,
        -0.07359413057565689,
        0.015554951503872871
    ]
}