{
    "betas": [
        0.6621850728988647,
        -0.7028949856758118,
        0.6649876236915588,
        -0.4695196747779846,
        0.1745491325855255,
        -0.06877800077199936,
        0.7472971677780151,
        -0.6580158472061157,
        -0.08699400722980499,
        -1.9085708856582642
    ],
    "global_orient": [
        -0.1816762536764145,
        0.4199780225753784,
        0.013984214514493942
    ],
    "body_pose": [
        0.17012673616409302,
        0.15625084936618805,
        -0.08904415369033813,
        -0.5163010358810425,
        -0.22783967852592468,
        0.1450551450252533,
        0.15399916470050812,
        -0.19252514839172363,
        0.017641950398683548,
        0.11173762381076813,
        -0.6032317876815796,
        0.02121032029390335,
        0.668117344379425,
        0.28515246510505676,
        -0.09388504922389984,
        0.12687981128692627,
        -0.09934979677200317,
        -0.027006598189473152,
        0.008645033463835716,
        0.065187007188797,
        3.5074999686912633e-06,
        0.3430132269859314,
        -0.17801214754581451,
        -6.180721356940921e-06,
        -0.06188802048563957,
        -0.05230172723531723,
        0.05689776688814163,
        7.414515948767075e-06,
        3.0589849302486982e-06,
        4.2578076318022795e-06,
        2.3517316094512353e-06,
        2.2156461909617065e-06,
        -3.1562874482915504e-06,
        0.06276918947696686,
        -0.047857850790023804,
        0.14985938370227814,
        -0.16931656002998352,
        0.15577997267246246,
        0.07598123699426651,
        -0.19496986269950867,
        -0.042441386729478836,
        -0.03257446736097336,
        0.19852757453918457,
        -0.05543697625398636,
        -0.0904306024312973,
        0.034023210406303406,
        -0.12479571998119354,
        -0.1504499912261963,
        0.005635453853756189,
        0.8271175026893616,
        0.3101634979248047,
        -0.040167003870010376,
        -0.3780208230018616,
        -0.05109550803899765,
        0.0642261877655983,
        1.2358288764953613,
        0.03081582672894001,
        0.4182957708835602,
        -0.07564040273427963,
        -0.10616638511419296,
        0.05079713091254234,
        -0.06404880434274673,
        0.15083098411560059
    ],
    "transl": [
        0.22300733625888824,
        1.6071394681930542,
        -0.08941912651062012
    ],
    "left_hand_pose": [
        0.1535075306892395,
        -0.00817195139825344,
        0.3127622902393341,
        -0.6952951550483704,
        1.7790950536727905,
        1.4079047441482544,
        -0.438766747713089,
        -1.831511378288269,
        -0.5247933864593506,
        -1.0199394226074219,
        0.6553834080696106,
        -0.2501222789287567
    ],
    "right_hand_pose": [
        0.1764322966337204,
        0.08460740745067596,
        0.2877664864063263,
        -1.3517241477966309,
        1.5054925680160522,
        0.5518227219581604,
        0.5021957159042358,
        -0.5129509568214417,
        -0.17898127436637878,
        -0.688662588596344,
        0.8437061309814453,
        -0.5939005613327026
    ],
    "jaw_pose": [
        -0.01599299907684326,
        0.009331298992037773,
        0.03457142785191536
    ],
    "leye_pose": [
        0.8194013833999634,
        0.8082400560379028,
        -0.48900532722473145
    ],
    "reye_pose": [
        -0.203915536403656,
        0.23027004301548004,
        -0.36153721809387207
    ],
    "expression": [
        -0.2997450530529022,
        0.40106841921806335,
        0.22768770158290863,
        1.1392605304718018,
        -0.46082666516304016,
        -0.0998174324631691,
        -0.22166641056537628,
        0.6883565783500671,
        0.186994731426239,
        0.2583339214324951
    ]
}