{
    "betas": [
        0.5043323040008545,
        -0.35139113664627075,
        -0.020487990230321884,
        -0.19169007241725922,
        0.3080219328403473,
        -0.08655902743339539,
        0.9098254442214966,
        -1.0783449411392212,
        -0.11210013926029205,
        -1.8176227807998657
    ],
    "global_orient": [
        -0.0227192435413599,
        0.934316873550415,
        -0.06254156678915024
    ],
    "body_pose": [
        -0.14555612206459045,
        0.22095778584480286,
        -0.012919045053422451,
        0.19790643453598022,
        0.6073050498962402,
        -0.009669236838817596,
        -0.03217603266239166,
        0.1854439526796341,
        0.03413832187652588,
        0.1359872817993164,
        -0.8601353764533997,
        0.04941103607416153,
        0.22797347605228424,
        -0.04656999930739403,
        0.08434408158063889,
        0.007183628622442484,
        0.13192248344421387,
        -0.1158783957362175,
        0.006283442955464125,
        -0.37660321593284607,
        -2.0692768885055557e-06,
        0.1930263340473175,
        -0.4416162669658661,
        -2.572041694293148e-06,
        -0.09007051587104797,
        -0.052083972841501236,
        -0.0751124918460846,
        4.374912350613158e-06,
        3.6016808735439554e-06,
        2.3194963887362974e-06,
        3.9876502455626905e-07,
        1.914323775054072e-06,
        -4.6299822997752926e-07,
        0.1494213342666626,
        -0.4685671627521515,
        0.1617298126220703,
        -0.3209426701068878,
        0.12665152549743652,
        0.10135313868522644,
        -0.20017863810062408,
        0.09401427209377289,
        -0.14865583181381226,
        0.12127427756786346,
        -0.5199233293533325,
        -0.029392188414931297,
        -0.113176129758358,
        -0.07977122068405151,
        -0.11072903871536255,
        -0.36699268221855164,
        0.2592931389808655,
        -0.19966557621955872,
        -0.28067925572395325,
        -0.17012888193130493,
        -0.02001141384243965,
        -0.35068079829216003,
        -0.045476533472537994,
        0.019805099815130234,
        0.17000387609004974,
        -0.014927808195352554,
        -0.08213941007852554,
        -0.17801466584205627,
        -0.2024974226951599,
        -0.04228927567601204
    ],
    "transl": [
        0.1866309493780136,
        1.6151797771453857,
        -0.11169745028018951
    ],
    "left_hand_pose": [
        -2.029679775238037,
        1.556090235710144,
        -1.0860296487808228,
        -2.1386947631835938,
        0.7780178189277649,
        2.8476967811584473,
        0.5376076698303223,
        -1.6625579595565796,
        -1.338110327720642,
        -0.6309623122215271,
        0.39317047595977783,
        -0.9834007620811462
    ],
    "right_hand_pose": [
        -2.8196234703063965,
        0.6343360543251038,
        -1.4933980703353882,
        -1.0763918161392212,
        2.029423475265503,
        0.30255499482154846,
        0.34873977303504944,
        2.0927441120147705,
        -0.8670317530632019,
        -1.5272847414016724,
        2.4944376945495605,
        -2.9713757038116455
    ],
    "jaw_pose": [
        0.14777642488479614,
        0.00262445374391973,
        0.03605082258582115
    ],
    "leye_pose": [
        0.16466160118579865,
        0.2487853765487671,
        0.16651740670204163
    ],
    "reye_pose": [
        0.2242700457572937,
        -0.9310928583145142,
        -3.577716588973999
    ],
    "expression": [
        0.4074574410915375,
        -0.13626325130462646,
        0.06995000690221786,
        -0.1492457240819931,
        -0.38878750801086426,
        -0.29258260130882263,
        0.013856410048902035,
        0.7101649641990662,
        -0.28605520725250244,
        -0.016204196959733963
    ]
}