{
    "betas": [
        0.5818978548049927,
        -0.5427411198616028,
        0.7815953493118286,
        -0.4588817059993744,
        0.1288560926914215,
        0.0164493340998888,
        0.8096100687980652,
        -1.0080662965774536,
        -0.026387574151158333,
        -1.78504478931427
    ],
    "global_orient": [
        0.011600752361118793,
        -0.0801033079624176,
        -0.18190573155879974
    ],
    "body_pose": [
        -0.2882082760334015,
        0.22562247514724731,
        0.030873501673340797,
        -0.12800556421279907,
        0.26519766449928284,
        -0.1894589364528656,
        0.15181677043437958,
        0.01867564767599106,
        -0.045354537665843964,
        0.4869679808616638,
        -0.4058937728404999,
        0.11521416157484055,
        0.3281669616699219,
        0.13876181840896606,
        -0.004874176811426878,
        0.10211276262998581,
        -0.08516641706228256,
        0.08572731167078018,
        -0.2033100426197052,
        0.20020721852779388,
        7.552782335551456e-06,
        0.53974449634552,
        -0.09078055620193481,
        -4.50312171551559e-07,
        -0.07022863626480103,
        -0.16176500916481018,
        0.11030491441488266,
        7.5356160778028425e-06,
        4.1610473999753594e-06,
        5.536738171940669e-06,
        1.2751933127219672e-06,
        2.236676834854734e-07,
        1.5727896425232757e-06,
        -0.12149009853601456,
        0.06604184955358505,
        0.07568478584289551,
        -0.0007127440185286105,
        0.2475477010011673,
        0.052532508969306946,
        -0.1548370122909546,
        -0.11878545582294464,
        0.04790714755654335,
        0.2381143569946289,
        0.05354834347963333,
        -0.06309583783149719,
        0.3870910406112671,
        -0.5002608299255371,
        -0.29458338022232056,
        -0.1548530012369156,
        0.20913012325763702,
        0.1263548880815506,
        -0.12520945072174072,
        -1.8355307579040527,
        0.7601754665374756,
        0.0807838886976242,
        0.05137834697961807,
        0.08292454481124878,
        0.3617227375507355,
        -0.365390419960022,
        -0.06195032596588135,
        0.16950193047523499,
        -0.3078153431415558,
        0.13542434573173523
    ],
    "transl": [
        0.17592905461788177,
        1.588011622428894,
        -0.1328190267086029
    ],
    "left_hand_pose": [
        -0.006276528816670179,
        0.7127792239189148,
        -0.20483045279979706,
        -0.4906410574913025,
        0.33106479048728943,
        1.1234087944030762,
        0.15225808322429657,
        -1.0679341554641724,
        0.901573896408081,
        -0.4717118442058563,
        0.16492772102355957,
        -0.6925615668296814
    ],
    "right_hand_pose": [
        0.29003840684890747,
        0.22101961076259613,
        0.31535443663597107,
        -1.2942721843719482,
        1.3972904682159424,
        0.5498898029327393,
        1.1009782552719116,
        -1.0704219341278076,
        -0.5503798127174377,
        -1.1765837669372559,
        0.399228036403656,
        -0.6847686171531677
    ],
    "jaw_pose": [
        -0.019201232120394707,
        0.018061701208353043,
        0.01070744264870882
    ],
    "leye_pose": [
        0.40529656410217285,
        0.5786553621292114,
        -0.7867090106010437
    ],
    "reye_pose": [
        -0.31791356205940247,
        0.11684198677539825,
        -0.037387847900390625
    ],
    "expression": [
        -0.37931308150291443,
        0.48592978715896606,
        0.03219759464263916,
        0.7902950048446655,
        -0.5319105386734009,
        -0.05630917474627495,
        -0.23969925940036774,
        0.45836538076400757,
        0.010593559592962265,
        0.12187863141298294
    ]
}